[18-Apr-2022 10:01:43 Asia/Jakarta] PHP Fatal error:  Uncaught TypeError: sqlsrv_query(): Argument #1 ($conn) must be of type resource, bool given in D:\nial_app\laporan\view.php:184
Stack trace:
#0 D:\nial_app\laporan\view.php(184): sqlsrv_query(false, 'SELECT * FROM l...')
#1 {main}
  thrown in D:\nial_app\laporan\view.php on line 184
[18-Apr-2022 12:00:02 Asia/Jakarta] PHP Parse error:  syntax error, unexpected token "<" in D:\nial_app\laporan\proses.php on line 21
[18-Apr-2022 12:05:10 Asia/Jakarta] PHP Fatal error:  Uncaught Error: Call to undefined function alert() in D:\nial_app\laporan\proses.php:21
Stack trace:
#0 D:\nial_app\laporan\index.php(7): include()
#1 {main}
  thrown in D:\nial_app\laporan\proses.php on line 21
[09-May-2022 11:56:31 Asia/Jakarta] PHP Warning:  Undefined array key "perbaikan" in D:\nial_app\kotak-saran-emr\view.php on line 206
[09-May-2022 11:56:31 Asia/Jakarta] PHP Warning:  Undefined array key "lokasi" in D:\nial_app\kotak-saran-emr\view.php on line 207
[09-May-2022 11:56:31 Asia/Jakarta] PHP Warning:  Undefined array key "analisis" in D:\nial_app\kotak-saran-emr\view.php on line 208
[09-May-2022 11:56:31 Asia/Jakarta] PHP Warning:  Undefined array key "penanganan" in D:\nial_app\kotak-saran-emr\view.php on line 209
[09-May-2022 11:56:31 Asia/Jakarta] PHP Warning:  Undefined array key "keterangan" in D:\nial_app\kotak-saran-emr\view.php on line 210
[09-May-2022 11:57:08 Asia/Jakarta] PHP Warning:  Undefined array key "lokasi" in D:\nial_app\kotak-saran-emr\view.php on line 208
[09-May-2022 11:57:41 Asia/Jakarta] PHP Warning:  Undefined array key "ayanan" in D:\nial_app\kotak-saran-emr\view.php on line 208
[14-May-2022 09:08:24 Asia/Jakarta] PHP Warning:  Undefined array key "action" in D:\nial_app\kotak-saran-emr\view.php on line 212
[14-May-2022 09:09:20 Asia/Jakarta] PHP Warning:  Undefined array key "action" in D:\nial_app\kotak-saran-emr\view.php on line 212
[14-May-2022 09:09:20 Asia/Jakarta] PHP Warning:  Undefined array key "action" in D:\nial_app\kotak-saran-emr\view.php on line 212
[14-May-2022 09:09:20 Asia/Jakarta] PHP Warning:  Undefined array key "action" in D:\nial_app\kotak-saran-emr\view.php on line 212
[14-May-2022 09:09:20 Asia/Jakarta] PHP Warning:  Undefined array key "action" in D:\nial_app\kotak-saran-emr\view.php on line 212
[14-May-2022 09:09:20 Asia/Jakarta] PHP Warning:  Undefined array key "action" in D:\nial_app\kotak-saran-emr\view.php on line 212
[14-May-2022 09:09:20 Asia/Jakarta] PHP Warning:  Undefined array key "action" in D:\nial_app\kotak-saran-emr\view.php on line 212
[14-May-2022 09:09:20 Asia/Jakarta] PHP Warning:  Undefined array key "action" in D:\nial_app\kotak-saran-emr\view.php on line 212
[14-May-2022 09:09:20 Asia/Jakarta] PHP Warning:  Undefined array key "action" in D:\nial_app\kotak-saran-emr\view.php on line 212
[14-May-2022 09:09:20 Asia/Jakarta] PHP Warning:  Undefined array key "action" in D:\nial_app\kotak-saran-emr\view.php on line 212
[14-May-2022 09:09:20 Asia/Jakarta] PHP Warning:  Undefined array key "action" in D:\nial_app\kotak-saran-emr\view.php on line 212
[14-May-2022 09:09:20 Asia/Jakarta] PHP Warning:  Undefined array key "action" in D:\nial_app\kotak-saran-emr\view.php on line 212
[14-May-2022 09:09:20 Asia/Jakarta] PHP Warning:  Undefined array key "action" in D:\nial_app\kotak-saran-emr\view.php on line 212
[14-May-2022 09:09:20 Asia/Jakarta] PHP Warning:  Undefined array key "action" in D:\nial_app\kotak-saran-emr\view.php on line 212
[17-May-2022 10:09:47 Asia/Jakarta] PHP Warning:  Undefined array key "action" in D:\nial_app\kotak-saran-emr\view.php on line 212
[17-May-2022 10:09:47 Asia/Jakarta] PHP Warning:  Undefined array key "action" in D:\nial_app\kotak-saran-emr\view.php on line 212
[17-May-2022 10:47:13 Asia/Jakarta] PHP Fatal error:  Uncaught TypeError: sqlsrv_fetch_array(): supplied resource is not a valid ss_sqlsrv_stmt resource in D:\nial_app\kotak-saran-emr\view.php:201
Stack trace:
#0 D:\nial_app\kotak-saran-emr\view.php(201): sqlsrv_fetch_array(Resource id #6)
#1 {main}
  thrown in D:\nial_app\kotak-saran-emr\view.php on line 201
[17-May-2022 10:47:59 Asia/Jakarta] PHP Fatal error:  Uncaught TypeError: sqlsrv_fetch_array(): supplied resource is not a valid ss_sqlsrv_stmt resource in D:\nial_app\kotak-saran-emr\view.php:201
Stack trace:
#0 D:\nial_app\kotak-saran-emr\view.php(201): sqlsrv_fetch_array(Resource id #6)
#1 {main}
  thrown in D:\nial_app\kotak-saran-emr\view.php on line 201
[17-May-2022 10:48:06 Asia/Jakarta] PHP Fatal error:  Uncaught TypeError: sqlsrv_fetch_array(): supplied resource is not a valid ss_sqlsrv_stmt resource in D:\nial_app\kotak-saran-emr\view.php:201
Stack trace:
#0 D:\nial_app\kotak-saran-emr\view.php(201): sqlsrv_fetch_array(Resource id #6)
#1 {main}
  thrown in D:\nial_app\kotak-saran-emr\view.php on line 201
[17-May-2022 10:49:07 Asia/Jakarta] PHP Warning:  Undefined variable $data in D:\nial_app\kotak-saran-emr\view.php on line 226
[17-May-2022 10:49:07 Asia/Jakarta] PHP Warning:  Trying to access array offset on value of type null in D:\nial_app\kotak-saran-emr\view.php on line 226
[17-May-2022 10:50:44 Asia/Jakarta] PHP Fatal error:  Uncaught TypeError: sqlsrv_fetch_array(): supplied resource is not a valid ss_sqlsrv_stmt resource in D:\nial_app\kotak-saran-emr\view.php:201
Stack trace:
#0 D:\nial_app\kotak-saran-emr\view.php(201): sqlsrv_fetch_array(Resource id #6)
#1 {main}
  thrown in D:\nial_app\kotak-saran-emr\view.php on line 201
[17-May-2022 10:51:47 Asia/Jakarta] PHP Parse error:  Unclosed '{' on line 194 in D:\nial_app\kotak-saran-emr\view.php on line 307
[17-May-2022 10:51:52 Asia/Jakarta] PHP Fatal error:  Uncaught TypeError: sqlsrv_fetch_array(): supplied resource is not a valid ss_sqlsrv_stmt resource in D:\nial_app\kotak-saran-emr\view.php:201
Stack trace:
#0 D:\nial_app\kotak-saran-emr\view.php(201): sqlsrv_fetch_array(Resource id #6)
#1 {main}
  thrown in D:\nial_app\kotak-saran-emr\view.php on line 201
[17-May-2022 10:53:13 Asia/Jakarta] PHP Fatal error:  Uncaught TypeError: sqlsrv_fetch_array(): supplied resource is not a valid ss_sqlsrv_stmt resource in D:\nial_app\kotak-saran-emr\view.php:201
Stack trace:
#0 D:\nial_app\kotak-saran-emr\view.php(201): sqlsrv_fetch_array(Resource id #6)
#1 {main}
  thrown in D:\nial_app\kotak-saran-emr\view.php on line 201
[17-May-2022 10:53:16 Asia/Jakarta] PHP Fatal error:  Uncaught TypeError: sqlsrv_fetch_array(): supplied resource is not a valid ss_sqlsrv_stmt resource in D:\nial_app\kotak-saran-emr\view.php:201
Stack trace:
#0 D:\nial_app\kotak-saran-emr\view.php(201): sqlsrv_fetch_array(Resource id #6)
#1 {main}
  thrown in D:\nial_app\kotak-saran-emr\view.php on line 201
[17-May-2022 10:53:37 Asia/Jakarta] PHP Fatal error:  Uncaught TypeError: sqlsrv_fetch_array(): supplied resource is not a valid ss_sqlsrv_stmt resource in D:\nial_app\kotak-saran-emr\view.php:201
Stack trace:
#0 D:\nial_app\kotak-saran-emr\view.php(201): sqlsrv_fetch_array(Resource id #6)
#1 {main}
  thrown in D:\nial_app\kotak-saran-emr\view.php on line 201
[17-May-2022 10:54:58 Asia/Jakarta] PHP Fatal error:  Uncaught TypeError: sqlsrv_fetch_array(): supplied resource is not a valid ss_sqlsrv_stmt resource in D:\nial_app\kotak-saran-emr\view.php:201
Stack trace:
#0 D:\nial_app\kotak-saran-emr\view.php(201): sqlsrv_fetch_array(Resource id #6)
#1 {main}
  thrown in D:\nial_app\kotak-saran-emr\view.php on line 201
[17-May-2022 10:56:31 Asia/Jakarta] PHP Warning:  Undefined array key "kd_brg" in D:\nial_app\kotak-saran-emr\view.php on line 213
[17-May-2022 10:56:31 Asia/Jakarta] PHP Warning:  Undefined array key "kd_brg" in D:\nial_app\kotak-saran-emr\view.php on line 213
[17-May-2022 10:56:31 Asia/Jakarta] PHP Warning:  Undefined array key "kd_brg" in D:\nial_app\kotak-saran-emr\view.php on line 213
[17-May-2022 11:05:17 Asia/Jakarta] PHP Parse error:  Unclosed '{' on line 14 in D:\nial_app\kotak-saran-emr\inputstatus.php on line 30
[17-May-2022 11:06:15 Asia/Jakarta] PHP Warning:  Undefined array key "ruang" in D:\nial_app\kotak-saran-emr\inputstatus.php on line 12
[17-May-2022 11:06:15 Asia/Jakarta] PHP Warning:  Undefined array key "ruang" in D:\nial_app\kotak-saran-emr\inputstatus.php on line 12
[17-May-2022 11:06:15 Asia/Jakarta] PHP Warning:  Undefined array key "ruang" in D:\nial_app\kotak-saran-emr\inputstatus.php on line 12
[17-May-2022 11:14:52 Asia/Jakarta] PHP Fatal error:  Uncaught TypeError: sqlsrv_fetch_array(): supplied resource is not a valid ss_sqlsrv_stmt resource in D:\nial_app\kotak-saran-emr\view.php:201
Stack trace:
#0 D:\nial_app\kotak-saran-emr\view.php(201): sqlsrv_fetch_array(Resource id #6)
#1 {main}
  thrown in D:\nial_app\kotak-saran-emr\view.php on line 201
[17-May-2022 11:15:09 Asia/Jakarta] PHP Fatal error:  Uncaught TypeError: sqlsrv_fetch_array(): supplied resource is not a valid ss_sqlsrv_stmt resource in D:\nial_app\kotak-saran-emr\view.php:201
Stack trace:
#0 D:\nial_app\kotak-saran-emr\view.php(201): sqlsrv_fetch_array(Resource id #6)
#1 {main}
  thrown in D:\nial_app\kotak-saran-emr\view.php on line 201
[17-May-2022 11:15:49 Asia/Jakarta] PHP Fatal error:  Uncaught TypeError: sqlsrv_fetch_array(): supplied resource is not a valid ss_sqlsrv_stmt resource in D:\nial_app\kotak-saran-emr\view.php:201
Stack trace:
#0 D:\nial_app\kotak-saran-emr\view.php(201): sqlsrv_fetch_array(Resource id #6)
#1 {main}
  thrown in D:\nial_app\kotak-saran-emr\view.php on line 201
[17-May-2022 11:17:44 Asia/Jakarta] PHP Fatal error:  Uncaught TypeError: sqlsrv_fetch_array(): supplied resource is not a valid ss_sqlsrv_stmt resource in D:\nial_app\kotak-saran-emr\view.php:201
Stack trace:
#0 D:\nial_app\kotak-saran-emr\view.php(201): sqlsrv_fetch_array(Resource id #6)
#1 {main}
  thrown in D:\nial_app\kotak-saran-emr\view.php on line 201
[17-May-2022 11:18:03 Asia/Jakarta] PHP Fatal error:  Uncaught TypeError: sqlsrv_fetch_array(): supplied resource is not a valid ss_sqlsrv_stmt resource in D:\nial_app\kotak-saran-emr\view.php:201
Stack trace:
#0 D:\nial_app\kotak-saran-emr\view.php(201): sqlsrv_fetch_array(Resource id #6)
#1 {main}
  thrown in D:\nial_app\kotak-saran-emr\view.php on line 201
[17-May-2022 11:19:58 Asia/Jakarta] PHP Fatal error:  Uncaught TypeError: sqlsrv_fetch_array(): supplied resource is not a valid ss_sqlsrv_stmt resource in D:\nial_app\kotak-saran-emr\view.php:201
Stack trace:
#0 D:\nial_app\kotak-saran-emr\view.php(201): sqlsrv_fetch_array(Resource id #6)
#1 {main}
  thrown in D:\nial_app\kotak-saran-emr\view.php on line 201
[17-May-2022 11:20:02 Asia/Jakarta] PHP Fatal error:  Uncaught TypeError: sqlsrv_fetch_array(): supplied resource is not a valid ss_sqlsrv_stmt resource in D:\nial_app\kotak-saran-emr\view.php:201
Stack trace:
#0 D:\nial_app\kotak-saran-emr\view.php(201): sqlsrv_fetch_array(Resource id #6)
#1 {main}
  thrown in D:\nial_app\kotak-saran-emr\view.php on line 201
[17-May-2022 11:25:11 Asia/Jakarta] PHP Warning:  Trying to access array offset on value of type null in D:\nial_app\kotak-saran-emr\inputstatus.php on line 1
[17-May-2022 11:25:11 Asia/Jakarta] PHP Warning:  Trying to access array offset on value of type null in D:\nial_app\kotak-saran-emr\inputstatus.php on line 12
[17-May-2022 11:25:58 Asia/Jakarta] PHP Warning:  Trying to access array offset on value of type null in D:\nial_app\kotak-saran-emr\inputstatus.php on line 1
[17-May-2022 11:25:58 Asia/Jakarta] PHP Warning:  Trying to access array offset on value of type null in D:\nial_app\kotak-saran-emr\inputstatus.php on line 12
[17-May-2022 11:26:30 Asia/Jakarta] PHP Warning:  Trying to access array offset on value of type null in D:\nial_app\kotak-saran-emr\inputstatus.php on line 1
[17-May-2022 11:26:30 Asia/Jakarta] PHP Warning:  Trying to access array offset on value of type null in D:\nial_app\kotak-saran-emr\inputstatus.php on line 12
[17-May-2022 11:26:44 Asia/Jakarta] PHP Fatal error:  Uncaught TypeError: sqlsrv_fetch_array(): supplied resource is not a valid ss_sqlsrv_stmt resource in D:\nial_app\kotak-saran-emr\view.php:201
Stack trace:
#0 D:\nial_app\kotak-saran-emr\view.php(201): sqlsrv_fetch_array(Resource id #6)
#1 {main}
  thrown in D:\nial_app\kotak-saran-emr\view.php on line 201
[17-May-2022 11:26:49 Asia/Jakarta] PHP Fatal error:  Uncaught TypeError: sqlsrv_fetch_array(): supplied resource is not a valid ss_sqlsrv_stmt resource in D:\nial_app\kotak-saran-emr\view.php:201
Stack trace:
#0 D:\nial_app\kotak-saran-emr\view.php(201): sqlsrv_fetch_array(Resource id #6)
#1 {main}
  thrown in D:\nial_app\kotak-saran-emr\view.php on line 201
[17-May-2022 11:27:02 Asia/Jakarta] PHP Fatal error:  Uncaught TypeError: sqlsrv_fetch_array(): supplied resource is not a valid ss_sqlsrv_stmt resource in D:\nial_app\kotak-saran-emr\view.php:201
Stack trace:
#0 D:\nial_app\kotak-saran-emr\view.php(201): sqlsrv_fetch_array(Resource id #6)
#1 {main}
  thrown in D:\nial_app\kotak-saran-emr\view.php on line 201
[17-May-2022 11:27:09 Asia/Jakarta] PHP Fatal error:  Uncaught TypeError: sqlsrv_fetch_array(): supplied resource is not a valid ss_sqlsrv_stmt resource in D:\nial_app\kotak-saran-emr\view.php:201
Stack trace:
#0 D:\nial_app\kotak-saran-emr\view.php(201): sqlsrv_fetch_array(Resource id #6)
#1 {main}
  thrown in D:\nial_app\kotak-saran-emr\view.php on line 201
[17-May-2022 11:28:02 Asia/Jakarta] PHP Fatal error:  Uncaught TypeError: sqlsrv_fetch_array(): supplied resource is not a valid ss_sqlsrv_stmt resource in D:\nial_app\kotak-saran-emr\view.php:201
Stack trace:
#0 D:\nial_app\kotak-saran-emr\view.php(201): sqlsrv_fetch_array(Resource id #6)
#1 {main}
  thrown in D:\nial_app\kotak-saran-emr\view.php on line 201
[17-May-2022 11:30:22 Asia/Jakarta] PHP Fatal error:  Uncaught TypeError: sqlsrv_fetch_array(): supplied resource is not a valid ss_sqlsrv_stmt resource in D:\nial_app\kotak-saran-emr\view.php:201
Stack trace:
#0 D:\nial_app\kotak-saran-emr\view.php(201): sqlsrv_fetch_array(Resource id #6)
#1 {main}
  thrown in D:\nial_app\kotak-saran-emr\view.php on line 201
[17-May-2022 11:30:39 Asia/Jakarta] PHP Warning:  Trying to access array offset on value of type null in D:\nial_app\kotak-saran-emr\inputstatus.php on line 1
[17-May-2022 11:30:39 Asia/Jakarta] PHP Warning:  Trying to access array offset on value of type null in D:\nial_app\kotak-saran-emr\inputstatus.php on line 12
[17-May-2022 11:39:10 Asia/Jakarta] PHP Warning:  Trying to access array offset on value of type null in D:\nial_app\kotak-saran-emr\inputstatus.php on line 1
[17-May-2022 11:39:10 Asia/Jakarta] PHP Warning:  Trying to access array offset on value of type null in D:\nial_app\kotak-saran-emr\inputstatus.php on line 12
[17-May-2022 11:40:05 Asia/Jakarta] PHP Warning:  Trying to access array offset on value of type null in D:\nial_app\kotak-saran-emr\inputstatus.php on line 1
[17-May-2022 11:40:05 Asia/Jakarta] PHP Warning:  Trying to access array offset on value of type null in D:\nial_app\kotak-saran-emr\inputstatus.php on line 12
[17-May-2022 12:05:18 Asia/Jakarta] PHP Warning:  Trying to access array offset on value of type null in D:\nial_app\kotak-saran-emr\inputstatus.php on line 1
[17-May-2022 12:05:18 Asia/Jakarta] PHP Warning:  Trying to access array offset on value of type null in D:\nial_app\kotak-saran-emr\inputstatus.php on line 12
[17-May-2022 13:11:55 Asia/Jakarta] PHP Warning:  Trying to access array offset on value of type null in D:\nial_app\kotak-saran-emr\inputstatus.php on line 1
[17-May-2022 13:11:55 Asia/Jakarta] PHP Warning:  Trying to access array offset on value of type null in D:\nial_app\kotak-saran-emr\inputstatus.php on line 12
[17-May-2022 13:25:56 Asia/Jakarta] PHP Warning:  Trying to access array offset on value of type null in D:\nial_app\kotak-saran-emr\inputstatus.php on line 1
[17-May-2022 13:25:56 Asia/Jakarta] PHP Warning:  Trying to access array offset on value of type null in D:\nial_app\kotak-saran-emr\inputstatus.php on line 12
[18-May-2022 10:49:12 Asia/Jakarta] PHP Warning:  Undefined variable $data in D:\nial_app\kotak-saran-emr\inputstatus.php on line 1
[18-May-2022 10:49:12 Asia/Jakarta] PHP Warning:  Trying to access array offset on value of type null in D:\nial_app\kotak-saran-emr\inputstatus.php on line 1
[18-May-2022 10:49:12 Asia/Jakarta] PHP Warning:  Undefined variable $data in D:\nial_app\kotak-saran-emr\inputstatus.php on line 12
[18-May-2022 10:49:12 Asia/Jakarta] PHP Warning:  Trying to access array offset on value of type null in D:\nial_app\kotak-saran-emr\inputstatus.php on line 12
[18-May-2022 10:49:19 Asia/Jakarta] PHP Warning:  Trying to access array offset on value of type null in D:\nial_app\kotak-saran-emr\inputstatus.php on line 1
[18-May-2022 10:49:19 Asia/Jakarta] PHP Warning:  Trying to access array offset on value of type null in D:\nial_app\kotak-saran-emr\inputstatus.php on line 12
[19-May-2022 11:48:56 Asia/Jakarta] PHP Warning:  Undefined variable $data in D:\nial_app\kotak-saran-emr\inputstatus.php on line 1
[19-May-2022 11:48:56 Asia/Jakarta] PHP Warning:  Trying to access array offset on value of type null in D:\nial_app\kotak-saran-emr\inputstatus.php on line 1
[19-May-2022 11:48:56 Asia/Jakarta] PHP Warning:  Undefined variable $data in D:\nial_app\kotak-saran-emr\inputstatus.php on line 12
[19-May-2022 11:48:56 Asia/Jakarta] PHP Warning:  Trying to access array offset on value of type null in D:\nial_app\kotak-saran-emr\inputstatus.php on line 12
[19-May-2022 11:49:05 Asia/Jakarta] PHP Warning:  Trying to access array offset on value of type null in D:\nial_app\kotak-saran-emr\inputstatus.php on line 1
[19-May-2022 11:49:05 Asia/Jakarta] PHP Warning:  Trying to access array offset on value of type null in D:\nial_app\kotak-saran-emr\inputstatus.php on line 12
[19-May-2022 12:00:48 Asia/Jakarta] PHP Warning:  Trying to access array offset on value of type null in D:\nial_app\kotak-saran-emr\inputstatus.php on line 1
[19-May-2022 12:00:48 Asia/Jakarta] PHP Warning:  Trying to access array offset on value of type null in D:\nial_app\kotak-saran-emr\inputstatus.php on line 12
[19-May-2022 12:15:00 Asia/Jakarta] PHP Warning:  Undefined variable $data in D:\nial_app\kotak-saran-emr\inputstatus.php on line 1
[19-May-2022 12:15:00 Asia/Jakarta] PHP Warning:  Trying to access array offset on value of type null in D:\nial_app\kotak-saran-emr\inputstatus.php on line 1
[19-May-2022 12:15:00 Asia/Jakarta] PHP Warning:  Undefined variable $data in D:\nial_app\kotak-saran-emr\inputstatus.php on line 12
[19-May-2022 12:15:00 Asia/Jakarta] PHP Warning:  Trying to access array offset on value of type null in D:\nial_app\kotak-saran-emr\inputstatus.php on line 12
[23-May-2022 11:54:34 Asia/Jakarta] PHP Warning:  Undefined variable $data in D:\nial_app\kotak-saran-emr\inputstatus.php on line 1
[23-May-2022 11:54:34 Asia/Jakarta] PHP Warning:  Trying to access array offset on value of type null in D:\nial_app\kotak-saran-emr\inputstatus.php on line 1
[23-May-2022 11:54:34 Asia/Jakarta] PHP Warning:  Undefined variable $data in D:\nial_app\kotak-saran-emr\inputstatus.php on line 12
[23-May-2022 11:54:34 Asia/Jakarta] PHP Warning:  Trying to access array offset on value of type null in D:\nial_app\kotak-saran-emr\inputstatus.php on line 12
[23-May-2022 13:21:57 Asia/Jakarta] PHP Warning:  Undefined variable $data in D:\nial_app\kotak-saran-emr\inputstatus.php on line 1
[23-May-2022 13:21:57 Asia/Jakarta] PHP Warning:  Trying to access array offset on value of type null in D:\nial_app\kotak-saran-emr\inputstatus.php on line 1
[23-May-2022 13:21:57 Asia/Jakarta] PHP Warning:  Undefined variable $data in D:\nial_app\kotak-saran-emr\inputstatus.php on line 12
[23-May-2022 13:21:57 Asia/Jakarta] PHP Warning:  Trying to access array offset on value of type null in D:\nial_app\kotak-saran-emr\inputstatus.php on line 12
[23-May-2022 13:23:20 Asia/Jakarta] PHP Warning:  Undefined variable $data in D:\nial_app\kotak-saran-emr\inputstatus.php on line 1
[23-May-2022 13:23:20 Asia/Jakarta] PHP Warning:  Trying to access array offset on value of type null in D:\nial_app\kotak-saran-emr\inputstatus.php on line 1
[23-May-2022 13:23:20 Asia/Jakarta] PHP Warning:  Undefined variable $data in D:\nial_app\kotak-saran-emr\inputstatus.php on line 12
[23-May-2022 13:23:20 Asia/Jakarta] PHP Warning:  Trying to access array offset on value of type null in D:\nial_app\kotak-saran-emr\inputstatus.php on line 12
[28-May-2022 10:36:40 Asia/Jakarta] PHP Warning:  Undefined variable $data in D:\nial_app\kotak-saran-emr\inputstatus.php on line 1
[28-May-2022 10:36:40 Asia/Jakarta] PHP Warning:  Trying to access array offset on value of type null in D:\nial_app\kotak-saran-emr\inputstatus.php on line 1
[28-May-2022 10:36:40 Asia/Jakarta] PHP Warning:  Undefined variable $data in D:\nial_app\kotak-saran-emr\inputstatus.php on line 12
[28-May-2022 10:36:40 Asia/Jakarta] PHP Warning:  Trying to access array offset on value of type null in D:\nial_app\kotak-saran-emr\inputstatus.php on line 12
[28-May-2022 10:39:30 Asia/Jakarta] PHP Warning:  Undefined variable $data in D:\nial_app\kotak-saran-emr\inputstatus.php on line 1
[28-May-2022 10:39:30 Asia/Jakarta] PHP Warning:  Trying to access array offset on value of type null in D:\nial_app\kotak-saran-emr\inputstatus.php on line 1
[28-May-2022 10:39:30 Asia/Jakarta] PHP Warning:  Undefined variable $data in D:\nial_app\kotak-saran-emr\inputstatus.php on line 12
[28-May-2022 10:39:30 Asia/Jakarta] PHP Warning:  Trying to access array offset on value of type null in D:\nial_app\kotak-saran-emr\inputstatus.php on line 12
[28-May-2022 10:40:01 Asia/Jakarta] PHP Warning:  Undefined variable $data in D:\nial_app\kotak-saran-emr\inputstatus.php on line 1
[28-May-2022 10:40:01 Asia/Jakarta] PHP Warning:  Trying to access array offset on value of type null in D:\nial_app\kotak-saran-emr\inputstatus.php on line 1
[28-May-2022 10:40:01 Asia/Jakarta] PHP Warning:  Undefined variable $data in D:\nial_app\kotak-saran-emr\inputstatus.php on line 12
[28-May-2022 10:40:01 Asia/Jakarta] PHP Warning:  Trying to access array offset on value of type null in D:\nial_app\kotak-saran-emr\inputstatus.php on line 12
[28-May-2022 10:41:01 Asia/Jakarta] PHP Warning:  Undefined variable $data in D:\nial_app\kotak-saran-emr\inputstatus.php on line 1
[28-May-2022 10:41:01 Asia/Jakarta] PHP Warning:  Trying to access array offset on value of type null in D:\nial_app\kotak-saran-emr\inputstatus.php on line 1
[28-May-2022 10:41:01 Asia/Jakarta] PHP Warning:  Undefined variable $data in D:\nial_app\kotak-saran-emr\inputstatus.php on line 12
[28-May-2022 10:41:01 Asia/Jakarta] PHP Warning:  Trying to access array offset on value of type null in D:\nial_app\kotak-saran-emr\inputstatus.php on line 12
[28-May-2022 10:41:28 Asia/Jakarta] PHP Warning:  Undefined variable $data in D:\nial_app\kotak-saran-emr\inputstatus.php on line 1
[28-May-2022 10:41:28 Asia/Jakarta] PHP Warning:  Trying to access array offset on value of type null in D:\nial_app\kotak-saran-emr\inputstatus.php on line 1
[28-May-2022 10:41:28 Asia/Jakarta] PHP Warning:  Undefined variable $data in D:\nial_app\kotak-saran-emr\inputstatus.php on line 12
[28-May-2022 10:41:28 Asia/Jakarta] PHP Warning:  Trying to access array offset on value of type null in D:\nial_app\kotak-saran-emr\inputstatus.php on line 12
[28-May-2022 10:41:32 Asia/Jakarta] PHP Warning:  Undefined variable $data in D:\nial_app\kotak-saran-emr\inputstatus.php on line 1
[28-May-2022 10:41:32 Asia/Jakarta] PHP Warning:  Trying to access array offset on value of type null in D:\nial_app\kotak-saran-emr\inputstatus.php on line 1
[28-May-2022 10:41:32 Asia/Jakarta] PHP Warning:  Undefined variable $data in D:\nial_app\kotak-saran-emr\inputstatus.php on line 12
[28-May-2022 10:41:32 Asia/Jakarta] PHP Warning:  Trying to access array offset on value of type null in D:\nial_app\kotak-saran-emr\inputstatus.php on line 12
[28-May-2022 10:41:57 Asia/Jakarta] PHP Warning:  Undefined variable $data in D:\nial_app\kotak-saran-emr\inputstatus.php on line 1
[28-May-2022 10:41:57 Asia/Jakarta] PHP Warning:  Trying to access array offset on value of type null in D:\nial_app\kotak-saran-emr\inputstatus.php on line 1
[28-May-2022 10:41:57 Asia/Jakarta] PHP Warning:  Undefined variable $data in D:\nial_app\kotak-saran-emr\inputstatus.php on line 12
[28-May-2022 10:41:57 Asia/Jakarta] PHP Warning:  Trying to access array offset on value of type null in D:\nial_app\kotak-saran-emr\inputstatus.php on line 12
[28-May-2022 10:42:19 Asia/Jakarta] PHP Warning:  Undefined variable $data in D:\nial_app\kotak-saran-emr\inputstatus.php on line 1
[28-May-2022 10:42:19 Asia/Jakarta] PHP Warning:  Trying to access array offset on value of type null in D:\nial_app\kotak-saran-emr\inputstatus.php on line 1
[28-May-2022 10:42:19 Asia/Jakarta] PHP Warning:  Undefined variable $data in D:\nial_app\kotak-saran-emr\inputstatus.php on line 12
[28-May-2022 10:42:19 Asia/Jakarta] PHP Warning:  Trying to access array offset on value of type null in D:\nial_app\kotak-saran-emr\inputstatus.php on line 12
[28-May-2022 10:42:21 Asia/Jakarta] PHP Warning:  Undefined variable $data in D:\nial_app\kotak-saran-emr\inputstatus.php on line 1
[28-May-2022 10:42:21 Asia/Jakarta] PHP Warning:  Trying to access array offset on value of type null in D:\nial_app\kotak-saran-emr\inputstatus.php on line 1
[28-May-2022 10:42:21 Asia/Jakarta] PHP Warning:  Undefined variable $data in D:\nial_app\kotak-saran-emr\inputstatus.php on line 12
[28-May-2022 10:42:21 Asia/Jakarta] PHP Warning:  Trying to access array offset on value of type null in D:\nial_app\kotak-saran-emr\inputstatus.php on line 12
[28-May-2022 10:42:39 Asia/Jakarta] PHP Warning:  Undefined variable $data in D:\nial_app\kotak-saran-emr\inputstatus.php on line 1
[28-May-2022 10:42:39 Asia/Jakarta] PHP Warning:  Trying to access array offset on value of type null in D:\nial_app\kotak-saran-emr\inputstatus.php on line 1
[28-May-2022 10:42:39 Asia/Jakarta] PHP Warning:  Undefined variable $data in D:\nial_app\kotak-saran-emr\inputstatus.php on line 12
[28-May-2022 10:42:39 Asia/Jakarta] PHP Warning:  Trying to access array offset on value of type null in D:\nial_app\kotak-saran-emr\inputstatus.php on line 12
[28-May-2022 10:42:40 Asia/Jakarta] PHP Warning:  Undefined variable $data in D:\nial_app\kotak-saran-emr\inputstatus.php on line 1
[28-May-2022 10:42:40 Asia/Jakarta] PHP Warning:  Trying to access array offset on value of type null in D:\nial_app\kotak-saran-emr\inputstatus.php on line 1
[28-May-2022 10:42:40 Asia/Jakarta] PHP Warning:  Undefined variable $data in D:\nial_app\kotak-saran-emr\inputstatus.php on line 12
[28-May-2022 10:42:40 Asia/Jakarta] PHP Warning:  Trying to access array offset on value of type null in D:\nial_app\kotak-saran-emr\inputstatus.php on line 12
[28-May-2022 10:42:58 Asia/Jakarta] PHP Warning:  Undefined variable $data in D:\nial_app\kotak-saran-emr\inputstatus.php on line 1
[28-May-2022 10:42:58 Asia/Jakarta] PHP Warning:  Trying to access array offset on value of type null in D:\nial_app\kotak-saran-emr\inputstatus.php on line 1
[28-May-2022 10:42:58 Asia/Jakarta] PHP Warning:  Undefined variable $data in D:\nial_app\kotak-saran-emr\inputstatus.php on line 12
[28-May-2022 10:42:58 Asia/Jakarta] PHP Warning:  Trying to access array offset on value of type null in D:\nial_app\kotak-saran-emr\inputstatus.php on line 12
[28-May-2022 10:43:15 Asia/Jakarta] PHP Warning:  Undefined variable $data in D:\nial_app\kotak-saran-emr\inputstatus.php on line 1
[28-May-2022 10:43:15 Asia/Jakarta] PHP Warning:  Trying to access array offset on value of type null in D:\nial_app\kotak-saran-emr\inputstatus.php on line 1
[28-May-2022 10:43:15 Asia/Jakarta] PHP Warning:  Undefined variable $data in D:\nial_app\kotak-saran-emr\inputstatus.php on line 12
[28-May-2022 10:43:15 Asia/Jakarta] PHP Warning:  Trying to access array offset on value of type null in D:\nial_app\kotak-saran-emr\inputstatus.php on line 12
[28-May-2022 10:43:18 Asia/Jakarta] PHP Warning:  Undefined variable $data in D:\nial_app\kotak-saran-emr\inputstatus.php on line 1
[28-May-2022 10:43:18 Asia/Jakarta] PHP Warning:  Trying to access array offset on value of type null in D:\nial_app\kotak-saran-emr\inputstatus.php on line 1
[28-May-2022 10:43:18 Asia/Jakarta] PHP Warning:  Undefined variable $data in D:\nial_app\kotak-saran-emr\inputstatus.php on line 12
[28-May-2022 10:43:18 Asia/Jakarta] PHP Warning:  Trying to access array offset on value of type null in D:\nial_app\kotak-saran-emr\inputstatus.php on line 12
[28-May-2022 10:43:59 Asia/Jakarta] PHP Warning:  Undefined variable $data in D:\nial_app\kotak-saran-emr\inputstatus.php on line 1
[28-May-2022 10:43:59 Asia/Jakarta] PHP Warning:  Trying to access array offset on value of type null in D:\nial_app\kotak-saran-emr\inputstatus.php on line 1
[28-May-2022 10:43:59 Asia/Jakarta] PHP Warning:  Undefined variable $data in D:\nial_app\kotak-saran-emr\inputstatus.php on line 12
[28-May-2022 10:43:59 Asia/Jakarta] PHP Warning:  Trying to access array offset on value of type null in D:\nial_app\kotak-saran-emr\inputstatus.php on line 12
[28-May-2022 10:44:02 Asia/Jakarta] PHP Warning:  Undefined variable $data in D:\nial_app\kotak-saran-emr\inputstatus.php on line 1
[28-May-2022 10:44:02 Asia/Jakarta] PHP Warning:  Trying to access array offset on value of type null in D:\nial_app\kotak-saran-emr\inputstatus.php on line 1
[28-May-2022 10:44:02 Asia/Jakarta] PHP Warning:  Undefined variable $data in D:\nial_app\kotak-saran-emr\inputstatus.php on line 12
[28-May-2022 10:44:02 Asia/Jakarta] PHP Warning:  Trying to access array offset on value of type null in D:\nial_app\kotak-saran-emr\inputstatus.php on line 12
[28-May-2022 10:44:24 Asia/Jakarta] PHP Warning:  Undefined variable $data in D:\nial_app\kotak-saran-emr\inputstatus.php on line 1
[28-May-2022 10:44:24 Asia/Jakarta] PHP Warning:  Trying to access array offset on value of type null in D:\nial_app\kotak-saran-emr\inputstatus.php on line 1
[28-May-2022 10:44:24 Asia/Jakarta] PHP Warning:  Undefined variable $data in D:\nial_app\kotak-saran-emr\inputstatus.php on line 12
[28-May-2022 10:44:24 Asia/Jakarta] PHP Warning:  Trying to access array offset on value of type null in D:\nial_app\kotak-saran-emr\inputstatus.php on line 12
[28-May-2022 10:44:37 Asia/Jakarta] PHP Warning:  Undefined variable $data in D:\nial_app\kotak-saran-emr\inputstatus.php on line 1
[28-May-2022 10:44:37 Asia/Jakarta] PHP Warning:  Trying to access array offset on value of type null in D:\nial_app\kotak-saran-emr\inputstatus.php on line 1
[28-May-2022 10:44:37 Asia/Jakarta] PHP Warning:  Undefined variable $data in D:\nial_app\kotak-saran-emr\inputstatus.php on line 12
[28-May-2022 10:44:37 Asia/Jakarta] PHP Warning:  Trying to access array offset on value of type null in D:\nial_app\kotak-saran-emr\inputstatus.php on line 12
[28-May-2022 10:44:57 Asia/Jakarta] PHP Warning:  Undefined variable $data in D:\nial_app\kotak-saran-emr\inputstatus.php on line 1
[28-May-2022 10:44:57 Asia/Jakarta] PHP Warning:  Trying to access array offset on value of type null in D:\nial_app\kotak-saran-emr\inputstatus.php on line 1
[28-May-2022 10:44:57 Asia/Jakarta] PHP Warning:  Undefined variable $data in D:\nial_app\kotak-saran-emr\inputstatus.php on line 12
[28-May-2022 10:44:57 Asia/Jakarta] PHP Warning:  Trying to access array offset on value of type null in D:\nial_app\kotak-saran-emr\inputstatus.php on line 12
[28-May-2022 10:45:39 Asia/Jakarta] PHP Warning:  Undefined variable $data in D:\nial_app\kotak-saran-emr\inputstatus.php on line 1
[28-May-2022 10:45:39 Asia/Jakarta] PHP Warning:  Trying to access array offset on value of type null in D:\nial_app\kotak-saran-emr\inputstatus.php on line 1
[28-May-2022 10:45:39 Asia/Jakarta] PHP Warning:  Undefined variable $data in D:\nial_app\kotak-saran-emr\inputstatus.php on line 12
[28-May-2022 10:45:39 Asia/Jakarta] PHP Warning:  Trying to access array offset on value of type null in D:\nial_app\kotak-saran-emr\inputstatus.php on line 12
[28-May-2022 10:46:02 Asia/Jakarta] PHP Warning:  Undefined variable $data in D:\nial_app\kotak-saran-emr\inputstatus.php on line 1
[28-May-2022 10:46:02 Asia/Jakarta] PHP Warning:  Trying to access array offset on value of type null in D:\nial_app\kotak-saran-emr\inputstatus.php on line 1
[28-May-2022 10:46:02 Asia/Jakarta] PHP Warning:  Undefined variable $data in D:\nial_app\kotak-saran-emr\inputstatus.php on line 12
[28-May-2022 10:46:02 Asia/Jakarta] PHP Warning:  Trying to access array offset on value of type null in D:\nial_app\kotak-saran-emr\inputstatus.php on line 12
[28-May-2022 10:46:14 Asia/Jakarta] PHP Warning:  Undefined variable $data in D:\nial_app\kotak-saran-emr\inputstatus.php on line 1
[28-May-2022 10:46:14 Asia/Jakarta] PHP Warning:  Trying to access array offset on value of type null in D:\nial_app\kotak-saran-emr\inputstatus.php on line 1
[28-May-2022 10:46:14 Asia/Jakarta] PHP Warning:  Undefined variable $data in D:\nial_app\kotak-saran-emr\inputstatus.php on line 12
[28-May-2022 10:46:14 Asia/Jakarta] PHP Warning:  Trying to access array offset on value of type null in D:\nial_app\kotak-saran-emr\inputstatus.php on line 12
[28-May-2022 10:46:22 Asia/Jakarta] PHP Warning:  Undefined variable $data in D:\nial_app\kotak-saran-emr\inputstatus.php on line 1
[28-May-2022 10:46:22 Asia/Jakarta] PHP Warning:  Trying to access array offset on value of type null in D:\nial_app\kotak-saran-emr\inputstatus.php on line 1
[28-May-2022 10:46:22 Asia/Jakarta] PHP Warning:  Undefined variable $data in D:\nial_app\kotak-saran-emr\inputstatus.php on line 12
[28-May-2022 10:46:22 Asia/Jakarta] PHP Warning:  Trying to access array offset on value of type null in D:\nial_app\kotak-saran-emr\inputstatus.php on line 12
[28-May-2022 10:46:31 Asia/Jakarta] PHP Warning:  Undefined variable $data in D:\nial_app\kotak-saran-emr\inputstatus.php on line 1
[28-May-2022 10:46:31 Asia/Jakarta] PHP Warning:  Trying to access array offset on value of type null in D:\nial_app\kotak-saran-emr\inputstatus.php on line 1
[28-May-2022 10:46:31 Asia/Jakarta] PHP Warning:  Undefined variable $data in D:\nial_app\kotak-saran-emr\inputstatus.php on line 12
[28-May-2022 10:46:31 Asia/Jakarta] PHP Warning:  Trying to access array offset on value of type null in D:\nial_app\kotak-saran-emr\inputstatus.php on line 12
[28-May-2022 10:46:48 Asia/Jakarta] PHP Warning:  Undefined variable $data in D:\nial_app\kotak-saran-emr\inputstatus.php on line 1
[28-May-2022 10:46:48 Asia/Jakarta] PHP Warning:  Trying to access array offset on value of type null in D:\nial_app\kotak-saran-emr\inputstatus.php on line 1
[28-May-2022 10:46:48 Asia/Jakarta] PHP Warning:  Undefined variable $data in D:\nial_app\kotak-saran-emr\inputstatus.php on line 12
[28-May-2022 10:46:48 Asia/Jakarta] PHP Warning:  Trying to access array offset on value of type null in D:\nial_app\kotak-saran-emr\inputstatus.php on line 12
[28-May-2022 10:47:12 Asia/Jakarta] PHP Warning:  Undefined variable $data in D:\nial_app\kotak-saran-emr\inputstatus.php on line 1
[28-May-2022 10:47:12 Asia/Jakarta] PHP Warning:  Trying to access array offset on value of type null in D:\nial_app\kotak-saran-emr\inputstatus.php on line 1
[28-May-2022 10:47:12 Asia/Jakarta] PHP Warning:  Undefined variable $data in D:\nial_app\kotak-saran-emr\inputstatus.php on line 12
[28-May-2022 10:47:12 Asia/Jakarta] PHP Warning:  Trying to access array offset on value of type null in D:\nial_app\kotak-saran-emr\inputstatus.php on line 12
[28-May-2022 10:47:17 Asia/Jakarta] PHP Warning:  Undefined variable $data in D:\nial_app\kotak-saran-emr\inputstatus.php on line 1
[28-May-2022 10:47:17 Asia/Jakarta] PHP Warning:  Trying to access array offset on value of type null in D:\nial_app\kotak-saran-emr\inputstatus.php on line 1
[28-May-2022 10:47:17 Asia/Jakarta] PHP Warning:  Undefined variable $data in D:\nial_app\kotak-saran-emr\inputstatus.php on line 12
[28-May-2022 10:47:17 Asia/Jakarta] PHP Warning:  Trying to access array offset on value of type null in D:\nial_app\kotak-saran-emr\inputstatus.php on line 12
[28-May-2022 10:47:25 Asia/Jakarta] PHP Warning:  Undefined variable $data in D:\nial_app\kotak-saran-emr\inputstatus.php on line 1
[28-May-2022 10:47:25 Asia/Jakarta] PHP Warning:  Trying to access array offset on value of type null in D:\nial_app\kotak-saran-emr\inputstatus.php on line 1
[28-May-2022 10:47:25 Asia/Jakarta] PHP Warning:  Undefined variable $data in D:\nial_app\kotak-saran-emr\inputstatus.php on line 12
[28-May-2022 10:47:25 Asia/Jakarta] PHP Warning:  Trying to access array offset on value of type null in D:\nial_app\kotak-saran-emr\inputstatus.php on line 12
[28-May-2022 10:47:44 Asia/Jakarta] PHP Warning:  Undefined variable $data in D:\nial_app\kotak-saran-emr\inputstatus.php on line 1
[28-May-2022 10:47:44 Asia/Jakarta] PHP Warning:  Trying to access array offset on value of type null in D:\nial_app\kotak-saran-emr\inputstatus.php on line 1
[28-May-2022 10:47:44 Asia/Jakarta] PHP Warning:  Undefined variable $data in D:\nial_app\kotak-saran-emr\inputstatus.php on line 12
[28-May-2022 10:47:44 Asia/Jakarta] PHP Warning:  Trying to access array offset on value of type null in D:\nial_app\kotak-saran-emr\inputstatus.php on line 12
[28-May-2022 10:47:52 Asia/Jakarta] PHP Warning:  Undefined array key "start" in D:\nial_app\kotak-saran-emr\rekap-pelaporan.php on line 210
[28-May-2022 10:47:52 Asia/Jakarta] PHP Warning:  Undefined array key "end" in D:\nial_app\kotak-saran-emr\rekap-pelaporan.php on line 211
[28-May-2022 10:47:52 Asia/Jakarta] PHP Warning:  Trying to access array offset on value of type null in D:\nial_app\kotak-saran-emr\inputstatus.php on line 1
[28-May-2022 10:47:52 Asia/Jakarta] PHP Warning:  Trying to access array offset on value of type null in D:\nial_app\kotak-saran-emr\inputstatus.php on line 12
[28-May-2022 10:49:38 Asia/Jakarta] PHP Warning:  Trying to access array offset on value of type null in D:\nial_app\kotak-saran-emr\inputstatus.php on line 1
[28-May-2022 10:49:38 Asia/Jakarta] PHP Warning:  Trying to access array offset on value of type null in D:\nial_app\kotak-saran-emr\inputstatus.php on line 12
[28-May-2022 10:49:42 Asia/Jakarta] PHP Warning:  Trying to access array offset on value of type null in D:\nial_app\kotak-saran-emr\inputstatus.php on line 1
[28-May-2022 10:49:42 Asia/Jakarta] PHP Warning:  Trying to access array offset on value of type null in D:\nial_app\kotak-saran-emr\inputstatus.php on line 12
[28-May-2022 10:50:25 Asia/Jakarta] PHP Warning:  Trying to access array offset on value of type null in D:\nial_app\kotak-saran-emr\inputstatus.php on line 1
[28-May-2022 10:50:25 Asia/Jakarta] PHP Warning:  Trying to access array offset on value of type null in D:\nial_app\kotak-saran-emr\inputstatus.php on line 12
[28-May-2022 10:50:37 Asia/Jakarta] PHP Warning:  Trying to access array offset on value of type null in D:\nial_app\kotak-saran-emr\inputstatus.php on line 1
[28-May-2022 10:50:37 Asia/Jakarta] PHP Warning:  Trying to access array offset on value of type null in D:\nial_app\kotak-saran-emr\inputstatus.php on line 12
[28-May-2022 10:51:03 Asia/Jakarta] PHP Warning:  Trying to access array offset on value of type null in D:\nial_app\kotak-saran-emr\inputstatus.php on line 1
[28-May-2022 10:51:03 Asia/Jakarta] PHP Warning:  Trying to access array offset on value of type null in D:\nial_app\kotak-saran-emr\inputstatus.php on line 12
[28-May-2022 10:51:06 Asia/Jakarta] PHP Warning:  Undefined variable $data in D:\nial_app\kotak-saran-emr\inputstatus.php on line 1
[28-May-2022 10:51:06 Asia/Jakarta] PHP Warning:  Trying to access array offset on value of type null in D:\nial_app\kotak-saran-emr\inputstatus.php on line 1
[28-May-2022 10:51:06 Asia/Jakarta] PHP Warning:  Undefined variable $data in D:\nial_app\kotak-saran-emr\inputstatus.php on line 12
[28-May-2022 10:51:06 Asia/Jakarta] PHP Warning:  Trying to access array offset on value of type null in D:\nial_app\kotak-saran-emr\inputstatus.php on line 12
[28-May-2022 10:51:31 Asia/Jakarta] PHP Warning:  Undefined variable $data in D:\nial_app\kotak-saran-emr\inputstatus.php on line 1
[28-May-2022 10:51:31 Asia/Jakarta] PHP Warning:  Trying to access array offset on value of type null in D:\nial_app\kotak-saran-emr\inputstatus.php on line 1
[28-May-2022 10:51:31 Asia/Jakarta] PHP Warning:  Undefined variable $data in D:\nial_app\kotak-saran-emr\inputstatus.php on line 12
[28-May-2022 10:51:32 Asia/Jakarta] PHP Warning:  Trying to access array offset on value of type null in D:\nial_app\kotak-saran-emr\inputstatus.php on line 12
[28-May-2022 10:51:43 Asia/Jakarta] PHP Warning:  Trying to access array offset on value of type null in D:\nial_app\kotak-saran-emr\inputstatus.php on line 1
[28-May-2022 10:51:43 Asia/Jakarta] PHP Warning:  Trying to access array offset on value of type null in D:\nial_app\kotak-saran-emr\inputstatus.php on line 12
[28-May-2022 10:53:38 Asia/Jakarta] PHP Warning:  Trying to access array offset on value of type null in D:\nial_app\kotak-saran-emr\inputstatus.php on line 1
[28-May-2022 10:53:38 Asia/Jakarta] PHP Warning:  Trying to access array offset on value of type null in D:\nial_app\kotak-saran-emr\inputstatus.php on line 12
[28-May-2022 10:53:46 Asia/Jakarta] PHP Warning:  Undefined variable $data in D:\nial_app\kotak-saran-emr\inputstatus.php on line 1
[28-May-2022 10:53:46 Asia/Jakarta] PHP Warning:  Trying to access array offset on value of type null in D:\nial_app\kotak-saran-emr\inputstatus.php on line 1
[28-May-2022 10:53:46 Asia/Jakarta] PHP Warning:  Undefined variable $data in D:\nial_app\kotak-saran-emr\inputstatus.php on line 12
[28-May-2022 10:53:46 Asia/Jakarta] PHP Warning:  Trying to access array offset on value of type null in D:\nial_app\kotak-saran-emr\inputstatus.php on line 12
[28-May-2022 10:53:57 Asia/Jakarta] PHP Warning:  Trying to access array offset on value of type null in D:\nial_app\kotak-saran-emr\inputstatus.php on line 1
[28-May-2022 10:53:57 Asia/Jakarta] PHP Warning:  Trying to access array offset on value of type null in D:\nial_app\kotak-saran-emr\inputstatus.php on line 12
[28-May-2022 10:55:03 Asia/Jakarta] PHP Warning:  Trying to access array offset on value of type null in D:\nial_app\kotak-saran-emr\inputstatus.php on line 1
[28-May-2022 10:55:03 Asia/Jakarta] PHP Warning:  Trying to access array offset on value of type null in D:\nial_app\kotak-saran-emr\inputstatus.php on line 12
[28-May-2022 10:55:37 Asia/Jakarta] PHP Warning:  Trying to access array offset on value of type null in D:\nial_app\kotak-saran-emr\inputstatus.php on line 1
[28-May-2022 10:55:37 Asia/Jakarta] PHP Warning:  Trying to access array offset on value of type null in D:\nial_app\kotak-saran-emr\inputstatus.php on line 12
[28-May-2022 10:55:44 Asia/Jakarta] PHP Warning:  Trying to access array offset on value of type null in D:\nial_app\kotak-saran-emr\inputstatus.php on line 1
[28-May-2022 10:55:44 Asia/Jakarta] PHP Warning:  Trying to access array offset on value of type null in D:\nial_app\kotak-saran-emr\inputstatus.php on line 12
[28-May-2022 10:59:37 Asia/Jakarta] PHP Warning:  Undefined variable $data in D:\nial_app\kotak-saran-emr\inputstatus.php on line 1
[28-May-2022 10:59:37 Asia/Jakarta] PHP Warning:  Trying to access array offset on value of type null in D:\nial_app\kotak-saran-emr\inputstatus.php on line 1
[28-May-2022 10:59:37 Asia/Jakarta] PHP Warning:  Undefined variable $data in D:\nial_app\kotak-saran-emr\inputstatus.php on line 12
[28-May-2022 10:59:37 Asia/Jakarta] PHP Warning:  Trying to access array offset on value of type null in D:\nial_app\kotak-saran-emr\inputstatus.php on line 12
[28-May-2022 11:00:03 Asia/Jakarta] PHP Warning:  Undefined variable $data in D:\nial_app\kotak-saran-emr\inputstatus.php on line 1
[28-May-2022 11:00:03 Asia/Jakarta] PHP Warning:  Trying to access array offset on value of type null in D:\nial_app\kotak-saran-emr\inputstatus.php on line 1
[28-May-2022 11:00:03 Asia/Jakarta] PHP Warning:  Undefined variable $data in D:\nial_app\kotak-saran-emr\inputstatus.php on line 12
[28-May-2022 11:00:03 Asia/Jakarta] PHP Warning:  Trying to access array offset on value of type null in D:\nial_app\kotak-saran-emr\inputstatus.php on line 12
[28-May-2022 11:04:08 Asia/Jakarta] PHP Warning:  Undefined variable $data in D:\nial_app\kotak-saran-emr\inputstatus.php on line 1
[28-May-2022 11:04:08 Asia/Jakarta] PHP Warning:  Trying to access array offset on value of type null in D:\nial_app\kotak-saran-emr\inputstatus.php on line 1
[28-May-2022 11:04:08 Asia/Jakarta] PHP Warning:  Undefined variable $data in D:\nial_app\kotak-saran-emr\inputstatus.php on line 12
[28-May-2022 11:04:08 Asia/Jakarta] PHP Warning:  Trying to access array offset on value of type null in D:\nial_app\kotak-saran-emr\inputstatus.php on line 12
[28-May-2022 11:04:12 Asia/Jakarta] PHP Warning:  Undefined variable $data in D:\nial_app\kotak-saran-emr\inputstatus.php on line 1
[28-May-2022 11:04:12 Asia/Jakarta] PHP Warning:  Trying to access array offset on value of type null in D:\nial_app\kotak-saran-emr\inputstatus.php on line 1
[28-May-2022 11:04:12 Asia/Jakarta] PHP Warning:  Undefined variable $data in D:\nial_app\kotak-saran-emr\inputstatus.php on line 12
[28-May-2022 11:04:12 Asia/Jakarta] PHP Warning:  Trying to access array offset on value of type null in D:\nial_app\kotak-saran-emr\inputstatus.php on line 12
[28-May-2022 11:04:17 Asia/Jakarta] PHP Warning:  Undefined variable $data in D:\nial_app\kotak-saran-emr\inputstatus.php on line 1
[28-May-2022 11:04:17 Asia/Jakarta] PHP Warning:  Trying to access array offset on value of type null in D:\nial_app\kotak-saran-emr\inputstatus.php on line 1
[28-May-2022 11:04:17 Asia/Jakarta] PHP Warning:  Undefined variable $data in D:\nial_app\kotak-saran-emr\inputstatus.php on line 12
[28-May-2022 11:04:17 Asia/Jakarta] PHP Warning:  Trying to access array offset on value of type null in D:\nial_app\kotak-saran-emr\inputstatus.php on line 12
[28-May-2022 11:06:49 Asia/Jakarta] PHP Warning:  Trying to access array offset on value of type null in D:\nial_app\kotak-saran-emr\inputstatus.php on line 1
[28-May-2022 11:06:49 Asia/Jakarta] PHP Warning:  Trying to access array offset on value of type null in D:\nial_app\kotak-saran-emr\inputstatus.php on line 12
[28-May-2022 11:12:19 Asia/Jakarta] PHP Warning:  Undefined variable $data in D:\nial_app\kotak-saran-emr\inputstatus.php on line 1
[28-May-2022 11:12:19 Asia/Jakarta] PHP Warning:  Trying to access array offset on value of type null in D:\nial_app\kotak-saran-emr\inputstatus.php on line 1
[28-May-2022 11:12:19 Asia/Jakarta] PHP Warning:  Undefined variable $data in D:\nial_app\kotak-saran-emr\inputstatus.php on line 12
[28-May-2022 11:12:19 Asia/Jakarta] PHP Warning:  Trying to access array offset on value of type null in D:\nial_app\kotak-saran-emr\inputstatus.php on line 12
[28-May-2022 11:12:22 Asia/Jakarta] PHP Warning:  Trying to access array offset on value of type null in D:\nial_app\kotak-saran-emr\inputstatus.php on line 1
[28-May-2022 11:12:22 Asia/Jakarta] PHP Warning:  Trying to access array offset on value of type null in D:\nial_app\kotak-saran-emr\inputstatus.php on line 12
[02-Jun-2022 07:54:47 Asia/Jakarta] PHP Warning:  Undefined variable $data in D:\nial_app\kotak-saran-emr\inputstatus.php on line 1
[02-Jun-2022 07:54:47 Asia/Jakarta] PHP Warning:  Trying to access array offset on value of type null in D:\nial_app\kotak-saran-emr\inputstatus.php on line 1
[02-Jun-2022 07:54:47 Asia/Jakarta] PHP Warning:  Undefined variable $data in D:\nial_app\kotak-saran-emr\inputstatus.php on line 12
[02-Jun-2022 07:54:47 Asia/Jakarta] PHP Warning:  Trying to access array offset on value of type null in D:\nial_app\kotak-saran-emr\inputstatus.php on line 12
[02-Jun-2022 07:55:01 Asia/Jakarta] PHP Warning:  Trying to access array offset on value of type null in D:\nial_app\kotak-saran-emr\inputstatus.php on line 1
[02-Jun-2022 07:55:01 Asia/Jakarta] PHP Warning:  Trying to access array offset on value of type null in D:\nial_app\kotak-saran-emr\inputstatus.php on line 12
[02-Jun-2022 07:55:23 Asia/Jakarta] PHP Warning:  Trying to access array offset on value of type null in D:\nial_app\kotak-saran-emr\inputstatus.php on line 1
[02-Jun-2022 07:55:23 Asia/Jakarta] PHP Warning:  Trying to access array offset on value of type null in D:\nial_app\kotak-saran-emr\inputstatus.php on line 12
[02-Jun-2022 07:55:27 Asia/Jakarta] PHP Warning:  Trying to access array offset on value of type null in D:\nial_app\kotak-saran-emr\inputstatus.php on line 1
[02-Jun-2022 07:55:27 Asia/Jakarta] PHP Warning:  Trying to access array offset on value of type null in D:\nial_app\kotak-saran-emr\inputstatus.php on line 12
[02-Jun-2022 07:55:45 Asia/Jakarta] PHP Warning:  Undefined variable $data in D:\nial_app\kotak-saran-emr\inputstatus.php on line 1
[02-Jun-2022 07:55:45 Asia/Jakarta] PHP Warning:  Trying to access array offset on value of type null in D:\nial_app\kotak-saran-emr\inputstatus.php on line 1
[02-Jun-2022 07:55:45 Asia/Jakarta] PHP Warning:  Undefined variable $data in D:\nial_app\kotak-saran-emr\inputstatus.php on line 12
[02-Jun-2022 07:55:45 Asia/Jakarta] PHP Warning:  Trying to access array offset on value of type null in D:\nial_app\kotak-saran-emr\inputstatus.php on line 12
[02-Jun-2022 07:55:50 Asia/Jakarta] PHP Warning:  Trying to access array offset on value of type null in D:\nial_app\kotak-saran-emr\inputstatus.php on line 1
[02-Jun-2022 07:55:50 Asia/Jakarta] PHP Warning:  Trying to access array offset on value of type null in D:\nial_app\kotak-saran-emr\inputstatus.php on line 12
[04-Jun-2022 11:54:19 Asia/Jakarta] PHP Warning:  Undefined variable $data in D:\nial_app\kotak-saran-emr\inputstatus.php on line 1
[04-Jun-2022 11:54:19 Asia/Jakarta] PHP Warning:  Trying to access array offset on value of type null in D:\nial_app\kotak-saran-emr\inputstatus.php on line 1
[04-Jun-2022 11:54:19 Asia/Jakarta] PHP Warning:  Undefined variable $data in D:\nial_app\kotak-saran-emr\inputstatus.php on line 12
[04-Jun-2022 11:54:19 Asia/Jakarta] PHP Warning:  Trying to access array offset on value of type null in D:\nial_app\kotak-saran-emr\inputstatus.php on line 12
[04-Jun-2022 11:54:23 Asia/Jakarta] PHP Warning:  Trying to access array offset on value of type null in D:\nial_app\kotak-saran-emr\inputstatus.php on line 1
[04-Jun-2022 11:54:23 Asia/Jakarta] PHP Warning:  Trying to access array offset on value of type null in D:\nial_app\kotak-saran-emr\inputstatus.php on line 12
[04-Jun-2022 11:54:51 Asia/Jakarta] PHP Warning:  Undefined variable $data in D:\nial_app\kotak-saran-emr\inputstatus.php on line 1
[04-Jun-2022 11:54:51 Asia/Jakarta] PHP Warning:  Trying to access array offset on value of type null in D:\nial_app\kotak-saran-emr\inputstatus.php on line 1
[04-Jun-2022 11:54:51 Asia/Jakarta] PHP Warning:  Undefined variable $data in D:\nial_app\kotak-saran-emr\inputstatus.php on line 12
[04-Jun-2022 11:54:51 Asia/Jakarta] PHP Warning:  Trying to access array offset on value of type null in D:\nial_app\kotak-saran-emr\inputstatus.php on line 12
[04-Jun-2022 11:54:55 Asia/Jakarta] PHP Warning:  Trying to access array offset on value of type null in D:\nial_app\kotak-saran-emr\inputstatus.php on line 1
[04-Jun-2022 11:54:55 Asia/Jakarta] PHP Warning:  Trying to access array offset on value of type null in D:\nial_app\kotak-saran-emr\inputstatus.php on line 12
[04-Jun-2022 16:46:01 Asia/Jakarta] PHP Warning:  Undefined variable $data in D:\nial_app\kotak-saran-emr\inputstatus.php on line 1
[04-Jun-2022 16:46:01 Asia/Jakarta] PHP Warning:  Trying to access array offset on value of type null in D:\nial_app\kotak-saran-emr\inputstatus.php on line 1
[04-Jun-2022 16:46:01 Asia/Jakarta] PHP Warning:  Undefined variable $data in D:\nial_app\kotak-saran-emr\inputstatus.php on line 12
[04-Jun-2022 16:46:01 Asia/Jakarta] PHP Warning:  Trying to access array offset on value of type null in D:\nial_app\kotak-saran-emr\inputstatus.php on line 12
[08-Jun-2022 09:09:46 Asia/Jakarta] PHP Warning:  Undefined variable $data in D:\nial_app\kotak-saran-emr\inputstatus.php on line 1
[08-Jun-2022 09:09:46 Asia/Jakarta] PHP Warning:  Trying to access array offset on value of type null in D:\nial_app\kotak-saran-emr\inputstatus.php on line 1
[08-Jun-2022 09:09:46 Asia/Jakarta] PHP Warning:  Undefined variable $data in D:\nial_app\kotak-saran-emr\inputstatus.php on line 12
[08-Jun-2022 09:09:46 Asia/Jakarta] PHP Warning:  Trying to access array offset on value of type null in D:\nial_app\kotak-saran-emr\inputstatus.php on line 12
[08-Jun-2022 09:44:48 Asia/Jakarta] PHP Warning:  Undefined variable $data in D:\nial_app\kotak-saran-emr\inputstatus.php on line 1
[08-Jun-2022 09:44:48 Asia/Jakarta] PHP Warning:  Trying to access array offset on value of type null in D:\nial_app\kotak-saran-emr\inputstatus.php on line 1
[08-Jun-2022 09:44:48 Asia/Jakarta] PHP Warning:  Undefined variable $data in D:\nial_app\kotak-saran-emr\inputstatus.php on line 12
[08-Jun-2022 09:44:48 Asia/Jakarta] PHP Warning:  Trying to access array offset on value of type null in D:\nial_app\kotak-saran-emr\inputstatus.php on line 12
[08-Jun-2022 09:44:50 Asia/Jakarta] PHP Warning:  Trying to access array offset on value of type null in D:\nial_app\kotak-saran-emr\inputstatus.php on line 1
[08-Jun-2022 09:44:50 Asia/Jakarta] PHP Warning:  Trying to access array offset on value of type null in D:\nial_app\kotak-saran-emr\inputstatus.php on line 12
[08-Jun-2022 12:27:41 Asia/Jakarta] PHP Warning:  Trying to access array offset on value of type null in D:\nial_app\kotak-saran-emr\inputstatus.php on line 1
[08-Jun-2022 12:27:41 Asia/Jakarta] PHP Warning:  Trying to access array offset on value of type null in D:\nial_app\kotak-saran-emr\inputstatus.php on line 12
[08-Jun-2022 13:17:01 Asia/Jakarta] PHP Warning:  Trying to access array offset on value of type null in D:\nial_app\kotak-saran-emr\inputstatus.php on line 1
[08-Jun-2022 13:17:01 Asia/Jakarta] PHP Warning:  Trying to access array offset on value of type null in D:\nial_app\kotak-saran-emr\inputstatus.php on line 12
[08-Jun-2022 13:17:11 Asia/Jakarta] PHP Warning:  Trying to access array offset on value of type null in D:\nial_app\kotak-saran-emr\inputstatus.php on line 1
[08-Jun-2022 13:17:11 Asia/Jakarta] PHP Warning:  Trying to access array offset on value of type null in D:\nial_app\kotak-saran-emr\inputstatus.php on line 12
[08-Jun-2022 13:17:13 Asia/Jakarta] PHP Warning:  Trying to access array offset on value of type null in D:\nial_app\kotak-saran-emr\inputstatus.php on line 1
[08-Jun-2022 13:17:13 Asia/Jakarta] PHP Warning:  Trying to access array offset on value of type null in D:\nial_app\kotak-saran-emr\inputstatus.php on line 12
[08-Jun-2022 13:17:42 Asia/Jakarta] PHP Warning:  Undefined variable $data in D:\nial_app\kotak-saran-emr\inputstatus.php on line 1
[08-Jun-2022 13:17:42 Asia/Jakarta] PHP Warning:  Trying to access array offset on value of type null in D:\nial_app\kotak-saran-emr\inputstatus.php on line 1
[08-Jun-2022 13:17:42 Asia/Jakarta] PHP Warning:  Undefined variable $data in D:\nial_app\kotak-saran-emr\inputstatus.php on line 12
[08-Jun-2022 13:17:42 Asia/Jakarta] PHP Warning:  Trying to access array offset on value of type null in D:\nial_app\kotak-saran-emr\inputstatus.php on line 12
[08-Jun-2022 13:17:50 Asia/Jakarta] PHP Warning:  Undefined variable $data in D:\nial_app\kotak-saran-emr\inputstatus.php on line 1
[08-Jun-2022 13:17:50 Asia/Jakarta] PHP Warning:  Trying to access array offset on value of type null in D:\nial_app\kotak-saran-emr\inputstatus.php on line 1
[08-Jun-2022 13:17:50 Asia/Jakarta] PHP Warning:  Undefined variable $data in D:\nial_app\kotak-saran-emr\inputstatus.php on line 12
[08-Jun-2022 13:17:50 Asia/Jakarta] PHP Warning:  Trying to access array offset on value of type null in D:\nial_app\kotak-saran-emr\inputstatus.php on line 12
[15-Jun-2022 09:45:38 Asia/Jakarta] PHP Warning:  Undefined variable $data in D:\nial_app\kotak-saran-emr\inputstatus.php on line 1
[15-Jun-2022 09:45:38 Asia/Jakarta] PHP Warning:  Trying to access array offset on value of type null in D:\nial_app\kotak-saran-emr\inputstatus.php on line 1
[15-Jun-2022 09:45:38 Asia/Jakarta] PHP Warning:  Undefined variable $data in D:\nial_app\kotak-saran-emr\inputstatus.php on line 12
[15-Jun-2022 09:45:38 Asia/Jakarta] PHP Warning:  Trying to access array offset on value of type null in D:\nial_app\kotak-saran-emr\inputstatus.php on line 12
[15-Jun-2022 09:45:41 Asia/Jakarta] PHP Warning:  Trying to access array offset on value of type null in D:\nial_app\kotak-saran-emr\inputstatus.php on line 1
[15-Jun-2022 09:45:41 Asia/Jakarta] PHP Warning:  Trying to access array offset on value of type null in D:\nial_app\kotak-saran-emr\inputstatus.php on line 12
[15-Jun-2022 10:00:36 Asia/Jakarta] PHP Warning:  Undefined variable $data in D:\nial_app\kotak-saran-emr\inputstatus.php on line 1
[15-Jun-2022 10:00:36 Asia/Jakarta] PHP Warning:  Trying to access array offset on value of type null in D:\nial_app\kotak-saran-emr\inputstatus.php on line 1
[15-Jun-2022 10:00:36 Asia/Jakarta] PHP Warning:  Undefined variable $data in D:\nial_app\kotak-saran-emr\inputstatus.php on line 12
[15-Jun-2022 10:00:36 Asia/Jakarta] PHP Warning:  Trying to access array offset on value of type null in D:\nial_app\kotak-saran-emr\inputstatus.php on line 12
[15-Jun-2022 10:00:39 Asia/Jakarta] PHP Warning:  Trying to access array offset on value of type null in D:\nial_app\kotak-saran-emr\inputstatus.php on line 1
[15-Jun-2022 10:00:39 Asia/Jakarta] PHP Warning:  Trying to access array offset on value of type null in D:\nial_app\kotak-saran-emr\inputstatus.php on line 12
[18-Jun-2022 11:05:03 Asia/Jakarta] PHP Warning:  Undefined variable $data in D:\nial_app\order-perbaikan\inputstatus.php on line 1
[18-Jun-2022 11:05:03 Asia/Jakarta] PHP Warning:  Trying to access array offset on value of type null in D:\nial_app\order-perbaikan\inputstatus.php on line 1
[18-Jun-2022 11:05:03 Asia/Jakarta] PHP Warning:  Undefined variable $data in D:\nial_app\order-perbaikan\inputstatus.php on line 12
[18-Jun-2022 11:05:03 Asia/Jakarta] PHP Warning:  Trying to access array offset on value of type null in D:\nial_app\order-perbaikan\inputstatus.php on line 12
[18-Jun-2022 11:07:17 Asia/Jakarta] PHP Warning:  Undefined variable $data in D:\nial_app\order-perbaikan\inputstatus.php on line 1
[18-Jun-2022 11:07:17 Asia/Jakarta] PHP Warning:  Trying to access array offset on value of type null in D:\nial_app\order-perbaikan\inputstatus.php on line 1
[18-Jun-2022 11:07:17 Asia/Jakarta] PHP Warning:  Undefined variable $data in D:\nial_app\order-perbaikan\inputstatus.php on line 12
[18-Jun-2022 11:07:17 Asia/Jakarta] PHP Warning:  Trying to access array offset on value of type null in D:\nial_app\order-perbaikan\inputstatus.php on line 12
[18-Jun-2022 11:09:36 Asia/Jakarta] PHP Warning:  Undefined variable $data in D:\nial_app\order-perbaikan\inputstatus.php on line 1
[18-Jun-2022 11:09:36 Asia/Jakarta] PHP Warning:  Trying to access array offset on value of type null in D:\nial_app\order-perbaikan\inputstatus.php on line 1
[18-Jun-2022 11:09:36 Asia/Jakarta] PHP Warning:  Undefined variable $data in D:\nial_app\order-perbaikan\inputstatus.php on line 12
[18-Jun-2022 11:09:36 Asia/Jakarta] PHP Warning:  Trying to access array offset on value of type null in D:\nial_app\order-perbaikan\inputstatus.php on line 12
[18-Jun-2022 11:09:39 Asia/Jakarta] PHP Warning:  Undefined variable $data in D:\nial_app\order-perbaikan\inputstatus.php on line 1
[18-Jun-2022 11:09:39 Asia/Jakarta] PHP Warning:  Trying to access array offset on value of type null in D:\nial_app\order-perbaikan\inputstatus.php on line 1
[18-Jun-2022 11:09:39 Asia/Jakarta] PHP Warning:  Undefined variable $data in D:\nial_app\order-perbaikan\inputstatus.php on line 12
[18-Jun-2022 11:09:39 Asia/Jakarta] PHP Warning:  Trying to access array offset on value of type null in D:\nial_app\order-perbaikan\inputstatus.php on line 12
[18-Jun-2022 11:28:47 Asia/Jakarta] PHP Parse error:  syntax error, unexpected variable "$layanan", expecting "]" in D:\nial_app\order-perbaikan\proses.php on line 28
[18-Jun-2022 11:28:50 Asia/Jakarta] PHP Parse error:  syntax error, unexpected variable "$layanan", expecting "]" in D:\nial_app\order-perbaikan\proses.php on line 28
[18-Jun-2022 11:29:01 Asia/Jakarta] PHP Parse error:  syntax error, unexpected variable "$layanan", expecting "]" in D:\nial_app\order-perbaikan\proses.php on line 28
[18-Jun-2022 11:29:31 Asia/Jakarta] PHP Parse error:  syntax error, unexpected identifier "Perbaikan", expecting "]" in D:\nial_app\order-perbaikan\proses.php on line 28
[18-Jun-2022 12:26:30 Asia/Jakarta] PHP Parse error:  syntax error, unexpected variable "$layanan", expecting "]" in D:\nial_app\order-perbaikan\proses.php on line 30
[20-Jun-2022 09:04:27 Asia/Jakarta] PHP Warning:  Undefined variable $data in D:\nial_app\order-perbaikan\inputstatus.php on line 1
[20-Jun-2022 09:04:27 Asia/Jakarta] PHP Warning:  Trying to access array offset on value of type null in D:\nial_app\order-perbaikan\inputstatus.php on line 1
[20-Jun-2022 09:04:27 Asia/Jakarta] PHP Warning:  Undefined variable $data in D:\nial_app\order-perbaikan\inputstatus.php on line 12
[20-Jun-2022 09:04:27 Asia/Jakarta] PHP Warning:  Trying to access array offset on value of type null in D:\nial_app\order-perbaikan\inputstatus.php on line 12
[22-Jun-2022 14:32:08 Asia/Jakarta] PHP Warning:  Undefined variable $data in D:\nial_app\order-perbaikan\inputstatus.php on line 1
[22-Jun-2022 14:32:08 Asia/Jakarta] PHP Warning:  Trying to access array offset on value of type null in D:\nial_app\order-perbaikan\inputstatus.php on line 1
[22-Jun-2022 14:32:08 Asia/Jakarta] PHP Warning:  Undefined variable $data in D:\nial_app\order-perbaikan\inputstatus.php on line 12
[22-Jun-2022 14:32:08 Asia/Jakarta] PHP Warning:  Trying to access array offset on value of type null in D:\nial_app\order-perbaikan\inputstatus.php on line 12
[04-Jul-2022 09:48:49 Asia/Jakarta] PHP Warning:  Undefined variable $data in D:\nial_app\order-perbaikan\inputstatus.php on line 1
[04-Jul-2022 09:48:49 Asia/Jakarta] PHP Warning:  Trying to access array offset on value of type null in D:\nial_app\order-perbaikan\inputstatus.php on line 1
[04-Jul-2022 09:48:49 Asia/Jakarta] PHP Warning:  Undefined variable $data in D:\nial_app\order-perbaikan\inputstatus.php on line 12
[04-Jul-2022 09:48:49 Asia/Jakarta] PHP Warning:  Trying to access array offset on value of type null in D:\nial_app\order-perbaikan\inputstatus.php on line 12
[04-Jul-2022 09:50:57 Asia/Jakarta] PHP Warning:  Undefined array key "" in D:\nial_app\order-perbaikan\proses.php on line 14
[04-Jul-2022 10:00:02 Asia/Jakarta] PHP Parse error:  syntax error, unexpected token ">" in D:\nial_app\order-perbaikan\proses.php on line 32
[04-Jul-2022 11:19:11 Asia/Jakarta] PHP Parse error:  syntax error, unexpected single-quoted string "tanggal :", expecting "]" in D:\nial_app\order-perbaikan\proses.php on line 32
[04-Jul-2022 11:21:59 Asia/Jakarta] PHP Parse error:  syntax error, unexpected single-quoted string "tanggal :", expecting "]" in D:\nial_app\order-perbaikan\proses.php on line 32
[04-Jul-2022 11:22:17 Asia/Jakarta] PHP Parse error:  syntax error, unexpected identifier "tanggal", expecting "]" in D:\nial_app\order-perbaikan\proses.php on line 32
[04-Jul-2022 11:24:35 Asia/Jakarta] PHP Parse error:  syntax error, unexpected token ":" in D:\nial_app\order-perbaikan\proses.php on line 33
[04-Jul-2022 11:28:46 Asia/Jakarta] PHP Parse error:  syntax error, unexpected variable "$ketTanggal", expecting "]" in D:\nial_app\order-perbaikan\proses.php on line 34
[04-Jul-2022 11:42:26 Asia/Jakarta] PHP Parse error:  syntax error, unexpected token "echo", expecting "]" in D:\nial_app\order-perbaikan\proses.php on line 39
[04-Jul-2022 11:43:51 Asia/Jakarta] PHP Parse error:  syntax error, unexpected token "echo", expecting "]" in D:\nial_app\order-perbaikan\proses.php on line 39
[04-Jul-2022 11:44:14 Asia/Jakarta] PHP Parse error:  syntax error, unexpected token "break" in D:\nial_app\order-perbaikan\proses.php on line 39
[04-Jul-2022 11:46:33 Asia/Jakarta] PHP Parse error:  syntax error, unexpected token ">" in D:\nial_app\order-perbaikan\proses.php on line 39
[04-Jul-2022 13:41:58 Asia/Jakarta] PHP Warning:  Undefined array key "status" in D:\nial_app\order-perbaikan\proses.php on line 13
[04-Jul-2022 14:02:23 Asia/Jakarta] PHP Warning:  Undefined variable $data in D:\nial_app\order-perbaikan\inputstatus.php on line 1
[04-Jul-2022 14:02:23 Asia/Jakarta] PHP Warning:  Trying to access array offset on value of type null in D:\nial_app\order-perbaikan\inputstatus.php on line 1
[04-Jul-2022 14:02:23 Asia/Jakarta] PHP Warning:  Undefined variable $data in D:\nial_app\order-perbaikan\inputstatus.php on line 12
[04-Jul-2022 14:02:23 Asia/Jakarta] PHP Warning:  Trying to access array offset on value of type null in D:\nial_app\order-perbaikan\inputstatus.php on line 12
[04-Jul-2022 14:04:48 Asia/Jakarta] PHP Warning:  Undefined variable $data in D:\nial_app\order-perbaikan\inputstatus.php on line 1
[04-Jul-2022 14:04:48 Asia/Jakarta] PHP Warning:  Trying to access array offset on value of type null in D:\nial_app\order-perbaikan\inputstatus.php on line 1
[04-Jul-2022 14:04:48 Asia/Jakarta] PHP Warning:  Undefined variable $data in D:\nial_app\order-perbaikan\inputstatus.php on line 12
[04-Jul-2022 14:04:48 Asia/Jakarta] PHP Warning:  Trying to access array offset on value of type null in D:\nial_app\order-perbaikan\inputstatus.php on line 12
[04-Jul-2022 14:04:51 Asia/Jakarta] PHP Warning:  Trying to access array offset on value of type null in D:\nial_app\order-perbaikan\inputstatus.php on line 1
[04-Jul-2022 14:04:51 Asia/Jakarta] PHP Warning:  Trying to access array offset on value of type null in D:\nial_app\order-perbaikan\inputstatus.php on line 12
[04-Jul-2022 14:05:01 Asia/Jakarta] PHP Warning:  Trying to access array offset on value of type null in D:\nial_app\order-perbaikan\inputstatus.php on line 1
[04-Jul-2022 14:05:01 Asia/Jakarta] PHP Warning:  Trying to access array offset on value of type null in D:\nial_app\order-perbaikan\inputstatus.php on line 12
[04-Jul-2022 14:06:03 Asia/Jakarta] PHP Warning:  Undefined variable $data in D:\nial_app\order-perbaikan\inputstatus.php on line 1
[04-Jul-2022 14:06:03 Asia/Jakarta] PHP Warning:  Trying to access array offset on value of type null in D:\nial_app\order-perbaikan\inputstatus.php on line 1
[04-Jul-2022 14:06:03 Asia/Jakarta] PHP Warning:  Undefined variable $data in D:\nial_app\order-perbaikan\inputstatus.php on line 12
[04-Jul-2022 14:06:03 Asia/Jakarta] PHP Warning:  Trying to access array offset on value of type null in D:\nial_app\order-perbaikan\inputstatus.php on line 12
[04-Jul-2022 14:06:06 Asia/Jakarta] PHP Warning:  Trying to access array offset on value of type null in D:\nial_app\order-perbaikan\inputstatus.php on line 1
[04-Jul-2022 14:06:06 Asia/Jakarta] PHP Warning:  Trying to access array offset on value of type null in D:\nial_app\order-perbaikan\inputstatus.php on line 12
[04-Jul-2022 14:06:21 Asia/Jakarta] PHP Warning:  Trying to access array offset on value of type null in D:\nial_app\order-perbaikan\inputstatus.php on line 1
[04-Jul-2022 14:06:21 Asia/Jakarta] PHP Warning:  Trying to access array offset on value of type null in D:\nial_app\order-perbaikan\inputstatus.php on line 12
[04-Jul-2022 14:06:26 Asia/Jakarta] PHP Warning:  Trying to access array offset on value of type null in D:\nial_app\order-perbaikan\inputstatus.php on line 1
[04-Jul-2022 14:06:26 Asia/Jakarta] PHP Warning:  Trying to access array offset on value of type null in D:\nial_app\order-perbaikan\inputstatus.php on line 12
[04-Jul-2022 14:07:05 Asia/Jakarta] PHP Warning:  Undefined variable $data in D:\nial_app\order-perbaikan\inputstatus.php on line 1
[04-Jul-2022 14:07:05 Asia/Jakarta] PHP Warning:  Trying to access array offset on value of type null in D:\nial_app\order-perbaikan\inputstatus.php on line 1
[04-Jul-2022 14:07:05 Asia/Jakarta] PHP Warning:  Undefined variable $data in D:\nial_app\order-perbaikan\inputstatus.php on line 12
[04-Jul-2022 14:07:05 Asia/Jakarta] PHP Warning:  Trying to access array offset on value of type null in D:\nial_app\order-perbaikan\inputstatus.php on line 12
[04-Jul-2022 14:07:27 Asia/Jakarta] PHP Warning:  Undefined variable $data in D:\nial_app\order-perbaikan\inputstatus.php on line 1
[04-Jul-2022 14:07:27 Asia/Jakarta] PHP Warning:  Trying to access array offset on value of type null in D:\nial_app\order-perbaikan\inputstatus.php on line 1
[04-Jul-2022 14:07:27 Asia/Jakarta] PHP Warning:  Undefined variable $data in D:\nial_app\order-perbaikan\inputstatus.php on line 12
[04-Jul-2022 14:07:27 Asia/Jakarta] PHP Warning:  Trying to access array offset on value of type null in D:\nial_app\order-perbaikan\inputstatus.php on line 12
[04-Jul-2022 14:07:59 Asia/Jakarta] PHP Warning:  Undefined variable $data in D:\nial_app\order-perbaikan\inputstatus.php on line 1
[04-Jul-2022 14:07:59 Asia/Jakarta] PHP Warning:  Trying to access array offset on value of type null in D:\nial_app\order-perbaikan\inputstatus.php on line 1
[04-Jul-2022 14:07:59 Asia/Jakarta] PHP Warning:  Undefined variable $data in D:\nial_app\order-perbaikan\inputstatus.php on line 12
[04-Jul-2022 14:07:59 Asia/Jakarta] PHP Warning:  Trying to access array offset on value of type null in D:\nial_app\order-perbaikan\inputstatus.php on line 12
[04-Jul-2022 15:07:00 Asia/Jakarta] PHP Warning:  Undefined variable $data in D:\nial_app\order-perbaikan\inputstatus.php on line 1
[04-Jul-2022 15:07:00 Asia/Jakarta] PHP Warning:  Trying to access array offset on value of type null in D:\nial_app\order-perbaikan\inputstatus.php on line 1
[04-Jul-2022 15:07:00 Asia/Jakarta] PHP Warning:  Undefined variable $data in D:\nial_app\order-perbaikan\inputstatus.php on line 12
[04-Jul-2022 15:07:00 Asia/Jakarta] PHP Warning:  Trying to access array offset on value of type null in D:\nial_app\order-perbaikan\inputstatus.php on line 12
[04-Jul-2022 15:07:06 Asia/Jakarta] PHP Warning:  Trying to access array offset on value of type null in D:\nial_app\order-perbaikan\inputstatus.php on line 1
[04-Jul-2022 15:07:06 Asia/Jakarta] PHP Warning:  Trying to access array offset on value of type null in D:\nial_app\order-perbaikan\inputstatus.php on line 12
[04-Jul-2022 15:07:18 Asia/Jakarta] PHP Warning:  Undefined variable $data in D:\nial_app\order-perbaikan\inputstatus.php on line 1
[04-Jul-2022 15:07:18 Asia/Jakarta] PHP Warning:  Trying to access array offset on value of type null in D:\nial_app\order-perbaikan\inputstatus.php on line 1
[04-Jul-2022 15:07:18 Asia/Jakarta] PHP Warning:  Undefined variable $data in D:\nial_app\order-perbaikan\inputstatus.php on line 12
[04-Jul-2022 15:07:18 Asia/Jakarta] PHP Warning:  Trying to access array offset on value of type null in D:\nial_app\order-perbaikan\inputstatus.php on line 12
[04-Jul-2022 15:07:25 Asia/Jakarta] PHP Warning:  Trying to access array offset on value of type null in D:\nial_app\order-perbaikan\inputstatus.php on line 1
[04-Jul-2022 15:07:25 Asia/Jakarta] PHP Warning:  Trying to access array offset on value of type null in D:\nial_app\order-perbaikan\inputstatus.php on line 12
[04-Jul-2022 15:07:27 Asia/Jakarta] PHP Warning:  Trying to access array offset on value of type null in D:\nial_app\order-perbaikan\inputstatus.php on line 1
[04-Jul-2022 15:07:27 Asia/Jakarta] PHP Warning:  Trying to access array offset on value of type null in D:\nial_app\order-perbaikan\inputstatus.php on line 12
[04-Jul-2022 15:09:05 Asia/Jakarta] PHP Warning:  Undefined variable $data in D:\nial_app\order-perbaikan\inputstatus.php on line 1
[04-Jul-2022 15:09:05 Asia/Jakarta] PHP Warning:  Trying to access array offset on value of type null in D:\nial_app\order-perbaikan\inputstatus.php on line 1
[04-Jul-2022 15:09:05 Asia/Jakarta] PHP Warning:  Undefined variable $data in D:\nial_app\order-perbaikan\inputstatus.php on line 12
[04-Jul-2022 15:09:05 Asia/Jakarta] PHP Warning:  Trying to access array offset on value of type null in D:\nial_app\order-perbaikan\inputstatus.php on line 12
[05-Jul-2022 09:56:56 Asia/Jakarta] PHP Warning:  Undefined variable $data in D:\nial_app\order-perbaikan\inputstatus.php on line 1
[05-Jul-2022 09:56:56 Asia/Jakarta] PHP Warning:  Trying to access array offset on value of type null in D:\nial_app\order-perbaikan\inputstatus.php on line 1
[05-Jul-2022 09:56:56 Asia/Jakarta] PHP Warning:  Undefined variable $data in D:\nial_app\order-perbaikan\inputstatus.php on line 12
[05-Jul-2022 09:56:56 Asia/Jakarta] PHP Warning:  Trying to access array offset on value of type null in D:\nial_app\order-perbaikan\inputstatus.php on line 12
[05-Jul-2022 09:57:01 Asia/Jakarta] PHP Warning:  Trying to access array offset on value of type null in D:\nial_app\order-perbaikan\inputstatus.php on line 1
[05-Jul-2022 09:57:01 Asia/Jakarta] PHP Warning:  Trying to access array offset on value of type null in D:\nial_app\order-perbaikan\inputstatus.php on line 12
[05-Jul-2022 10:00:28 Asia/Jakarta] PHP Warning:  Trying to access array offset on value of type null in D:\nial_app\order-perbaikan\inputstatus.php on line 1
[05-Jul-2022 10:00:28 Asia/Jakarta] PHP Warning:  Trying to access array offset on value of type null in D:\nial_app\order-perbaikan\inputstatus.php on line 12
[05-Jul-2022 10:09:27 Asia/Jakarta] PHP Warning:  Undefined variable $data in D:\nial_app\order-perbaikan\inputstatus.php on line 1
[05-Jul-2022 10:09:27 Asia/Jakarta] PHP Warning:  Trying to access array offset on value of type null in D:\nial_app\order-perbaikan\inputstatus.php on line 1
[05-Jul-2022 10:09:27 Asia/Jakarta] PHP Warning:  Undefined variable $data in D:\nial_app\order-perbaikan\inputstatus.php on line 12
[05-Jul-2022 10:09:27 Asia/Jakarta] PHP Warning:  Trying to access array offset on value of type null in D:\nial_app\order-perbaikan\inputstatus.php on line 12
[05-Jul-2022 10:09:31 Asia/Jakarta] PHP Warning:  Trying to access array offset on value of type null in D:\nial_app\order-perbaikan\inputstatus.php on line 1
[05-Jul-2022 10:09:31 Asia/Jakarta] PHP Warning:  Trying to access array offset on value of type null in D:\nial_app\order-perbaikan\inputstatus.php on line 12
[07-Jul-2022 08:54:58 Asia/Jakarta] PHP Warning:  Undefined variable $data in D:\nial_app\order-perbaikan\inputstatus.php on line 1
[07-Jul-2022 08:54:58 Asia/Jakarta] PHP Warning:  Trying to access array offset on value of type null in D:\nial_app\order-perbaikan\inputstatus.php on line 1
[07-Jul-2022 08:54:58 Asia/Jakarta] PHP Warning:  Undefined variable $data in D:\nial_app\order-perbaikan\inputstatus.php on line 12
[07-Jul-2022 08:54:58 Asia/Jakarta] PHP Warning:  Trying to access array offset on value of type null in D:\nial_app\order-perbaikan\inputstatus.php on line 12
[07-Jul-2022 08:55:00 Asia/Jakarta] PHP Warning:  Trying to access array offset on value of type null in D:\nial_app\order-perbaikan\inputstatus.php on line 1
[07-Jul-2022 08:55:00 Asia/Jakarta] PHP Warning:  Trying to access array offset on value of type null in D:\nial_app\order-perbaikan\inputstatus.php on line 12
[07-Jul-2022 08:56:08 Asia/Jakarta] PHP Warning:  Trying to access array offset on value of type null in D:\nial_app\order-perbaikan\inputstatus.php on line 1
[07-Jul-2022 08:56:08 Asia/Jakarta] PHP Warning:  Trying to access array offset on value of type null in D:\nial_app\order-perbaikan\inputstatus.php on line 12
[07-Jul-2022 10:07:43 Asia/Jakarta] PHP Warning:  Undefined variable $data in D:\nial_app\order-perbaikan\inputstatus.php on line 1
[07-Jul-2022 10:07:43 Asia/Jakarta] PHP Warning:  Trying to access array offset on value of type null in D:\nial_app\order-perbaikan\inputstatus.php on line 1
[07-Jul-2022 10:07:43 Asia/Jakarta] PHP Warning:  Undefined variable $data in D:\nial_app\order-perbaikan\inputstatus.php on line 12
[07-Jul-2022 10:07:43 Asia/Jakarta] PHP Warning:  Trying to access array offset on value of type null in D:\nial_app\order-perbaikan\inputstatus.php on line 12
[07-Jul-2022 10:09:51 Asia/Jakarta] PHP Warning:  Undefined variable $data in D:\nial_app\order-perbaikan\inputstatus.php on line 1
[07-Jul-2022 10:09:51 Asia/Jakarta] PHP Warning:  Trying to access array offset on value of type null in D:\nial_app\order-perbaikan\inputstatus.php on line 1
[07-Jul-2022 10:09:51 Asia/Jakarta] PHP Warning:  Undefined variable $data in D:\nial_app\order-perbaikan\inputstatus.php on line 12
[07-Jul-2022 10:09:51 Asia/Jakarta] PHP Warning:  Trying to access array offset on value of type null in D:\nial_app\order-perbaikan\inputstatus.php on line 12
[07-Jul-2022 10:09:56 Asia/Jakarta] PHP Warning:  Trying to access array offset on value of type null in D:\nial_app\order-perbaikan\inputstatus.php on line 1
[07-Jul-2022 10:09:56 Asia/Jakarta] PHP Warning:  Trying to access array offset on value of type null in D:\nial_app\order-perbaikan\inputstatus.php on line 12
[19-Jul-2022 10:54:03 Asia/Jakarta] PHP Warning:  Undefined variable $data in D:\nial_app\order-perbaikan\inputstatus.php on line 1
[19-Jul-2022 10:54:03 Asia/Jakarta] PHP Warning:  Trying to access array offset on value of type null in D:\nial_app\order-perbaikan\inputstatus.php on line 1
[19-Jul-2022 10:54:03 Asia/Jakarta] PHP Warning:  Undefined variable $data in D:\nial_app\order-perbaikan\inputstatus.php on line 12
[19-Jul-2022 10:54:03 Asia/Jakarta] PHP Warning:  Trying to access array offset on value of type null in D:\nial_app\order-perbaikan\inputstatus.php on line 12
[19-Jul-2022 11:12:50 Asia/Jakarta] PHP Warning:  Undefined variable $data in D:\nial_app\timeline-ppi\inputstatus.php on line 1
[19-Jul-2022 11:12:50 Asia/Jakarta] PHP Warning:  Trying to access array offset on value of type null in D:\nial_app\timeline-ppi\inputstatus.php on line 1
[19-Jul-2022 11:12:50 Asia/Jakarta] PHP Warning:  Undefined variable $data in D:\nial_app\timeline-ppi\inputstatus.php on line 12
[19-Jul-2022 11:12:50 Asia/Jakarta] PHP Warning:  Trying to access array offset on value of type null in D:\nial_app\timeline-ppi\inputstatus.php on line 12
[19-Jul-2022 11:12:54 Asia/Jakarta] PHP Warning:  Undefined variable $data in D:\nial_app\timeline-ppi\inputstatus.php on line 1
[19-Jul-2022 11:12:54 Asia/Jakarta] PHP Warning:  Trying to access array offset on value of type null in D:\nial_app\timeline-ppi\inputstatus.php on line 1
[19-Jul-2022 11:12:54 Asia/Jakarta] PHP Warning:  Undefined variable $data in D:\nial_app\timeline-ppi\inputstatus.php on line 12
[19-Jul-2022 11:12:54 Asia/Jakarta] PHP Warning:  Trying to access array offset on value of type null in D:\nial_app\timeline-ppi\inputstatus.php on line 12
[19-Jul-2022 11:12:56 Asia/Jakarta] PHP Warning:  Undefined variable $data in D:\nial_app\timeline-ppi\inputstatus.php on line 1
[19-Jul-2022 11:12:56 Asia/Jakarta] PHP Warning:  Trying to access array offset on value of type null in D:\nial_app\timeline-ppi\inputstatus.php on line 1
[19-Jul-2022 11:12:56 Asia/Jakarta] PHP Warning:  Undefined variable $data in D:\nial_app\timeline-ppi\inputstatus.php on line 12
[19-Jul-2022 11:12:56 Asia/Jakarta] PHP Warning:  Trying to access array offset on value of type null in D:\nial_app\timeline-ppi\inputstatus.php on line 12
[19-Jul-2022 11:12:58 Asia/Jakarta] PHP Warning:  Undefined variable $data in D:\nial_app\timeline-ppi\inputstatus.php on line 1
[19-Jul-2022 11:12:58 Asia/Jakarta] PHP Warning:  Trying to access array offset on value of type null in D:\nial_app\timeline-ppi\inputstatus.php on line 1
[19-Jul-2022 11:12:58 Asia/Jakarta] PHP Warning:  Undefined variable $data in D:\nial_app\timeline-ppi\inputstatus.php on line 12
[19-Jul-2022 11:12:58 Asia/Jakarta] PHP Warning:  Trying to access array offset on value of type null in D:\nial_app\timeline-ppi\inputstatus.php on line 12
[19-Jul-2022 11:13:14 Asia/Jakarta] PHP Warning:  Undefined variable $data in D:\nial_app\timeline-ppi\inputstatus.php on line 1
[19-Jul-2022 11:13:14 Asia/Jakarta] PHP Warning:  Trying to access array offset on value of type null in D:\nial_app\timeline-ppi\inputstatus.php on line 1
[19-Jul-2022 11:13:14 Asia/Jakarta] PHP Warning:  Undefined variable $data in D:\nial_app\timeline-ppi\inputstatus.php on line 12
[19-Jul-2022 11:13:14 Asia/Jakarta] PHP Warning:  Trying to access array offset on value of type null in D:\nial_app\timeline-ppi\inputstatus.php on line 12
[19-Jul-2022 11:13:31 Asia/Jakarta] PHP Warning:  Undefined variable $data in D:\nial_app\timeline-ppi\inputstatus.php on line 1
[19-Jul-2022 11:13:31 Asia/Jakarta] PHP Warning:  Trying to access array offset on value of type null in D:\nial_app\timeline-ppi\inputstatus.php on line 1
[19-Jul-2022 11:13:31 Asia/Jakarta] PHP Warning:  Undefined variable $data in D:\nial_app\timeline-ppi\inputstatus.php on line 12
[19-Jul-2022 11:13:31 Asia/Jakarta] PHP Warning:  Trying to access array offset on value of type null in D:\nial_app\timeline-ppi\inputstatus.php on line 12
[19-Jul-2022 11:13:42 Asia/Jakarta] PHP Warning:  Undefined variable $data in D:\nial_app\timeline-ppi\inputstatus.php on line 1
[19-Jul-2022 11:13:42 Asia/Jakarta] PHP Warning:  Trying to access array offset on value of type null in D:\nial_app\timeline-ppi\inputstatus.php on line 1
[19-Jul-2022 11:13:42 Asia/Jakarta] PHP Warning:  Undefined variable $data in D:\nial_app\timeline-ppi\inputstatus.php on line 12
[19-Jul-2022 11:13:42 Asia/Jakarta] PHP Warning:  Trying to access array offset on value of type null in D:\nial_app\timeline-ppi\inputstatus.php on line 12
[19-Jul-2022 11:14:08 Asia/Jakarta] PHP Warning:  Undefined variable $data in D:\nial_app\timeline-ppi\inputstatus.php on line 1
[19-Jul-2022 11:14:08 Asia/Jakarta] PHP Warning:  Trying to access array offset on value of type null in D:\nial_app\timeline-ppi\inputstatus.php on line 1
[19-Jul-2022 11:14:08 Asia/Jakarta] PHP Warning:  Undefined variable $data in D:\nial_app\timeline-ppi\inputstatus.php on line 12
[19-Jul-2022 11:14:08 Asia/Jakarta] PHP Warning:  Trying to access array offset on value of type null in D:\nial_app\timeline-ppi\inputstatus.php on line 12
[19-Jul-2022 11:14:20 Asia/Jakarta] PHP Warning:  Undefined variable $data in D:\nial_app\timeline-ppi\inputstatus.php on line 1
[19-Jul-2022 11:14:20 Asia/Jakarta] PHP Warning:  Trying to access array offset on value of type null in D:\nial_app\timeline-ppi\inputstatus.php on line 1
[19-Jul-2022 11:14:20 Asia/Jakarta] PHP Warning:  Undefined variable $data in D:\nial_app\timeline-ppi\inputstatus.php on line 12
[19-Jul-2022 11:14:20 Asia/Jakarta] PHP Warning:  Trying to access array offset on value of type null in D:\nial_app\timeline-ppi\inputstatus.php on line 12
[19-Jul-2022 11:14:43 Asia/Jakarta] PHP Warning:  Undefined variable $data in D:\nial_app\timeline-ppi\inputstatus.php on line 1
[19-Jul-2022 11:14:43 Asia/Jakarta] PHP Warning:  Trying to access array offset on value of type null in D:\nial_app\timeline-ppi\inputstatus.php on line 1
[19-Jul-2022 11:14:43 Asia/Jakarta] PHP Warning:  Undefined variable $data in D:\nial_app\timeline-ppi\inputstatus.php on line 12
[19-Jul-2022 11:14:43 Asia/Jakarta] PHP Warning:  Trying to access array offset on value of type null in D:\nial_app\timeline-ppi\inputstatus.php on line 12
[19-Jul-2022 11:14:56 Asia/Jakarta] PHP Warning:  Undefined variable $data in D:\nial_app\timeline-ppi\inputstatus.php on line 1
[19-Jul-2022 11:14:56 Asia/Jakarta] PHP Warning:  Trying to access array offset on value of type null in D:\nial_app\timeline-ppi\inputstatus.php on line 1
[19-Jul-2022 11:14:56 Asia/Jakarta] PHP Warning:  Undefined variable $data in D:\nial_app\timeline-ppi\inputstatus.php on line 12
[19-Jul-2022 11:14:56 Asia/Jakarta] PHP Warning:  Trying to access array offset on value of type null in D:\nial_app\timeline-ppi\inputstatus.php on line 12
[19-Jul-2022 11:15:02 Asia/Jakarta] PHP Warning:  Undefined variable $data in D:\nial_app\timeline-ppi\inputstatus.php on line 1
[19-Jul-2022 11:15:02 Asia/Jakarta] PHP Warning:  Trying to access array offset on value of type null in D:\nial_app\timeline-ppi\inputstatus.php on line 1
[19-Jul-2022 11:15:02 Asia/Jakarta] PHP Warning:  Undefined variable $data in D:\nial_app\timeline-ppi\inputstatus.php on line 12
[19-Jul-2022 11:15:02 Asia/Jakarta] PHP Warning:  Trying to access array offset on value of type null in D:\nial_app\timeline-ppi\inputstatus.php on line 12
[19-Jul-2022 11:15:15 Asia/Jakarta] PHP Warning:  Undefined variable $data in D:\nial_app\timeline-ppi\inputstatus.php on line 1
[19-Jul-2022 11:15:15 Asia/Jakarta] PHP Warning:  Trying to access array offset on value of type null in D:\nial_app\timeline-ppi\inputstatus.php on line 1
[19-Jul-2022 11:15:15 Asia/Jakarta] PHP Warning:  Undefined variable $data in D:\nial_app\timeline-ppi\inputstatus.php on line 12
[19-Jul-2022 11:15:15 Asia/Jakarta] PHP Warning:  Trying to access array offset on value of type null in D:\nial_app\timeline-ppi\inputstatus.php on line 12
[19-Jul-2022 11:15:28 Asia/Jakarta] PHP Warning:  Undefined variable $data in D:\nial_app\timeline-ppi\inputstatus.php on line 1
[19-Jul-2022 11:15:28 Asia/Jakarta] PHP Warning:  Trying to access array offset on value of type null in D:\nial_app\timeline-ppi\inputstatus.php on line 1
[19-Jul-2022 11:15:28 Asia/Jakarta] PHP Warning:  Undefined variable $data in D:\nial_app\timeline-ppi\inputstatus.php on line 12
[19-Jul-2022 11:15:28 Asia/Jakarta] PHP Warning:  Trying to access array offset on value of type null in D:\nial_app\timeline-ppi\inputstatus.php on line 12
[19-Jul-2022 11:15:33 Asia/Jakarta] PHP Warning:  Undefined variable $data in D:\nial_app\timeline-ppi\inputstatus.php on line 1
[19-Jul-2022 11:15:33 Asia/Jakarta] PHP Warning:  Trying to access array offset on value of type null in D:\nial_app\timeline-ppi\inputstatus.php on line 1
[19-Jul-2022 11:15:33 Asia/Jakarta] PHP Warning:  Undefined variable $data in D:\nial_app\timeline-ppi\inputstatus.php on line 12
[19-Jul-2022 11:15:33 Asia/Jakarta] PHP Warning:  Trying to access array offset on value of type null in D:\nial_app\timeline-ppi\inputstatus.php on line 12
[19-Jul-2022 11:20:28 Asia/Jakarta] PHP Warning:  Undefined variable $data in D:\nial_app\timeline-ppi\inputstatus.php on line 1
[19-Jul-2022 11:20:28 Asia/Jakarta] PHP Warning:  Trying to access array offset on value of type null in D:\nial_app\timeline-ppi\inputstatus.php on line 1
[19-Jul-2022 11:20:28 Asia/Jakarta] PHP Warning:  Undefined variable $data in D:\nial_app\timeline-ppi\inputstatus.php on line 12
[19-Jul-2022 11:20:28 Asia/Jakarta] PHP Warning:  Trying to access array offset on value of type null in D:\nial_app\timeline-ppi\inputstatus.php on line 12
[19-Jul-2022 11:20:32 Asia/Jakarta] PHP Warning:  Undefined variable $data in D:\nial_app\timeline-ppi\inputstatus.php on line 1
[19-Jul-2022 11:20:32 Asia/Jakarta] PHP Warning:  Trying to access array offset on value of type null in D:\nial_app\timeline-ppi\inputstatus.php on line 1
[19-Jul-2022 11:20:32 Asia/Jakarta] PHP Warning:  Undefined variable $data in D:\nial_app\timeline-ppi\inputstatus.php on line 12
[19-Jul-2022 11:20:32 Asia/Jakarta] PHP Warning:  Trying to access array offset on value of type null in D:\nial_app\timeline-ppi\inputstatus.php on line 12
[19-Jul-2022 11:20:37 Asia/Jakarta] PHP Warning:  Undefined variable $data in D:\nial_app\timeline-ppi\inputstatus.php on line 1
[19-Jul-2022 11:20:37 Asia/Jakarta] PHP Warning:  Trying to access array offset on value of type null in D:\nial_app\timeline-ppi\inputstatus.php on line 1
[19-Jul-2022 11:20:37 Asia/Jakarta] PHP Warning:  Undefined variable $data in D:\nial_app\timeline-ppi\inputstatus.php on line 12
[19-Jul-2022 11:20:37 Asia/Jakarta] PHP Warning:  Trying to access array offset on value of type null in D:\nial_app\timeline-ppi\inputstatus.php on line 12
[19-Jul-2022 11:20:50 Asia/Jakarta] PHP Warning:  Undefined variable $data in D:\nial_app\timeline-ppi\inputstatus.php on line 1
[19-Jul-2022 11:20:50 Asia/Jakarta] PHP Warning:  Trying to access array offset on value of type null in D:\nial_app\timeline-ppi\inputstatus.php on line 1
[19-Jul-2022 11:20:50 Asia/Jakarta] PHP Warning:  Undefined variable $data in D:\nial_app\timeline-ppi\inputstatus.php on line 12
[19-Jul-2022 11:20:50 Asia/Jakarta] PHP Warning:  Trying to access array offset on value of type null in D:\nial_app\timeline-ppi\inputstatus.php on line 12
[19-Jul-2022 11:20:52 Asia/Jakarta] PHP Warning:  Undefined variable $data in D:\nial_app\timeline-ppi\inputstatus.php on line 1
[19-Jul-2022 11:20:52 Asia/Jakarta] PHP Warning:  Trying to access array offset on value of type null in D:\nial_app\timeline-ppi\inputstatus.php on line 1
[19-Jul-2022 11:20:52 Asia/Jakarta] PHP Warning:  Undefined variable $data in D:\nial_app\timeline-ppi\inputstatus.php on line 12
[19-Jul-2022 11:20:52 Asia/Jakarta] PHP Warning:  Trying to access array offset on value of type null in D:\nial_app\timeline-ppi\inputstatus.php on line 12
[19-Jul-2022 11:21:01 Asia/Jakarta] PHP Warning:  Undefined variable $data in D:\nial_app\timeline-ppi\inputstatus.php on line 1
[19-Jul-2022 11:21:01 Asia/Jakarta] PHP Warning:  Trying to access array offset on value of type null in D:\nial_app\timeline-ppi\inputstatus.php on line 1
[19-Jul-2022 11:21:01 Asia/Jakarta] PHP Warning:  Undefined variable $data in D:\nial_app\timeline-ppi\inputstatus.php on line 12
[19-Jul-2022 11:21:01 Asia/Jakarta] PHP Warning:  Trying to access array offset on value of type null in D:\nial_app\timeline-ppi\inputstatus.php on line 12
[19-Jul-2022 11:21:10 Asia/Jakarta] PHP Warning:  Undefined variable $data in D:\nial_app\timeline-ppi\inputstatus.php on line 1
[19-Jul-2022 11:21:10 Asia/Jakarta] PHP Warning:  Trying to access array offset on value of type null in D:\nial_app\timeline-ppi\inputstatus.php on line 1
[19-Jul-2022 11:21:10 Asia/Jakarta] PHP Warning:  Undefined variable $data in D:\nial_app\timeline-ppi\inputstatus.php on line 12
[19-Jul-2022 11:21:10 Asia/Jakarta] PHP Warning:  Trying to access array offset on value of type null in D:\nial_app\timeline-ppi\inputstatus.php on line 12
[19-Jul-2022 11:21:45 Asia/Jakarta] PHP Warning:  Undefined variable $data in D:\nial_app\timeline-ppi\inputstatus.php on line 1
[19-Jul-2022 11:21:45 Asia/Jakarta] PHP Warning:  Trying to access array offset on value of type null in D:\nial_app\timeline-ppi\inputstatus.php on line 1
[19-Jul-2022 11:21:45 Asia/Jakarta] PHP Warning:  Undefined variable $data in D:\nial_app\timeline-ppi\inputstatus.php on line 12
[19-Jul-2022 11:21:45 Asia/Jakarta] PHP Warning:  Trying to access array offset on value of type null in D:\nial_app\timeline-ppi\inputstatus.php on line 12
[19-Jul-2022 11:21:47 Asia/Jakarta] PHP Warning:  Undefined variable $data in D:\nial_app\timeline-ppi\inputstatus.php on line 1
[19-Jul-2022 11:21:47 Asia/Jakarta] PHP Warning:  Trying to access array offset on value of type null in D:\nial_app\timeline-ppi\inputstatus.php on line 1
[19-Jul-2022 11:21:47 Asia/Jakarta] PHP Warning:  Undefined variable $data in D:\nial_app\timeline-ppi\inputstatus.php on line 12
[19-Jul-2022 11:21:47 Asia/Jakarta] PHP Warning:  Trying to access array offset on value of type null in D:\nial_app\timeline-ppi\inputstatus.php on line 12
[19-Jul-2022 11:23:10 Asia/Jakarta] PHP Warning:  Undefined variable $data in D:\nial_app\timeline-ppi\inputstatus.php on line 1
[19-Jul-2022 11:23:10 Asia/Jakarta] PHP Warning:  Trying to access array offset on value of type null in D:\nial_app\timeline-ppi\inputstatus.php on line 1
[19-Jul-2022 11:23:10 Asia/Jakarta] PHP Warning:  Undefined variable $data in D:\nial_app\timeline-ppi\inputstatus.php on line 12
[19-Jul-2022 11:23:10 Asia/Jakarta] PHP Warning:  Trying to access array offset on value of type null in D:\nial_app\timeline-ppi\inputstatus.php on line 12
[19-Jul-2022 11:33:54 Asia/Jakarta] PHP Warning:  Undefined variable $data in D:\nial_app\timeline-ppi\inputstatus.php on line 1
[19-Jul-2022 11:33:54 Asia/Jakarta] PHP Warning:  Trying to access array offset on value of type null in D:\nial_app\timeline-ppi\inputstatus.php on line 1
[19-Jul-2022 11:33:54 Asia/Jakarta] PHP Warning:  Undefined variable $data in D:\nial_app\timeline-ppi\inputstatus.php on line 12
[19-Jul-2022 11:33:54 Asia/Jakarta] PHP Warning:  Trying to access array offset on value of type null in D:\nial_app\timeline-ppi\inputstatus.php on line 12
[19-Jul-2022 11:35:04 Asia/Jakarta] PHP Warning:  Undefined variable $data in D:\nial_app\timeline-ppi\inputstatus.php on line 1
[19-Jul-2022 11:35:04 Asia/Jakarta] PHP Warning:  Trying to access array offset on value of type null in D:\nial_app\timeline-ppi\inputstatus.php on line 1
[19-Jul-2022 11:35:04 Asia/Jakarta] PHP Warning:  Undefined variable $data in D:\nial_app\timeline-ppi\inputstatus.php on line 12
[19-Jul-2022 11:35:04 Asia/Jakarta] PHP Warning:  Trying to access array offset on value of type null in D:\nial_app\timeline-ppi\inputstatus.php on line 12
[19-Jul-2022 11:35:09 Asia/Jakarta] PHP Warning:  Undefined variable $data in D:\nial_app\timeline-ppi\inputstatus.php on line 1
[19-Jul-2022 11:35:09 Asia/Jakarta] PHP Warning:  Trying to access array offset on value of type null in D:\nial_app\timeline-ppi\inputstatus.php on line 1
[19-Jul-2022 11:35:09 Asia/Jakarta] PHP Warning:  Undefined variable $data in D:\nial_app\timeline-ppi\inputstatus.php on line 12
[19-Jul-2022 11:35:09 Asia/Jakarta] PHP Warning:  Trying to access array offset on value of type null in D:\nial_app\timeline-ppi\inputstatus.php on line 12
[19-Jul-2022 11:35:09 Asia/Jakarta] PHP Warning:  Array to string conversion in D:\nial_app\timeline-ppi\inputstatus.php on line 31
[19-Jul-2022 13:25:27 Asia/Jakarta] PHP Warning:  Undefined array key "keterangan" in D:\nial_app\timeline-ppi\rekap-pelaporan.php on line 205
[19-Jul-2022 13:25:56 Asia/Jakarta] PHP Warning:  Undefined array key "keterangan" in D:\nial_app\timeline-ppi\rekap-pelaporan.php on line 205
[22-Jul-2022 10:40:21 Asia/Jakarta] PHP Warning:  Trying to access array offset on value of type null in D:\nial_app\timeline-ppi\edit.php on line 1
[22-Jul-2022 10:40:21 Asia/Jakarta] PHP Warning:  Trying to access array offset on value of type null in D:\nial_app\timeline-ppi\edit.php on line 12
[22-Jul-2022 10:41:12 Asia/Jakarta] PHP Warning:  Trying to access array offset on value of type null in D:\nial_app\timeline-ppi\edit.php on line 1
[22-Jul-2022 10:41:12 Asia/Jakarta] PHP Warning:  Trying to access array offset on value of type null in D:\nial_app\timeline-ppi\edit.php on line 12
[22-Jul-2022 10:42:09 Asia/Jakarta] PHP Warning:  Trying to access array offset on value of type null in D:\nial_app\timeline-ppi\rekap-pelaporan.php on line 246
[22-Jul-2022 10:42:09 Asia/Jakarta] PHP Warning:  Trying to access array offset on value of type null in D:\nial_app\timeline-ppi\rekap-pelaporan.php on line 257
[22-Jul-2022 10:47:02 Asia/Jakarta] PHP Warning:  Undefined variable $data in D:\nial_app\timeline-ppi\rekap-pelaporan.php on line 185
[22-Jul-2022 10:47:02 Asia/Jakarta] PHP Warning:  Trying to access array offset on value of type null in D:\nial_app\timeline-ppi\rekap-pelaporan.php on line 185
[22-Jul-2022 10:47:02 Asia/Jakarta] PHP Warning:  Undefined variable $data in D:\nial_app\timeline-ppi\rekap-pelaporan.php on line 196
[22-Jul-2022 10:47:02 Asia/Jakarta] PHP Warning:  Trying to access array offset on value of type null in D:\nial_app\timeline-ppi\rekap-pelaporan.php on line 196
[22-Jul-2022 10:47:23 Asia/Jakarta] PHP Warning:  Undefined array key "status" in D:\nial_app\timeline-ppi\rekap-pelaporan.php on line 239
[22-Jul-2022 10:47:23 Asia/Jakarta] PHP Warning:  Undefined array key "status" in D:\nial_app\timeline-ppi\rekap-pelaporan.php on line 239
[22-Jul-2022 10:47:23 Asia/Jakarta] PHP Warning:  Undefined array key "status" in D:\nial_app\timeline-ppi\rekap-pelaporan.php on line 239
[22-Jul-2022 10:47:23 Asia/Jakarta] PHP Warning:  Undefined array key "status" in D:\nial_app\timeline-ppi\rekap-pelaporan.php on line 239
[22-Jul-2022 10:47:23 Asia/Jakarta] PHP Warning:  Undefined array key "status" in D:\nial_app\timeline-ppi\rekap-pelaporan.php on line 239
[22-Jul-2022 10:47:23 Asia/Jakarta] PHP Warning:  Undefined array key "status" in D:\nial_app\timeline-ppi\rekap-pelaporan.php on line 239
[22-Jul-2022 10:47:23 Asia/Jakarta] PHP Warning:  Undefined array key "status" in D:\nial_app\timeline-ppi\rekap-pelaporan.php on line 239
[22-Jul-2022 10:47:23 Asia/Jakarta] PHP Warning:  Undefined array key "status" in D:\nial_app\timeline-ppi\rekap-pelaporan.php on line 239
[22-Jul-2022 11:02:33 Asia/Jakarta] PHP Warning:  Undefined variable $query in D:\nial_app\timeline-ppi\edit.php on line 15
[22-Jul-2022 11:05:37 Asia/Jakarta] PHP Warning:  Undefined array key "keterangan" in D:\nial_app\timeline-ppi\rekap-pelaporan.php on line 205
[22-Jul-2022 11:05:42 Asia/Jakarta] PHP Warning:  Undefined array key "id" in D:\nial_app\timeline-ppi\edit.php on line 12
[22-Jul-2022 11:05:48 Asia/Jakarta] PHP Warning:  Undefined array key "keterangan" in D:\nial_app\timeline-ppi\rekap-pelaporan.php on line 205
[23-Jul-2022 13:18:33 Asia/Jakarta] PHP Warning:  Undefined array key "keterangan" in D:\nial_app\timeline-ppi\rekap-pelaporan.php on line 205
[23-Jul-2022 13:18:39 Asia/Jakarta] PHP Warning:  Undefined array key "keterangan" in D:\nial_app\timeline-ppi\rekap-pelaporan.php on line 205
[23-Jul-2022 13:19:11 Asia/Jakarta] PHP Warning:  Undefined array key "id" in D:\nial_app\timeline-ppi\edit.php on line 12
[23-Jul-2022 13:21:01 Asia/Jakarta] PHP Warning:  Undefined array key "keterangan" in D:\nial_app\timeline-ppi\rekap-pelaporan.php on line 205
[23-Jul-2022 13:21:01 Asia/Jakarta] PHP Parse error:  syntax error, unexpected token "echo" in D:\nial_app\timeline-ppi\edit.php on line 12
[23-Jul-2022 13:21:18 Asia/Jakarta] PHP Warning:  Undefined array key "keterangan" in D:\nial_app\timeline-ppi\rekap-pelaporan.php on line 205
[23-Jul-2022 13:21:18 Asia/Jakarta] PHP Parse error:  syntax error, unexpected string content "", expecting "-" or identifier or variable or number in D:\nial_app\timeline-ppi\edit.php on line 12
[23-Jul-2022 13:26:19 Asia/Jakarta] PHP Warning:  Undefined array key "keterangan" in D:\nial_app\timeline-ppi\rekap-pelaporan.php on line 205
[23-Jul-2022 13:26:47 Asia/Jakarta] PHP Warning:  Undefined array key "keterangan" in D:\nial_app\timeline-ppi\rekap-pelaporan.php on line 205
[23-Jul-2022 13:26:57 Asia/Jakarta] PHP Warning:  Undefined array key "keterangan" in D:\nial_app\timeline-ppi\rekap-pelaporan.php on line 205
[23-Jul-2022 13:29:15 Asia/Jakarta] PHP Warning:  Undefined array key "keterangan" in D:\nial_app\timeline-ppi\rekap-pelaporan.php on line 205
[23-Jul-2022 13:29:29 Asia/Jakarta] PHP Warning:  Undefined array key "keterangan" in D:\nial_app\timeline-ppi\rekap-pelaporan.php on line 205
[23-Jul-2022 13:29:47 Asia/Jakarta] PHP Warning:  Undefined array key "keterangan" in D:\nial_app\timeline-ppi\rekap-pelaporan.php on line 205
[12-Aug-2022 09:23:31 Asia/Jakarta] PHP Warning:  Array to string conversion in D:\nial_app\register-ibs\rekap-pelaporan.php on line 83
[12-Aug-2022 09:31:44 Asia/Jakarta] PHP Warning:  include(rekap_pelaporan.php): Failed to open stream: No such file or directory in D:\nial_app\register-ibs\index.php on line 2
[12-Aug-2022 09:31:44 Asia/Jakarta] PHP Warning:  include(): Failed opening 'rekap_pelaporan.php' for inclusion (include_path='.;C:\php\pear') in D:\nial_app\register-ibs\index.php on line 2
[12-Aug-2022 10:51:12 Asia/Jakarta] PHP Warning:  Undefined array key "pukul" in D:\nial_app\register-ibs\rekap.php on line 96
[12-Aug-2022 10:51:12 Asia/Jakarta] PHP Warning:  Undefined array key "kegiatan" in D:\nial_app\register-ibs\rekap.php on line 97
[12-Aug-2022 10:51:12 Asia/Jakarta] PHP Warning:  Undefined array key "rencana" in D:\nial_app\register-ibs\rekap.php on line 98
[12-Aug-2022 10:51:12 Asia/Jakarta] PHP Warning:  Undefined array key "tindak_lanjut" in D:\nial_app\register-ibs\rekap.php on line 99
[12-Aug-2022 10:51:12 Asia/Jakarta] PHP Warning:  Undefined array key "keterangan" in D:\nial_app\register-ibs\rekap.php on line 100
[12-Aug-2022 10:51:12 Asia/Jakarta] PHP Warning:  Undefined array key "pukul" in D:\nial_app\register-ibs\rekap.php on line 125
[12-Aug-2022 10:51:12 Asia/Jakarta] PHP Warning:  Undefined array key "kegiatan" in D:\nial_app\register-ibs\rekap.php on line 130
[12-Aug-2022 10:51:12 Asia/Jakarta] PHP Warning:  Undefined array key "rencana" in D:\nial_app\register-ibs\rekap.php on line 134
[12-Aug-2022 10:51:12 Asia/Jakarta] PHP Warning:  Undefined array key "tindak_lanjut" in D:\nial_app\register-ibs\rekap.php on line 138
[12-Aug-2022 10:51:12 Asia/Jakarta] PHP Warning:  Undefined array key "keterangan" in D:\nial_app\register-ibs\rekap.php on line 142
[12-Aug-2022 10:54:07 Asia/Jakarta] PHP Warning:  Undefined array key "pukul" in D:\nial_app\register-ibs\rekap.php on line 136
[12-Aug-2022 10:54:07 Asia/Jakarta] PHP Warning:  Undefined array key "kegiatan" in D:\nial_app\register-ibs\rekap.php on line 141
[12-Aug-2022 10:54:07 Asia/Jakarta] PHP Warning:  Undefined array key "rencana" in D:\nial_app\register-ibs\rekap.php on line 145
[12-Aug-2022 10:54:07 Asia/Jakarta] PHP Warning:  Undefined array key "tindak_lanjut" in D:\nial_app\register-ibs\rekap.php on line 149
[12-Aug-2022 10:54:07 Asia/Jakarta] PHP Warning:  Undefined array key "keterangan" in D:\nial_app\register-ibs\rekap.php on line 153
[12-Aug-2022 10:54:38 Asia/Jakarta] PHP Warning:  Undefined array key "pukul" in D:\nial_app\register-ibs\rekap.php on line 138
[12-Aug-2022 10:54:38 Asia/Jakarta] PHP Warning:  Undefined array key "kegiatan" in D:\nial_app\register-ibs\rekap.php on line 143
[12-Aug-2022 10:54:38 Asia/Jakarta] PHP Warning:  Undefined array key "rencana" in D:\nial_app\register-ibs\rekap.php on line 147
[12-Aug-2022 10:54:38 Asia/Jakarta] PHP Warning:  Undefined array key "tindak_lanjut" in D:\nial_app\register-ibs\rekap.php on line 151
[12-Aug-2022 10:54:38 Asia/Jakarta] PHP Warning:  Undefined array key "keterangan" in D:\nial_app\register-ibs\rekap.php on line 155
[12-Aug-2022 10:55:04 Asia/Jakarta] PHP Warning:  Undefined array key "pukul" in D:\nial_app\register-ibs\rekap.php on line 139
[12-Aug-2022 10:55:04 Asia/Jakarta] PHP Warning:  Undefined array key "kegiatan" in D:\nial_app\register-ibs\rekap.php on line 144
[12-Aug-2022 10:55:04 Asia/Jakarta] PHP Warning:  Undefined array key "rencana" in D:\nial_app\register-ibs\rekap.php on line 148
[12-Aug-2022 10:55:04 Asia/Jakarta] PHP Warning:  Undefined array key "tindak_lanjut" in D:\nial_app\register-ibs\rekap.php on line 152
[12-Aug-2022 10:55:04 Asia/Jakarta] PHP Warning:  Undefined array key "keterangan" in D:\nial_app\register-ibs\rekap.php on line 156
[12-Aug-2022 11:00:55 Asia/Jakarta] PHP Warning:  Undefined array key "pukul" in D:\nial_app\register-ibs\rekap.php on line 139
[12-Aug-2022 11:00:55 Asia/Jakarta] PHP Warning:  Undefined array key "kegiatan" in D:\nial_app\register-ibs\rekap.php on line 144
[12-Aug-2022 11:00:55 Asia/Jakarta] PHP Warning:  Undefined array key "rencana" in D:\nial_app\register-ibs\rekap.php on line 148
[12-Aug-2022 11:00:55 Asia/Jakarta] PHP Warning:  Undefined array key "tindak_lanjut" in D:\nial_app\register-ibs\rekap.php on line 152
[12-Aug-2022 11:00:55 Asia/Jakarta] PHP Warning:  Undefined array key "keterangan" in D:\nial_app\register-ibs\rekap.php on line 156
[12-Aug-2022 11:10:01 Asia/Jakarta] PHP Warning:  Undefined array key "pukul" in D:\nial_app\register-ibs\rekap.php on line 139
[12-Aug-2022 11:10:01 Asia/Jakarta] PHP Warning:  Undefined array key "kegiatan" in D:\nial_app\register-ibs\rekap.php on line 144
[12-Aug-2022 11:10:01 Asia/Jakarta] PHP Warning:  Undefined array key "rencana" in D:\nial_app\register-ibs\rekap.php on line 148
[12-Aug-2022 11:10:01 Asia/Jakarta] PHP Warning:  Undefined array key "tindak_lanjut" in D:\nial_app\register-ibs\rekap.php on line 152
[12-Aug-2022 11:10:01 Asia/Jakarta] PHP Warning:  Undefined array key "keterangan" in D:\nial_app\register-ibs\rekap.php on line 156
[20-Aug-2022 11:11:29 Asia/Jakarta] PHP Warning:  Undefined array key "pukul" in D:\nial_app\register-ibs\rekap.php on line 139
[20-Aug-2022 11:11:29 Asia/Jakarta] PHP Warning:  Undefined array key "kegiatan" in D:\nial_app\register-ibs\rekap.php on line 144
[20-Aug-2022 11:11:29 Asia/Jakarta] PHP Warning:  Undefined array key "rencana" in D:\nial_app\register-ibs\rekap.php on line 148
[20-Aug-2022 11:11:29 Asia/Jakarta] PHP Warning:  Undefined array key "tindak_lanjut" in D:\nial_app\register-ibs\rekap.php on line 152
[20-Aug-2022 11:11:29 Asia/Jakarta] PHP Warning:  Undefined array key "keterangan" in D:\nial_app\register-ibs\rekap.php on line 156
[22-Aug-2022 10:28:30 Asia/Jakarta] PHP Warning:  Undefined array key "timlists" in D:\nial_app\register-ibs\proses.php on line 22
[22-Aug-2022 10:28:30 Asia/Jakarta] PHP Warning:  foreach() argument must be of type array|object, null given in D:\nial_app\register-ibs\proses.php on line 24
[22-Aug-2022 10:28:30 Asia/Jakarta] PHP Warning:  Undefined variable $query in D:\nial_app\register-ibs\proses.php on line 42
[22-Aug-2022 10:33:28 Asia/Jakarta] PHP Warning:  Array to string conversion in D:\nial_app\register-ibs\proses.php on line 36
[22-Aug-2022 10:49:32 Asia/Jakarta] PHP Warning:  Undefined array key "pukul" in D:\nial_app\register-ibs\rekap.php on line 139
[22-Aug-2022 10:49:32 Asia/Jakarta] PHP Warning:  Undefined array key "kegiatan" in D:\nial_app\register-ibs\rekap.php on line 144
[22-Aug-2022 10:49:32 Asia/Jakarta] PHP Warning:  Undefined array key "rencana" in D:\nial_app\register-ibs\rekap.php on line 148
[22-Aug-2022 10:49:32 Asia/Jakarta] PHP Warning:  Undefined array key "tindak_lanjut" in D:\nial_app\register-ibs\rekap.php on line 152
[22-Aug-2022 10:49:32 Asia/Jakarta] PHP Warning:  Undefined array key "keterangan" in D:\nial_app\register-ibs\rekap.php on line 156
[22-Aug-2022 10:51:37 Asia/Jakarta] PHP Warning:  Undefined array key "pukul" in D:\nial_app\register-ibs\rekap.php on line 139
[22-Aug-2022 10:51:37 Asia/Jakarta] PHP Warning:  Undefined array key "kegiatan" in D:\nial_app\register-ibs\rekap.php on line 144
[22-Aug-2022 10:51:37 Asia/Jakarta] PHP Warning:  Undefined array key "rencana" in D:\nial_app\register-ibs\rekap.php on line 148
[22-Aug-2022 10:51:37 Asia/Jakarta] PHP Warning:  Undefined array key "tindak_lanjut" in D:\nial_app\register-ibs\rekap.php on line 152
[22-Aug-2022 10:51:37 Asia/Jakarta] PHP Warning:  Undefined array key "keterangan" in D:\nial_app\register-ibs\rekap.php on line 156
[22-Aug-2022 10:51:37 Asia/Jakarta] PHP Warning:  Undefined array key "pukul" in D:\nial_app\register-ibs\rekap.php on line 139
[22-Aug-2022 10:51:37 Asia/Jakarta] PHP Warning:  Undefined array key "kegiatan" in D:\nial_app\register-ibs\rekap.php on line 144
[22-Aug-2022 10:51:37 Asia/Jakarta] PHP Warning:  Undefined array key "rencana" in D:\nial_app\register-ibs\rekap.php on line 148
[22-Aug-2022 10:51:37 Asia/Jakarta] PHP Warning:  Undefined array key "tindak_lanjut" in D:\nial_app\register-ibs\rekap.php on line 152
[22-Aug-2022 10:51:37 Asia/Jakarta] PHP Warning:  Undefined array key "keterangan" in D:\nial_app\register-ibs\rekap.php on line 156
[22-Aug-2022 10:51:37 Asia/Jakarta] PHP Warning:  Undefined array key "pukul" in D:\nial_app\register-ibs\rekap.php on line 139
[22-Aug-2022 10:51:37 Asia/Jakarta] PHP Warning:  Undefined array key "kegiatan" in D:\nial_app\register-ibs\rekap.php on line 144
[22-Aug-2022 10:51:37 Asia/Jakarta] PHP Warning:  Undefined array key "rencana" in D:\nial_app\register-ibs\rekap.php on line 148
[22-Aug-2022 10:51:37 Asia/Jakarta] PHP Warning:  Undefined array key "tindak_lanjut" in D:\nial_app\register-ibs\rekap.php on line 152
[22-Aug-2022 10:51:37 Asia/Jakarta] PHP Warning:  Undefined array key "keterangan" in D:\nial_app\register-ibs\rekap.php on line 156
[22-Aug-2022 10:51:37 Asia/Jakarta] PHP Warning:  Undefined array key "pukul" in D:\nial_app\register-ibs\rekap.php on line 139
[22-Aug-2022 10:51:37 Asia/Jakarta] PHP Warning:  Undefined array key "kegiatan" in D:\nial_app\register-ibs\rekap.php on line 144
[22-Aug-2022 10:51:37 Asia/Jakarta] PHP Warning:  Undefined array key "rencana" in D:\nial_app\register-ibs\rekap.php on line 148
[22-Aug-2022 10:51:37 Asia/Jakarta] PHP Warning:  Undefined array key "tindak_lanjut" in D:\nial_app\register-ibs\rekap.php on line 152
[22-Aug-2022 10:51:37 Asia/Jakarta] PHP Warning:  Undefined array key "keterangan" in D:\nial_app\register-ibs\rekap.php on line 156
[22-Aug-2022 10:52:38 Asia/Jakarta] PHP Warning:  Undefined array key "pukul" in D:\nial_app\register-ibs\rekap.php on line 139
[22-Aug-2022 10:52:38 Asia/Jakarta] PHP Warning:  Undefined array key "kegiatan" in D:\nial_app\register-ibs\rekap.php on line 144
[22-Aug-2022 10:52:38 Asia/Jakarta] PHP Warning:  Undefined array key "rencana" in D:\nial_app\register-ibs\rekap.php on line 148
[22-Aug-2022 10:52:38 Asia/Jakarta] PHP Warning:  Undefined array key "tindak_lanjut" in D:\nial_app\register-ibs\rekap.php on line 152
[22-Aug-2022 10:52:38 Asia/Jakarta] PHP Warning:  Undefined array key "keterangan" in D:\nial_app\register-ibs\rekap.php on line 156
[22-Aug-2022 10:52:38 Asia/Jakarta] PHP Warning:  Undefined array key "pukul" in D:\nial_app\register-ibs\rekap.php on line 139
[22-Aug-2022 10:52:38 Asia/Jakarta] PHP Warning:  Undefined array key "kegiatan" in D:\nial_app\register-ibs\rekap.php on line 144
[22-Aug-2022 10:52:38 Asia/Jakarta] PHP Warning:  Undefined array key "rencana" in D:\nial_app\register-ibs\rekap.php on line 148
[22-Aug-2022 10:52:38 Asia/Jakarta] PHP Warning:  Undefined array key "tindak_lanjut" in D:\nial_app\register-ibs\rekap.php on line 152
[22-Aug-2022 10:52:38 Asia/Jakarta] PHP Warning:  Undefined array key "keterangan" in D:\nial_app\register-ibs\rekap.php on line 156
[22-Aug-2022 10:52:38 Asia/Jakarta] PHP Warning:  Undefined array key "pukul" in D:\nial_app\register-ibs\rekap.php on line 139
[22-Aug-2022 10:52:38 Asia/Jakarta] PHP Warning:  Undefined array key "kegiatan" in D:\nial_app\register-ibs\rekap.php on line 144
[22-Aug-2022 10:52:38 Asia/Jakarta] PHP Warning:  Undefined array key "rencana" in D:\nial_app\register-ibs\rekap.php on line 148
[22-Aug-2022 10:52:38 Asia/Jakarta] PHP Warning:  Undefined array key "tindak_lanjut" in D:\nial_app\register-ibs\rekap.php on line 152
[22-Aug-2022 10:52:38 Asia/Jakarta] PHP Warning:  Undefined array key "keterangan" in D:\nial_app\register-ibs\rekap.php on line 156
[22-Aug-2022 10:52:38 Asia/Jakarta] PHP Warning:  Undefined array key "pukul" in D:\nial_app\register-ibs\rekap.php on line 139
[22-Aug-2022 10:52:38 Asia/Jakarta] PHP Warning:  Undefined array key "kegiatan" in D:\nial_app\register-ibs\rekap.php on line 144
[22-Aug-2022 10:52:38 Asia/Jakarta] PHP Warning:  Undefined array key "rencana" in D:\nial_app\register-ibs\rekap.php on line 148
[22-Aug-2022 10:52:38 Asia/Jakarta] PHP Warning:  Undefined array key "tindak_lanjut" in D:\nial_app\register-ibs\rekap.php on line 152
[22-Aug-2022 10:52:38 Asia/Jakarta] PHP Warning:  Undefined array key "keterangan" in D:\nial_app\register-ibs\rekap.php on line 156
[22-Aug-2022 10:52:38 Asia/Jakarta] PHP Warning:  Undefined array key "pukul" in D:\nial_app\register-ibs\rekap.php on line 139
[22-Aug-2022 10:52:38 Asia/Jakarta] PHP Warning:  Undefined array key "kegiatan" in D:\nial_app\register-ibs\rekap.php on line 144
[22-Aug-2022 10:52:38 Asia/Jakarta] PHP Warning:  Undefined array key "rencana" in D:\nial_app\register-ibs\rekap.php on line 148
[22-Aug-2022 10:52:38 Asia/Jakarta] PHP Warning:  Undefined array key "tindak_lanjut" in D:\nial_app\register-ibs\rekap.php on line 152
[22-Aug-2022 10:52:38 Asia/Jakarta] PHP Warning:  Undefined array key "keterangan" in D:\nial_app\register-ibs\rekap.php on line 156
[22-Aug-2022 10:54:52 Asia/Jakarta] PHP Warning:  Undefined array key "pukul" in D:\nial_app\register-ibs\rekap.php on line 139
[22-Aug-2022 10:54:52 Asia/Jakarta] PHP Warning:  Undefined array key "kegiatan" in D:\nial_app\register-ibs\rekap.php on line 144
[22-Aug-2022 10:54:52 Asia/Jakarta] PHP Warning:  Undefined array key "rencana" in D:\nial_app\register-ibs\rekap.php on line 148
[22-Aug-2022 10:54:52 Asia/Jakarta] PHP Warning:  Undefined array key "tindak_lanjut" in D:\nial_app\register-ibs\rekap.php on line 152
[22-Aug-2022 10:54:52 Asia/Jakarta] PHP Warning:  Undefined array key "keterangan" in D:\nial_app\register-ibs\rekap.php on line 156
[22-Aug-2022 11:02:28 Asia/Jakarta] PHP Warning:  Undefined array key "pukul" in D:\nial_app\register-ibs\rekap.php on line 139
[22-Aug-2022 11:02:28 Asia/Jakarta] PHP Warning:  Undefined array key "kegiatan" in D:\nial_app\register-ibs\rekap.php on line 144
[22-Aug-2022 11:02:28 Asia/Jakarta] PHP Warning:  Undefined array key "rencana" in D:\nial_app\register-ibs\rekap.php on line 148
[22-Aug-2022 11:02:28 Asia/Jakarta] PHP Warning:  Undefined array key "tindak_lanjut" in D:\nial_app\register-ibs\rekap.php on line 152
[22-Aug-2022 11:02:28 Asia/Jakarta] PHP Warning:  Undefined array key "keterangan" in D:\nial_app\register-ibs\rekap.php on line 156
[22-Aug-2022 11:02:28 Asia/Jakarta] PHP Warning:  Undefined array key "pukul" in D:\nial_app\register-ibs\rekap.php on line 139
[22-Aug-2022 11:02:28 Asia/Jakarta] PHP Warning:  Undefined array key "kegiatan" in D:\nial_app\register-ibs\rekap.php on line 144
[22-Aug-2022 11:02:28 Asia/Jakarta] PHP Warning:  Undefined array key "rencana" in D:\nial_app\register-ibs\rekap.php on line 148
[22-Aug-2022 11:02:28 Asia/Jakarta] PHP Warning:  Undefined array key "tindak_lanjut" in D:\nial_app\register-ibs\rekap.php on line 152
[22-Aug-2022 11:02:28 Asia/Jakarta] PHP Warning:  Undefined array key "keterangan" in D:\nial_app\register-ibs\rekap.php on line 156
[22-Aug-2022 11:02:28 Asia/Jakarta] PHP Warning:  Undefined array key "pukul" in D:\nial_app\register-ibs\rekap.php on line 139
[22-Aug-2022 11:02:28 Asia/Jakarta] PHP Warning:  Undefined array key "kegiatan" in D:\nial_app\register-ibs\rekap.php on line 144
[22-Aug-2022 11:02:28 Asia/Jakarta] PHP Warning:  Undefined array key "rencana" in D:\nial_app\register-ibs\rekap.php on line 148
[22-Aug-2022 11:02:28 Asia/Jakarta] PHP Warning:  Undefined array key "tindak_lanjut" in D:\nial_app\register-ibs\rekap.php on line 152
[22-Aug-2022 11:02:28 Asia/Jakarta] PHP Warning:  Undefined array key "keterangan" in D:\nial_app\register-ibs\rekap.php on line 156
[22-Aug-2022 11:02:28 Asia/Jakarta] PHP Warning:  Undefined array key "pukul" in D:\nial_app\register-ibs\rekap.php on line 139
[22-Aug-2022 11:02:28 Asia/Jakarta] PHP Warning:  Undefined array key "kegiatan" in D:\nial_app\register-ibs\rekap.php on line 144
[22-Aug-2022 11:02:28 Asia/Jakarta] PHP Warning:  Undefined array key "rencana" in D:\nial_app\register-ibs\rekap.php on line 148
[22-Aug-2022 11:02:28 Asia/Jakarta] PHP Warning:  Undefined array key "tindak_lanjut" in D:\nial_app\register-ibs\rekap.php on line 152
[22-Aug-2022 11:02:28 Asia/Jakarta] PHP Warning:  Undefined array key "keterangan" in D:\nial_app\register-ibs\rekap.php on line 156
[22-Aug-2022 11:11:21 Asia/Jakarta] PHP Warning:  Undefined array key "pukul" in D:\nial_app\register-ibs\rekap.php on line 139
[22-Aug-2022 11:11:21 Asia/Jakarta] PHP Warning:  Undefined array key "kegiatan" in D:\nial_app\register-ibs\rekap.php on line 144
[22-Aug-2022 11:11:21 Asia/Jakarta] PHP Warning:  Undefined array key "rencana" in D:\nial_app\register-ibs\rekap.php on line 148
[22-Aug-2022 11:11:21 Asia/Jakarta] PHP Warning:  Undefined array key "tindak_lanjut" in D:\nial_app\register-ibs\rekap.php on line 152
[22-Aug-2022 11:11:21 Asia/Jakarta] PHP Warning:  Undefined array key "keterangan" in D:\nial_app\register-ibs\rekap.php on line 156
[22-Aug-2022 11:11:21 Asia/Jakarta] PHP Warning:  Undefined array key "pukul" in D:\nial_app\register-ibs\rekap.php on line 139
[22-Aug-2022 11:11:21 Asia/Jakarta] PHP Warning:  Undefined array key "kegiatan" in D:\nial_app\register-ibs\rekap.php on line 144
[22-Aug-2022 11:11:21 Asia/Jakarta] PHP Warning:  Undefined array key "rencana" in D:\nial_app\register-ibs\rekap.php on line 148
[22-Aug-2022 11:11:21 Asia/Jakarta] PHP Warning:  Undefined array key "tindak_lanjut" in D:\nial_app\register-ibs\rekap.php on line 152
[22-Aug-2022 11:11:21 Asia/Jakarta] PHP Warning:  Undefined array key "keterangan" in D:\nial_app\register-ibs\rekap.php on line 156
[22-Aug-2022 11:11:21 Asia/Jakarta] PHP Warning:  Undefined array key "pukul" in D:\nial_app\register-ibs\rekap.php on line 139
[22-Aug-2022 11:11:21 Asia/Jakarta] PHP Warning:  Undefined array key "kegiatan" in D:\nial_app\register-ibs\rekap.php on line 144
[22-Aug-2022 11:11:21 Asia/Jakarta] PHP Warning:  Undefined array key "rencana" in D:\nial_app\register-ibs\rekap.php on line 148
[22-Aug-2022 11:11:21 Asia/Jakarta] PHP Warning:  Undefined array key "tindak_lanjut" in D:\nial_app\register-ibs\rekap.php on line 152
[22-Aug-2022 11:11:21 Asia/Jakarta] PHP Warning:  Undefined array key "keterangan" in D:\nial_app\register-ibs\rekap.php on line 156
[22-Aug-2022 11:11:21 Asia/Jakarta] PHP Warning:  Undefined array key "pukul" in D:\nial_app\register-ibs\rekap.php on line 139
[22-Aug-2022 11:11:21 Asia/Jakarta] PHP Warning:  Undefined array key "kegiatan" in D:\nial_app\register-ibs\rekap.php on line 144
[22-Aug-2022 11:11:21 Asia/Jakarta] PHP Warning:  Undefined array key "rencana" in D:\nial_app\register-ibs\rekap.php on line 148
[22-Aug-2022 11:11:21 Asia/Jakarta] PHP Warning:  Undefined array key "tindak_lanjut" in D:\nial_app\register-ibs\rekap.php on line 152
[22-Aug-2022 11:11:21 Asia/Jakarta] PHP Warning:  Undefined array key "keterangan" in D:\nial_app\register-ibs\rekap.php on line 156
[22-Aug-2022 11:11:21 Asia/Jakarta] PHP Warning:  Undefined array key "pukul" in D:\nial_app\register-ibs\rekap.php on line 139
[22-Aug-2022 11:11:21 Asia/Jakarta] PHP Warning:  Undefined array key "kegiatan" in D:\nial_app\register-ibs\rekap.php on line 144
[22-Aug-2022 11:11:21 Asia/Jakarta] PHP Warning:  Undefined array key "rencana" in D:\nial_app\register-ibs\rekap.php on line 148
[22-Aug-2022 11:11:21 Asia/Jakarta] PHP Warning:  Undefined array key "tindak_lanjut" in D:\nial_app\register-ibs\rekap.php on line 152
[22-Aug-2022 11:11:21 Asia/Jakarta] PHP Warning:  Undefined array key "keterangan" in D:\nial_app\register-ibs\rekap.php on line 156
[22-Aug-2022 11:11:47 Asia/Jakarta] PHP Warning:  Undefined array key "pukul" in D:\nial_app\register-ibs\rekap.php on line 139
[22-Aug-2022 11:11:47 Asia/Jakarta] PHP Warning:  Undefined array key "kegiatan" in D:\nial_app\register-ibs\rekap.php on line 144
[22-Aug-2022 11:11:47 Asia/Jakarta] PHP Warning:  Undefined array key "rencana" in D:\nial_app\register-ibs\rekap.php on line 148
[22-Aug-2022 11:11:47 Asia/Jakarta] PHP Warning:  Undefined array key "tindak_lanjut" in D:\nial_app\register-ibs\rekap.php on line 152
[22-Aug-2022 11:11:47 Asia/Jakarta] PHP Warning:  Undefined array key "keterangan" in D:\nial_app\register-ibs\rekap.php on line 156
[22-Aug-2022 13:09:18 Asia/Jakarta] PHP Warning:  Undefined array key "pukul" in D:\nial_app\register-ibs\rekap.php on line 139
[22-Aug-2022 13:09:18 Asia/Jakarta] PHP Warning:  Undefined array key "kegiatan" in D:\nial_app\register-ibs\rekap.php on line 144
[22-Aug-2022 13:09:18 Asia/Jakarta] PHP Warning:  Undefined array key "rencana" in D:\nial_app\register-ibs\rekap.php on line 148
[22-Aug-2022 13:09:18 Asia/Jakarta] PHP Warning:  Undefined array key "tindak_lanjut" in D:\nial_app\register-ibs\rekap.php on line 152
[22-Aug-2022 13:09:18 Asia/Jakarta] PHP Warning:  Undefined array key "keterangan" in D:\nial_app\register-ibs\rekap.php on line 156
[22-Aug-2022 13:09:18 Asia/Jakarta] PHP Warning:  Undefined array key "pukul" in D:\nial_app\register-ibs\rekap.php on line 139
[22-Aug-2022 13:09:18 Asia/Jakarta] PHP Warning:  Undefined array key "kegiatan" in D:\nial_app\register-ibs\rekap.php on line 144
[22-Aug-2022 13:09:18 Asia/Jakarta] PHP Warning:  Undefined array key "rencana" in D:\nial_app\register-ibs\rekap.php on line 148
[22-Aug-2022 13:09:18 Asia/Jakarta] PHP Warning:  Undefined array key "tindak_lanjut" in D:\nial_app\register-ibs\rekap.php on line 152
[22-Aug-2022 13:09:18 Asia/Jakarta] PHP Warning:  Undefined array key "keterangan" in D:\nial_app\register-ibs\rekap.php on line 156
[22-Aug-2022 13:12:28 Asia/Jakarta] PHP Warning:  Undefined array key "pukul" in D:\nial_app\register-ibs\rekap.php on line 139
[22-Aug-2022 13:12:28 Asia/Jakarta] PHP Warning:  Undefined array key "kegiatan" in D:\nial_app\register-ibs\rekap.php on line 144
[22-Aug-2022 13:12:28 Asia/Jakarta] PHP Warning:  Undefined array key "rencana" in D:\nial_app\register-ibs\rekap.php on line 148
[22-Aug-2022 13:12:28 Asia/Jakarta] PHP Warning:  Undefined array key "tindak_lanjut" in D:\nial_app\register-ibs\rekap.php on line 152
[22-Aug-2022 13:12:28 Asia/Jakarta] PHP Warning:  Undefined array key "keterangan" in D:\nial_app\register-ibs\rekap.php on line 156
[22-Aug-2022 13:12:28 Asia/Jakarta] PHP Warning:  Undefined array key "pukul" in D:\nial_app\register-ibs\rekap.php on line 139
[22-Aug-2022 13:12:28 Asia/Jakarta] PHP Warning:  Undefined array key "kegiatan" in D:\nial_app\register-ibs\rekap.php on line 144
[22-Aug-2022 13:12:28 Asia/Jakarta] PHP Warning:  Undefined array key "rencana" in D:\nial_app\register-ibs\rekap.php on line 148
[22-Aug-2022 13:12:28 Asia/Jakarta] PHP Warning:  Undefined array key "tindak_lanjut" in D:\nial_app\register-ibs\rekap.php on line 152
[22-Aug-2022 13:12:28 Asia/Jakarta] PHP Warning:  Undefined array key "keterangan" in D:\nial_app\register-ibs\rekap.php on line 156
[22-Aug-2022 13:12:28 Asia/Jakarta] PHP Warning:  Undefined array key "pukul" in D:\nial_app\register-ibs\rekap.php on line 139
[22-Aug-2022 13:12:28 Asia/Jakarta] PHP Warning:  Undefined array key "kegiatan" in D:\nial_app\register-ibs\rekap.php on line 144
[22-Aug-2022 13:12:28 Asia/Jakarta] PHP Warning:  Undefined array key "rencana" in D:\nial_app\register-ibs\rekap.php on line 148
[22-Aug-2022 13:12:28 Asia/Jakarta] PHP Warning:  Undefined array key "tindak_lanjut" in D:\nial_app\register-ibs\rekap.php on line 152
[22-Aug-2022 13:12:28 Asia/Jakarta] PHP Warning:  Undefined array key "keterangan" in D:\nial_app\register-ibs\rekap.php on line 156
[22-Aug-2022 13:12:28 Asia/Jakarta] PHP Warning:  Undefined array key "pukul" in D:\nial_app\register-ibs\rekap.php on line 139
[22-Aug-2022 13:12:28 Asia/Jakarta] PHP Warning:  Undefined array key "kegiatan" in D:\nial_app\register-ibs\rekap.php on line 144
[22-Aug-2022 13:12:28 Asia/Jakarta] PHP Warning:  Undefined array key "rencana" in D:\nial_app\register-ibs\rekap.php on line 148
[22-Aug-2022 13:12:28 Asia/Jakarta] PHP Warning:  Undefined array key "tindak_lanjut" in D:\nial_app\register-ibs\rekap.php on line 152
[22-Aug-2022 13:12:28 Asia/Jakarta] PHP Warning:  Undefined array key "keterangan" in D:\nial_app\register-ibs\rekap.php on line 156
[22-Aug-2022 13:12:28 Asia/Jakarta] PHP Warning:  Undefined array key "pukul" in D:\nial_app\register-ibs\rekap.php on line 139
[22-Aug-2022 13:12:28 Asia/Jakarta] PHP Warning:  Undefined array key "kegiatan" in D:\nial_app\register-ibs\rekap.php on line 144
[22-Aug-2022 13:12:28 Asia/Jakarta] PHP Warning:  Undefined array key "rencana" in D:\nial_app\register-ibs\rekap.php on line 148
[22-Aug-2022 13:12:28 Asia/Jakarta] PHP Warning:  Undefined array key "tindak_lanjut" in D:\nial_app\register-ibs\rekap.php on line 152
[22-Aug-2022 13:12:28 Asia/Jakarta] PHP Warning:  Undefined array key "keterangan" in D:\nial_app\register-ibs\rekap.php on line 156
[22-Aug-2022 13:16:35 Asia/Jakarta] PHP Warning:  Undefined array key "pukul" in D:\nial_app\register-ibs\rekap.php on line 139
[22-Aug-2022 13:16:35 Asia/Jakarta] PHP Warning:  Undefined array key "kegiatan" in D:\nial_app\register-ibs\rekap.php on line 144
[22-Aug-2022 13:16:35 Asia/Jakarta] PHP Warning:  Undefined array key "rencana" in D:\nial_app\register-ibs\rekap.php on line 148
[22-Aug-2022 13:16:35 Asia/Jakarta] PHP Warning:  Undefined array key "tindak_lanjut" in D:\nial_app\register-ibs\rekap.php on line 152
[22-Aug-2022 13:16:35 Asia/Jakarta] PHP Warning:  Undefined array key "keterangan" in D:\nial_app\register-ibs\rekap.php on line 156
[22-Aug-2022 13:16:35 Asia/Jakarta] PHP Warning:  Undefined array key "pukul" in D:\nial_app\register-ibs\rekap.php on line 139
[22-Aug-2022 13:16:35 Asia/Jakarta] PHP Warning:  Undefined array key "kegiatan" in D:\nial_app\register-ibs\rekap.php on line 144
[22-Aug-2022 13:16:35 Asia/Jakarta] PHP Warning:  Undefined array key "rencana" in D:\nial_app\register-ibs\rekap.php on line 148
[22-Aug-2022 13:16:35 Asia/Jakarta] PHP Warning:  Undefined array key "tindak_lanjut" in D:\nial_app\register-ibs\rekap.php on line 152
[22-Aug-2022 13:16:35 Asia/Jakarta] PHP Warning:  Undefined array key "keterangan" in D:\nial_app\register-ibs\rekap.php on line 156
[22-Aug-2022 13:16:35 Asia/Jakarta] PHP Warning:  Undefined array key "pukul" in D:\nial_app\register-ibs\rekap.php on line 139
[22-Aug-2022 13:16:35 Asia/Jakarta] PHP Warning:  Undefined array key "kegiatan" in D:\nial_app\register-ibs\rekap.php on line 144
[22-Aug-2022 13:16:35 Asia/Jakarta] PHP Warning:  Undefined array key "rencana" in D:\nial_app\register-ibs\rekap.php on line 148
[22-Aug-2022 13:16:35 Asia/Jakarta] PHP Warning:  Undefined array key "tindak_lanjut" in D:\nial_app\register-ibs\rekap.php on line 152
[22-Aug-2022 13:16:35 Asia/Jakarta] PHP Warning:  Undefined array key "keterangan" in D:\nial_app\register-ibs\rekap.php on line 156
[22-Aug-2022 13:17:30 Asia/Jakarta] PHP Warning:  Undefined array key "pukul" in D:\nial_app\register-ibs\rekap.php on line 139
[22-Aug-2022 13:17:30 Asia/Jakarta] PHP Warning:  Undefined array key "kegiatan" in D:\nial_app\register-ibs\rekap.php on line 144
[22-Aug-2022 13:17:30 Asia/Jakarta] PHP Warning:  Undefined array key "rencana" in D:\nial_app\register-ibs\rekap.php on line 148
[22-Aug-2022 13:17:30 Asia/Jakarta] PHP Warning:  Undefined array key "tindak_lanjut" in D:\nial_app\register-ibs\rekap.php on line 152
[22-Aug-2022 13:17:30 Asia/Jakarta] PHP Warning:  Undefined array key "keterangan" in D:\nial_app\register-ibs\rekap.php on line 156
[22-Aug-2022 13:17:30 Asia/Jakarta] PHP Warning:  Undefined array key "pukul" in D:\nial_app\register-ibs\rekap.php on line 139
[22-Aug-2022 13:17:30 Asia/Jakarta] PHP Warning:  Undefined array key "kegiatan" in D:\nial_app\register-ibs\rekap.php on line 144
[22-Aug-2022 13:17:30 Asia/Jakarta] PHP Warning:  Undefined array key "rencana" in D:\nial_app\register-ibs\rekap.php on line 148
[22-Aug-2022 13:17:30 Asia/Jakarta] PHP Warning:  Undefined array key "tindak_lanjut" in D:\nial_app\register-ibs\rekap.php on line 152
[22-Aug-2022 13:17:30 Asia/Jakarta] PHP Warning:  Undefined array key "keterangan" in D:\nial_app\register-ibs\rekap.php on line 156
[22-Aug-2022 13:17:30 Asia/Jakarta] PHP Warning:  Undefined array key "pukul" in D:\nial_app\register-ibs\rekap.php on line 139
[22-Aug-2022 13:17:30 Asia/Jakarta] PHP Warning:  Undefined array key "kegiatan" in D:\nial_app\register-ibs\rekap.php on line 144
[22-Aug-2022 13:17:30 Asia/Jakarta] PHP Warning:  Undefined array key "rencana" in D:\nial_app\register-ibs\rekap.php on line 148
[22-Aug-2022 13:17:30 Asia/Jakarta] PHP Warning:  Undefined array key "tindak_lanjut" in D:\nial_app\register-ibs\rekap.php on line 152
[22-Aug-2022 13:17:30 Asia/Jakarta] PHP Warning:  Undefined array key "keterangan" in D:\nial_app\register-ibs\rekap.php on line 156
[22-Aug-2022 13:17:30 Asia/Jakarta] PHP Warning:  Undefined array key "pukul" in D:\nial_app\register-ibs\rekap.php on line 139
[22-Aug-2022 13:17:30 Asia/Jakarta] PHP Warning:  Undefined array key "kegiatan" in D:\nial_app\register-ibs\rekap.php on line 144
[22-Aug-2022 13:17:30 Asia/Jakarta] PHP Warning:  Undefined array key "rencana" in D:\nial_app\register-ibs\rekap.php on line 148
[22-Aug-2022 13:17:30 Asia/Jakarta] PHP Warning:  Undefined array key "tindak_lanjut" in D:\nial_app\register-ibs\rekap.php on line 152
[22-Aug-2022 13:17:30 Asia/Jakarta] PHP Warning:  Undefined array key "keterangan" in D:\nial_app\register-ibs\rekap.php on line 156
[22-Aug-2022 13:21:29 Asia/Jakarta] PHP Warning:  Array to string conversion in D:\nial_app\register-ibs\proses.php on line 36
[22-Aug-2022 13:21:36 Asia/Jakarta] PHP Warning:  Undefined array key "pukul" in D:\nial_app\register-ibs\rekap.php on line 139
[22-Aug-2022 13:21:36 Asia/Jakarta] PHP Warning:  Undefined array key "kegiatan" in D:\nial_app\register-ibs\rekap.php on line 144
[22-Aug-2022 13:21:36 Asia/Jakarta] PHP Warning:  Undefined array key "rencana" in D:\nial_app\register-ibs\rekap.php on line 148
[22-Aug-2022 13:21:36 Asia/Jakarta] PHP Warning:  Undefined array key "tindak_lanjut" in D:\nial_app\register-ibs\rekap.php on line 152
[22-Aug-2022 13:21:36 Asia/Jakarta] PHP Warning:  Undefined array key "keterangan" in D:\nial_app\register-ibs\rekap.php on line 156
[22-Aug-2022 13:21:36 Asia/Jakarta] PHP Warning:  Undefined array key "pukul" in D:\nial_app\register-ibs\rekap.php on line 139
[22-Aug-2022 13:21:36 Asia/Jakarta] PHP Warning:  Undefined array key "kegiatan" in D:\nial_app\register-ibs\rekap.php on line 144
[22-Aug-2022 13:21:36 Asia/Jakarta] PHP Warning:  Undefined array key "rencana" in D:\nial_app\register-ibs\rekap.php on line 148
[22-Aug-2022 13:21:36 Asia/Jakarta] PHP Warning:  Undefined array key "tindak_lanjut" in D:\nial_app\register-ibs\rekap.php on line 152
[22-Aug-2022 13:21:36 Asia/Jakarta] PHP Warning:  Undefined array key "keterangan" in D:\nial_app\register-ibs\rekap.php on line 156
[22-Aug-2022 13:21:36 Asia/Jakarta] PHP Warning:  Undefined array key "pukul" in D:\nial_app\register-ibs\rekap.php on line 139
[22-Aug-2022 13:21:36 Asia/Jakarta] PHP Warning:  Undefined array key "kegiatan" in D:\nial_app\register-ibs\rekap.php on line 144
[22-Aug-2022 13:21:36 Asia/Jakarta] PHP Warning:  Undefined array key "rencana" in D:\nial_app\register-ibs\rekap.php on line 148
[22-Aug-2022 13:21:36 Asia/Jakarta] PHP Warning:  Undefined array key "tindak_lanjut" in D:\nial_app\register-ibs\rekap.php on line 152
[22-Aug-2022 13:21:36 Asia/Jakarta] PHP Warning:  Undefined array key "keterangan" in D:\nial_app\register-ibs\rekap.php on line 156
[22-Aug-2022 13:21:36 Asia/Jakarta] PHP Warning:  Undefined array key "pukul" in D:\nial_app\register-ibs\rekap.php on line 139
[22-Aug-2022 13:21:36 Asia/Jakarta] PHP Warning:  Undefined array key "kegiatan" in D:\nial_app\register-ibs\rekap.php on line 144
[22-Aug-2022 13:21:36 Asia/Jakarta] PHP Warning:  Undefined array key "rencana" in D:\nial_app\register-ibs\rekap.php on line 148
[22-Aug-2022 13:21:36 Asia/Jakarta] PHP Warning:  Undefined array key "tindak_lanjut" in D:\nial_app\register-ibs\rekap.php on line 152
[22-Aug-2022 13:21:36 Asia/Jakarta] PHP Warning:  Undefined array key "keterangan" in D:\nial_app\register-ibs\rekap.php on line 156
[22-Aug-2022 13:21:36 Asia/Jakarta] PHP Warning:  Undefined array key "pukul" in D:\nial_app\register-ibs\rekap.php on line 139
[22-Aug-2022 13:21:36 Asia/Jakarta] PHP Warning:  Undefined array key "kegiatan" in D:\nial_app\register-ibs\rekap.php on line 144
[22-Aug-2022 13:21:36 Asia/Jakarta] PHP Warning:  Undefined array key "rencana" in D:\nial_app\register-ibs\rekap.php on line 148
[22-Aug-2022 13:21:36 Asia/Jakarta] PHP Warning:  Undefined array key "tindak_lanjut" in D:\nial_app\register-ibs\rekap.php on line 152
[22-Aug-2022 13:21:36 Asia/Jakarta] PHP Warning:  Undefined array key "keterangan" in D:\nial_app\register-ibs\rekap.php on line 156
[22-Aug-2022 13:22:47 Asia/Jakarta] PHP Warning:  Undefined array key "pukul" in D:\nial_app\register-ibs\rekap.php on line 139
[22-Aug-2022 13:22:47 Asia/Jakarta] PHP Warning:  Undefined array key "kegiatan" in D:\nial_app\register-ibs\rekap.php on line 144
[22-Aug-2022 13:22:47 Asia/Jakarta] PHP Warning:  Undefined array key "rencana" in D:\nial_app\register-ibs\rekap.php on line 148
[22-Aug-2022 13:22:47 Asia/Jakarta] PHP Warning:  Undefined array key "tindak_lanjut" in D:\nial_app\register-ibs\rekap.php on line 152
[22-Aug-2022 13:22:47 Asia/Jakarta] PHP Warning:  Undefined array key "keterangan" in D:\nial_app\register-ibs\rekap.php on line 156
[22-Aug-2022 13:22:47 Asia/Jakarta] PHP Warning:  Undefined array key "pukul" in D:\nial_app\register-ibs\rekap.php on line 139
[22-Aug-2022 13:22:47 Asia/Jakarta] PHP Warning:  Undefined array key "kegiatan" in D:\nial_app\register-ibs\rekap.php on line 144
[22-Aug-2022 13:22:47 Asia/Jakarta] PHP Warning:  Undefined array key "rencana" in D:\nial_app\register-ibs\rekap.php on line 148
[22-Aug-2022 13:22:47 Asia/Jakarta] PHP Warning:  Undefined array key "tindak_lanjut" in D:\nial_app\register-ibs\rekap.php on line 152
[22-Aug-2022 13:22:47 Asia/Jakarta] PHP Warning:  Undefined array key "keterangan" in D:\nial_app\register-ibs\rekap.php on line 156
[22-Aug-2022 13:22:47 Asia/Jakarta] PHP Warning:  Undefined array key "pukul" in D:\nial_app\register-ibs\rekap.php on line 139
[22-Aug-2022 13:22:47 Asia/Jakarta] PHP Warning:  Undefined array key "kegiatan" in D:\nial_app\register-ibs\rekap.php on line 144
[22-Aug-2022 13:22:47 Asia/Jakarta] PHP Warning:  Undefined array key "rencana" in D:\nial_app\register-ibs\rekap.php on line 148
[22-Aug-2022 13:22:47 Asia/Jakarta] PHP Warning:  Undefined array key "tindak_lanjut" in D:\nial_app\register-ibs\rekap.php on line 152
[22-Aug-2022 13:22:47 Asia/Jakarta] PHP Warning:  Undefined array key "keterangan" in D:\nial_app\register-ibs\rekap.php on line 156
[22-Aug-2022 13:22:47 Asia/Jakarta] PHP Warning:  Undefined array key "pukul" in D:\nial_app\register-ibs\rekap.php on line 139
[22-Aug-2022 13:22:47 Asia/Jakarta] PHP Warning:  Undefined array key "kegiatan" in D:\nial_app\register-ibs\rekap.php on line 144
[22-Aug-2022 13:22:47 Asia/Jakarta] PHP Warning:  Undefined array key "rencana" in D:\nial_app\register-ibs\rekap.php on line 148
[22-Aug-2022 13:22:47 Asia/Jakarta] PHP Warning:  Undefined array key "tindak_lanjut" in D:\nial_app\register-ibs\rekap.php on line 152
[22-Aug-2022 13:22:47 Asia/Jakarta] PHP Warning:  Undefined array key "keterangan" in D:\nial_app\register-ibs\rekap.php on line 156
[22-Aug-2022 13:22:47 Asia/Jakarta] PHP Warning:  Undefined array key "pukul" in D:\nial_app\register-ibs\rekap.php on line 139
[22-Aug-2022 13:22:47 Asia/Jakarta] PHP Warning:  Undefined array key "kegiatan" in D:\nial_app\register-ibs\rekap.php on line 144
[22-Aug-2022 13:22:47 Asia/Jakarta] PHP Warning:  Undefined array key "rencana" in D:\nial_app\register-ibs\rekap.php on line 148
[22-Aug-2022 13:22:47 Asia/Jakarta] PHP Warning:  Undefined array key "tindak_lanjut" in D:\nial_app\register-ibs\rekap.php on line 152
[22-Aug-2022 13:22:47 Asia/Jakarta] PHP Warning:  Undefined array key "keterangan" in D:\nial_app\register-ibs\rekap.php on line 156
[22-Aug-2022 13:22:47 Asia/Jakarta] PHP Warning:  Undefined array key "pukul" in D:\nial_app\register-ibs\rekap.php on line 139
[22-Aug-2022 13:22:47 Asia/Jakarta] PHP Warning:  Undefined array key "kegiatan" in D:\nial_app\register-ibs\rekap.php on line 144
[22-Aug-2022 13:22:47 Asia/Jakarta] PHP Warning:  Undefined array key "rencana" in D:\nial_app\register-ibs\rekap.php on line 148
[22-Aug-2022 13:22:47 Asia/Jakarta] PHP Warning:  Undefined array key "tindak_lanjut" in D:\nial_app\register-ibs\rekap.php on line 152
[22-Aug-2022 13:22:47 Asia/Jakarta] PHP Warning:  Undefined array key "keterangan" in D:\nial_app\register-ibs\rekap.php on line 156
[22-Aug-2022 13:23:25 Asia/Jakarta] PHP Warning:  Undefined array key "pukul" in D:\nial_app\register-ibs\rekap.php on line 139
[22-Aug-2022 13:23:25 Asia/Jakarta] PHP Warning:  Undefined array key "kegiatan" in D:\nial_app\register-ibs\rekap.php on line 144
[22-Aug-2022 13:23:25 Asia/Jakarta] PHP Warning:  Undefined array key "rencana" in D:\nial_app\register-ibs\rekap.php on line 148
[22-Aug-2022 13:23:25 Asia/Jakarta] PHP Warning:  Undefined array key "tindak_lanjut" in D:\nial_app\register-ibs\rekap.php on line 152
[22-Aug-2022 13:23:25 Asia/Jakarta] PHP Warning:  Undefined array key "keterangan" in D:\nial_app\register-ibs\rekap.php on line 156
[22-Aug-2022 13:24:16 Asia/Jakarta] PHP Warning:  Undefined array key 3 in D:\nial_app\register-ibs\proses.php on line 36
[22-Aug-2022 13:24:28 Asia/Jakarta] PHP Warning:  Undefined array key "pukul" in D:\nial_app\register-ibs\rekap.php on line 139
[22-Aug-2022 13:24:28 Asia/Jakarta] PHP Warning:  Undefined array key "kegiatan" in D:\nial_app\register-ibs\rekap.php on line 144
[22-Aug-2022 13:24:28 Asia/Jakarta] PHP Warning:  Undefined array key "rencana" in D:\nial_app\register-ibs\rekap.php on line 148
[22-Aug-2022 13:24:28 Asia/Jakarta] PHP Warning:  Undefined array key "tindak_lanjut" in D:\nial_app\register-ibs\rekap.php on line 152
[22-Aug-2022 13:24:28 Asia/Jakarta] PHP Warning:  Undefined array key "keterangan" in D:\nial_app\register-ibs\rekap.php on line 156
[22-Aug-2022 13:24:28 Asia/Jakarta] PHP Warning:  Undefined array key "pukul" in D:\nial_app\register-ibs\rekap.php on line 139
[22-Aug-2022 13:24:28 Asia/Jakarta] PHP Warning:  Undefined array key "kegiatan" in D:\nial_app\register-ibs\rekap.php on line 144
[22-Aug-2022 13:24:28 Asia/Jakarta] PHP Warning:  Undefined array key "rencana" in D:\nial_app\register-ibs\rekap.php on line 148
[22-Aug-2022 13:24:28 Asia/Jakarta] PHP Warning:  Undefined array key "tindak_lanjut" in D:\nial_app\register-ibs\rekap.php on line 152
[22-Aug-2022 13:24:28 Asia/Jakarta] PHP Warning:  Undefined array key "keterangan" in D:\nial_app\register-ibs\rekap.php on line 156
[22-Aug-2022 13:25:26 Asia/Jakarta] PHP Warning:  Undefined array key 3 in D:\nial_app\register-ibs\proses.php on line 36
[22-Aug-2022 13:25:33 Asia/Jakarta] PHP Warning:  Undefined array key "pukul" in D:\nial_app\register-ibs\rekap.php on line 139
[22-Aug-2022 13:25:33 Asia/Jakarta] PHP Warning:  Undefined array key "kegiatan" in D:\nial_app\register-ibs\rekap.php on line 144
[22-Aug-2022 13:25:33 Asia/Jakarta] PHP Warning:  Undefined array key "rencana" in D:\nial_app\register-ibs\rekap.php on line 148
[22-Aug-2022 13:25:33 Asia/Jakarta] PHP Warning:  Undefined array key "tindak_lanjut" in D:\nial_app\register-ibs\rekap.php on line 152
[22-Aug-2022 13:25:33 Asia/Jakarta] PHP Warning:  Undefined array key "keterangan" in D:\nial_app\register-ibs\rekap.php on line 156
[22-Aug-2022 13:25:33 Asia/Jakarta] PHP Warning:  Undefined array key "pukul" in D:\nial_app\register-ibs\rekap.php on line 139
[22-Aug-2022 13:25:33 Asia/Jakarta] PHP Warning:  Undefined array key "kegiatan" in D:\nial_app\register-ibs\rekap.php on line 144
[22-Aug-2022 13:25:33 Asia/Jakarta] PHP Warning:  Undefined array key "rencana" in D:\nial_app\register-ibs\rekap.php on line 148
[22-Aug-2022 13:25:33 Asia/Jakarta] PHP Warning:  Undefined array key "tindak_lanjut" in D:\nial_app\register-ibs\rekap.php on line 152
[22-Aug-2022 13:25:33 Asia/Jakarta] PHP Warning:  Undefined array key "keterangan" in D:\nial_app\register-ibs\rekap.php on line 156
[22-Aug-2022 13:25:33 Asia/Jakarta] PHP Warning:  Undefined array key "pukul" in D:\nial_app\register-ibs\rekap.php on line 139
[22-Aug-2022 13:25:33 Asia/Jakarta] PHP Warning:  Undefined array key "kegiatan" in D:\nial_app\register-ibs\rekap.php on line 144
[22-Aug-2022 13:25:33 Asia/Jakarta] PHP Warning:  Undefined array key "rencana" in D:\nial_app\register-ibs\rekap.php on line 148
[22-Aug-2022 13:25:33 Asia/Jakarta] PHP Warning:  Undefined array key "tindak_lanjut" in D:\nial_app\register-ibs\rekap.php on line 152
[22-Aug-2022 13:25:33 Asia/Jakarta] PHP Warning:  Undefined array key "keterangan" in D:\nial_app\register-ibs\rekap.php on line 156
[22-Aug-2022 13:26:07 Asia/Jakarta] PHP Warning:  Undefined array key 3 in D:\nial_app\register-ibs\proses.php on line 36
[22-Aug-2022 13:26:11 Asia/Jakarta] PHP Warning:  Undefined array key "pukul" in D:\nial_app\register-ibs\rekap.php on line 139
[22-Aug-2022 13:26:11 Asia/Jakarta] PHP Warning:  Undefined array key "kegiatan" in D:\nial_app\register-ibs\rekap.php on line 144
[22-Aug-2022 13:26:11 Asia/Jakarta] PHP Warning:  Undefined array key "rencana" in D:\nial_app\register-ibs\rekap.php on line 148
[22-Aug-2022 13:26:11 Asia/Jakarta] PHP Warning:  Undefined array key "tindak_lanjut" in D:\nial_app\register-ibs\rekap.php on line 152
[22-Aug-2022 13:26:11 Asia/Jakarta] PHP Warning:  Undefined array key "keterangan" in D:\nial_app\register-ibs\rekap.php on line 156
[22-Aug-2022 13:26:11 Asia/Jakarta] PHP Warning:  Undefined array key "pukul" in D:\nial_app\register-ibs\rekap.php on line 139
[22-Aug-2022 13:26:11 Asia/Jakarta] PHP Warning:  Undefined array key "kegiatan" in D:\nial_app\register-ibs\rekap.php on line 144
[22-Aug-2022 13:26:11 Asia/Jakarta] PHP Warning:  Undefined array key "rencana" in D:\nial_app\register-ibs\rekap.php on line 148
[22-Aug-2022 13:26:11 Asia/Jakarta] PHP Warning:  Undefined array key "tindak_lanjut" in D:\nial_app\register-ibs\rekap.php on line 152
[22-Aug-2022 13:26:11 Asia/Jakarta] PHP Warning:  Undefined array key "keterangan" in D:\nial_app\register-ibs\rekap.php on line 156
[22-Aug-2022 13:26:11 Asia/Jakarta] PHP Warning:  Undefined array key "pukul" in D:\nial_app\register-ibs\rekap.php on line 139
[22-Aug-2022 13:26:11 Asia/Jakarta] PHP Warning:  Undefined array key "kegiatan" in D:\nial_app\register-ibs\rekap.php on line 144
[22-Aug-2022 13:26:11 Asia/Jakarta] PHP Warning:  Undefined array key "rencana" in D:\nial_app\register-ibs\rekap.php on line 148
[22-Aug-2022 13:26:11 Asia/Jakarta] PHP Warning:  Undefined array key "tindak_lanjut" in D:\nial_app\register-ibs\rekap.php on line 152
[22-Aug-2022 13:26:11 Asia/Jakarta] PHP Warning:  Undefined array key "keterangan" in D:\nial_app\register-ibs\rekap.php on line 156
[22-Aug-2022 13:26:11 Asia/Jakarta] PHP Warning:  Undefined array key "pukul" in D:\nial_app\register-ibs\rekap.php on line 139
[22-Aug-2022 13:26:11 Asia/Jakarta] PHP Warning:  Undefined array key "kegiatan" in D:\nial_app\register-ibs\rekap.php on line 144
[22-Aug-2022 13:26:11 Asia/Jakarta] PHP Warning:  Undefined array key "rencana" in D:\nial_app\register-ibs\rekap.php on line 148
[22-Aug-2022 13:26:11 Asia/Jakarta] PHP Warning:  Undefined array key "tindak_lanjut" in D:\nial_app\register-ibs\rekap.php on line 152
[22-Aug-2022 13:26:11 Asia/Jakarta] PHP Warning:  Undefined array key "keterangan" in D:\nial_app\register-ibs\rekap.php on line 156
[22-Aug-2022 13:26:49 Asia/Jakarta] PHP Warning:  Undefined array key 3 in D:\nial_app\register-ibs\proses.php on line 36
[22-Aug-2022 13:26:55 Asia/Jakarta] PHP Warning:  Undefined array key "pukul" in D:\nial_app\register-ibs\rekap.php on line 139
[22-Aug-2022 13:26:55 Asia/Jakarta] PHP Warning:  Undefined array key "kegiatan" in D:\nial_app\register-ibs\rekap.php on line 144
[22-Aug-2022 13:26:55 Asia/Jakarta] PHP Warning:  Undefined array key "rencana" in D:\nial_app\register-ibs\rekap.php on line 148
[22-Aug-2022 13:26:55 Asia/Jakarta] PHP Warning:  Undefined array key "tindak_lanjut" in D:\nial_app\register-ibs\rekap.php on line 152
[22-Aug-2022 13:26:55 Asia/Jakarta] PHP Warning:  Undefined array key "keterangan" in D:\nial_app\register-ibs\rekap.php on line 156
[22-Aug-2022 13:26:55 Asia/Jakarta] PHP Warning:  Undefined array key "pukul" in D:\nial_app\register-ibs\rekap.php on line 139
[22-Aug-2022 13:26:55 Asia/Jakarta] PHP Warning:  Undefined array key "kegiatan" in D:\nial_app\register-ibs\rekap.php on line 144
[22-Aug-2022 13:26:55 Asia/Jakarta] PHP Warning:  Undefined array key "rencana" in D:\nial_app\register-ibs\rekap.php on line 148
[22-Aug-2022 13:26:55 Asia/Jakarta] PHP Warning:  Undefined array key "tindak_lanjut" in D:\nial_app\register-ibs\rekap.php on line 152
[22-Aug-2022 13:26:55 Asia/Jakarta] PHP Warning:  Undefined array key "keterangan" in D:\nial_app\register-ibs\rekap.php on line 156
[22-Aug-2022 13:26:55 Asia/Jakarta] PHP Warning:  Undefined array key "pukul" in D:\nial_app\register-ibs\rekap.php on line 139
[22-Aug-2022 13:26:55 Asia/Jakarta] PHP Warning:  Undefined array key "kegiatan" in D:\nial_app\register-ibs\rekap.php on line 144
[22-Aug-2022 13:26:55 Asia/Jakarta] PHP Warning:  Undefined array key "rencana" in D:\nial_app\register-ibs\rekap.php on line 148
[22-Aug-2022 13:26:55 Asia/Jakarta] PHP Warning:  Undefined array key "tindak_lanjut" in D:\nial_app\register-ibs\rekap.php on line 152
[22-Aug-2022 13:26:55 Asia/Jakarta] PHP Warning:  Undefined array key "keterangan" in D:\nial_app\register-ibs\rekap.php on line 156
[22-Aug-2022 13:26:55 Asia/Jakarta] PHP Warning:  Undefined array key "pukul" in D:\nial_app\register-ibs\rekap.php on line 139
[22-Aug-2022 13:26:55 Asia/Jakarta] PHP Warning:  Undefined array key "kegiatan" in D:\nial_app\register-ibs\rekap.php on line 144
[22-Aug-2022 13:26:55 Asia/Jakarta] PHP Warning:  Undefined array key "rencana" in D:\nial_app\register-ibs\rekap.php on line 148
[22-Aug-2022 13:26:55 Asia/Jakarta] PHP Warning:  Undefined array key "tindak_lanjut" in D:\nial_app\register-ibs\rekap.php on line 152
[22-Aug-2022 13:26:55 Asia/Jakarta] PHP Warning:  Undefined array key "keterangan" in D:\nial_app\register-ibs\rekap.php on line 156
[22-Aug-2022 13:26:55 Asia/Jakarta] PHP Warning:  Undefined array key "pukul" in D:\nial_app\register-ibs\rekap.php on line 139
[22-Aug-2022 13:26:55 Asia/Jakarta] PHP Warning:  Undefined array key "kegiatan" in D:\nial_app\register-ibs\rekap.php on line 144
[22-Aug-2022 13:26:55 Asia/Jakarta] PHP Warning:  Undefined array key "rencana" in D:\nial_app\register-ibs\rekap.php on line 148
[22-Aug-2022 13:26:55 Asia/Jakarta] PHP Warning:  Undefined array key "tindak_lanjut" in D:\nial_app\register-ibs\rekap.php on line 152
[22-Aug-2022 13:26:55 Asia/Jakarta] PHP Warning:  Undefined array key "keterangan" in D:\nial_app\register-ibs\rekap.php on line 156
[22-Aug-2022 13:27:28 Asia/Jakarta] PHP Warning:  Undefined array key 3 in D:\nial_app\register-ibs\proses.php on line 36
[22-Aug-2022 13:27:34 Asia/Jakarta] PHP Warning:  Undefined array key "pukul" in D:\nial_app\register-ibs\rekap.php on line 139
[22-Aug-2022 13:27:34 Asia/Jakarta] PHP Warning:  Undefined array key "kegiatan" in D:\nial_app\register-ibs\rekap.php on line 144
[22-Aug-2022 13:27:34 Asia/Jakarta] PHP Warning:  Undefined array key "rencana" in D:\nial_app\register-ibs\rekap.php on line 148
[22-Aug-2022 13:27:34 Asia/Jakarta] PHP Warning:  Undefined array key "tindak_lanjut" in D:\nial_app\register-ibs\rekap.php on line 152
[22-Aug-2022 13:27:34 Asia/Jakarta] PHP Warning:  Undefined array key "keterangan" in D:\nial_app\register-ibs\rekap.php on line 156
[22-Aug-2022 13:29:08 Asia/Jakarta] PHP Parse error:  syntax error, unexpected token "]", expecting "-" or identifier or variable or number in D:\nial_app\register-ibs\proses.php on line 36
[22-Aug-2022 13:29:30 Asia/Jakarta] PHP Warning:  Undefined array key 3 in D:\nial_app\register-ibs\proses.php on line 36
[22-Aug-2022 13:29:37 Asia/Jakarta] PHP Warning:  Undefined array key "pukul" in D:\nial_app\register-ibs\rekap.php on line 139
[22-Aug-2022 13:29:37 Asia/Jakarta] PHP Warning:  Undefined array key "kegiatan" in D:\nial_app\register-ibs\rekap.php on line 144
[22-Aug-2022 13:29:37 Asia/Jakarta] PHP Warning:  Undefined array key "rencana" in D:\nial_app\register-ibs\rekap.php on line 148
[22-Aug-2022 13:29:37 Asia/Jakarta] PHP Warning:  Undefined array key "tindak_lanjut" in D:\nial_app\register-ibs\rekap.php on line 152
[22-Aug-2022 13:29:37 Asia/Jakarta] PHP Warning:  Undefined array key "keterangan" in D:\nial_app\register-ibs\rekap.php on line 156
[22-Aug-2022 13:33:42 Asia/Jakarta] PHP Warning:  Undefined array key "pukul" in D:\nial_app\register-ibs\rekap.php on line 139
[22-Aug-2022 13:33:42 Asia/Jakarta] PHP Warning:  Undefined array key "kegiatan" in D:\nial_app\register-ibs\rekap.php on line 144
[22-Aug-2022 13:33:42 Asia/Jakarta] PHP Warning:  Undefined array key "rencana" in D:\nial_app\register-ibs\rekap.php on line 148
[22-Aug-2022 13:33:42 Asia/Jakarta] PHP Warning:  Undefined array key "tindak_lanjut" in D:\nial_app\register-ibs\rekap.php on line 152
[22-Aug-2022 13:33:42 Asia/Jakarta] PHP Warning:  Undefined array key "keterangan" in D:\nial_app\register-ibs\rekap.php on line 156
[22-Aug-2022 13:33:42 Asia/Jakarta] PHP Warning:  Undefined array key "pukul" in D:\nial_app\register-ibs\rekap.php on line 139
[22-Aug-2022 13:33:42 Asia/Jakarta] PHP Warning:  Undefined array key "kegiatan" in D:\nial_app\register-ibs\rekap.php on line 144
[22-Aug-2022 13:33:42 Asia/Jakarta] PHP Warning:  Undefined array key "rencana" in D:\nial_app\register-ibs\rekap.php on line 148
[22-Aug-2022 13:33:42 Asia/Jakarta] PHP Warning:  Undefined array key "tindak_lanjut" in D:\nial_app\register-ibs\rekap.php on line 152
[22-Aug-2022 13:33:42 Asia/Jakarta] PHP Warning:  Undefined array key "keterangan" in D:\nial_app\register-ibs\rekap.php on line 156
[22-Aug-2022 13:40:45 Asia/Jakarta] PHP Warning:  Array to string conversion in D:\nial_app\register-ibs\proses.php on line 38
[22-Aug-2022 13:40:51 Asia/Jakarta] PHP Warning:  Undefined array key "pukul" in D:\nial_app\register-ibs\rekap.php on line 139
[22-Aug-2022 13:40:51 Asia/Jakarta] PHP Warning:  Undefined array key "kegiatan" in D:\nial_app\register-ibs\rekap.php on line 144
[22-Aug-2022 13:40:51 Asia/Jakarta] PHP Warning:  Undefined array key "rencana" in D:\nial_app\register-ibs\rekap.php on line 148
[22-Aug-2022 13:40:51 Asia/Jakarta] PHP Warning:  Undefined array key "tindak_lanjut" in D:\nial_app\register-ibs\rekap.php on line 152
[22-Aug-2022 13:40:51 Asia/Jakarta] PHP Warning:  Undefined array key "keterangan" in D:\nial_app\register-ibs\rekap.php on line 156
[22-Aug-2022 13:40:51 Asia/Jakarta] PHP Warning:  Undefined array key "pukul" in D:\nial_app\register-ibs\rekap.php on line 139
[22-Aug-2022 13:40:51 Asia/Jakarta] PHP Warning:  Undefined array key "kegiatan" in D:\nial_app\register-ibs\rekap.php on line 144
[22-Aug-2022 13:40:51 Asia/Jakarta] PHP Warning:  Undefined array key "rencana" in D:\nial_app\register-ibs\rekap.php on line 148
[22-Aug-2022 13:40:51 Asia/Jakarta] PHP Warning:  Undefined array key "tindak_lanjut" in D:\nial_app\register-ibs\rekap.php on line 152
[22-Aug-2022 13:40:51 Asia/Jakarta] PHP Warning:  Undefined array key "keterangan" in D:\nial_app\register-ibs\rekap.php on line 156
[22-Aug-2022 13:40:51 Asia/Jakarta] PHP Warning:  Undefined array key "pukul" in D:\nial_app\register-ibs\rekap.php on line 139
[22-Aug-2022 13:40:51 Asia/Jakarta] PHP Warning:  Undefined array key "kegiatan" in D:\nial_app\register-ibs\rekap.php on line 144
[22-Aug-2022 13:40:51 Asia/Jakarta] PHP Warning:  Undefined array key "rencana" in D:\nial_app\register-ibs\rekap.php on line 148
[22-Aug-2022 13:40:51 Asia/Jakarta] PHP Warning:  Undefined array key "tindak_lanjut" in D:\nial_app\register-ibs\rekap.php on line 152
[22-Aug-2022 13:40:51 Asia/Jakarta] PHP Warning:  Undefined array key "keterangan" in D:\nial_app\register-ibs\rekap.php on line 156
[22-Aug-2022 13:41:07 Asia/Jakarta] PHP Warning:  Array to string conversion in D:\nial_app\register-ibs\proses.php on line 38
[22-Aug-2022 13:41:11 Asia/Jakarta] PHP Warning:  Undefined array key "pukul" in D:\nial_app\register-ibs\rekap.php on line 139
[22-Aug-2022 13:41:11 Asia/Jakarta] PHP Warning:  Undefined array key "kegiatan" in D:\nial_app\register-ibs\rekap.php on line 144
[22-Aug-2022 13:41:11 Asia/Jakarta] PHP Warning:  Undefined array key "rencana" in D:\nial_app\register-ibs\rekap.php on line 148
[22-Aug-2022 13:41:11 Asia/Jakarta] PHP Warning:  Undefined array key "tindak_lanjut" in D:\nial_app\register-ibs\rekap.php on line 152
[22-Aug-2022 13:41:11 Asia/Jakarta] PHP Warning:  Undefined array key "keterangan" in D:\nial_app\register-ibs\rekap.php on line 156
[22-Aug-2022 13:41:11 Asia/Jakarta] PHP Warning:  Undefined array key "pukul" in D:\nial_app\register-ibs\rekap.php on line 139
[22-Aug-2022 13:41:11 Asia/Jakarta] PHP Warning:  Undefined array key "kegiatan" in D:\nial_app\register-ibs\rekap.php on line 144
[22-Aug-2022 13:41:11 Asia/Jakarta] PHP Warning:  Undefined array key "rencana" in D:\nial_app\register-ibs\rekap.php on line 148
[22-Aug-2022 13:41:11 Asia/Jakarta] PHP Warning:  Undefined array key "tindak_lanjut" in D:\nial_app\register-ibs\rekap.php on line 152
[22-Aug-2022 13:41:11 Asia/Jakarta] PHP Warning:  Undefined array key "keterangan" in D:\nial_app\register-ibs\rekap.php on line 156
[22-Aug-2022 13:41:11 Asia/Jakarta] PHP Warning:  Undefined array key "pukul" in D:\nial_app\register-ibs\rekap.php on line 139
[22-Aug-2022 13:41:11 Asia/Jakarta] PHP Warning:  Undefined array key "kegiatan" in D:\nial_app\register-ibs\rekap.php on line 144
[22-Aug-2022 13:41:11 Asia/Jakarta] PHP Warning:  Undefined array key "rencana" in D:\nial_app\register-ibs\rekap.php on line 148
[22-Aug-2022 13:41:11 Asia/Jakarta] PHP Warning:  Undefined array key "tindak_lanjut" in D:\nial_app\register-ibs\rekap.php on line 152
[22-Aug-2022 13:41:11 Asia/Jakarta] PHP Warning:  Undefined array key "keterangan" in D:\nial_app\register-ibs\rekap.php on line 156
[22-Aug-2022 13:41:11 Asia/Jakarta] PHP Warning:  Undefined array key "pukul" in D:\nial_app\register-ibs\rekap.php on line 139
[22-Aug-2022 13:41:11 Asia/Jakarta] PHP Warning:  Undefined array key "kegiatan" in D:\nial_app\register-ibs\rekap.php on line 144
[22-Aug-2022 13:41:11 Asia/Jakarta] PHP Warning:  Undefined array key "rencana" in D:\nial_app\register-ibs\rekap.php on line 148
[22-Aug-2022 13:41:11 Asia/Jakarta] PHP Warning:  Undefined array key "tindak_lanjut" in D:\nial_app\register-ibs\rekap.php on line 152
[22-Aug-2022 13:41:11 Asia/Jakarta] PHP Warning:  Undefined array key "keterangan" in D:\nial_app\register-ibs\rekap.php on line 156
[22-Aug-2022 13:41:55 Asia/Jakarta] PHP Warning:  Undefined variable $timlist in D:\nial_app\register-ibs\proses.php on line 25
[22-Aug-2022 13:42:00 Asia/Jakarta] PHP Warning:  Undefined array key "pukul" in D:\nial_app\register-ibs\rekap.php on line 139
[22-Aug-2022 13:42:00 Asia/Jakarta] PHP Warning:  Undefined array key "kegiatan" in D:\nial_app\register-ibs\rekap.php on line 144
[22-Aug-2022 13:42:00 Asia/Jakarta] PHP Warning:  Undefined array key "rencana" in D:\nial_app\register-ibs\rekap.php on line 148
[22-Aug-2022 13:42:00 Asia/Jakarta] PHP Warning:  Undefined array key "tindak_lanjut" in D:\nial_app\register-ibs\rekap.php on line 152
[22-Aug-2022 13:42:00 Asia/Jakarta] PHP Warning:  Undefined array key "keterangan" in D:\nial_app\register-ibs\rekap.php on line 156
[22-Aug-2022 13:42:00 Asia/Jakarta] PHP Warning:  Undefined array key "pukul" in D:\nial_app\register-ibs\rekap.php on line 139
[22-Aug-2022 13:42:00 Asia/Jakarta] PHP Warning:  Undefined array key "kegiatan" in D:\nial_app\register-ibs\rekap.php on line 144
[22-Aug-2022 13:42:00 Asia/Jakarta] PHP Warning:  Undefined array key "rencana" in D:\nial_app\register-ibs\rekap.php on line 148
[22-Aug-2022 13:42:00 Asia/Jakarta] PHP Warning:  Undefined array key "tindak_lanjut" in D:\nial_app\register-ibs\rekap.php on line 152
[22-Aug-2022 13:42:00 Asia/Jakarta] PHP Warning:  Undefined array key "keterangan" in D:\nial_app\register-ibs\rekap.php on line 156
[22-Aug-2022 13:42:00 Asia/Jakarta] PHP Warning:  Undefined array key "pukul" in D:\nial_app\register-ibs\rekap.php on line 139
[22-Aug-2022 13:42:00 Asia/Jakarta] PHP Warning:  Undefined array key "kegiatan" in D:\nial_app\register-ibs\rekap.php on line 144
[22-Aug-2022 13:42:00 Asia/Jakarta] PHP Warning:  Undefined array key "rencana" in D:\nial_app\register-ibs\rekap.php on line 148
[22-Aug-2022 13:42:00 Asia/Jakarta] PHP Warning:  Undefined array key "tindak_lanjut" in D:\nial_app\register-ibs\rekap.php on line 152
[22-Aug-2022 13:42:00 Asia/Jakarta] PHP Warning:  Undefined array key "keterangan" in D:\nial_app\register-ibs\rekap.php on line 156
[22-Aug-2022 13:42:00 Asia/Jakarta] PHP Warning:  Undefined array key "pukul" in D:\nial_app\register-ibs\rekap.php on line 139
[22-Aug-2022 13:42:00 Asia/Jakarta] PHP Warning:  Undefined array key "kegiatan" in D:\nial_app\register-ibs\rekap.php on line 144
[22-Aug-2022 13:42:00 Asia/Jakarta] PHP Warning:  Undefined array key "rencana" in D:\nial_app\register-ibs\rekap.php on line 148
[22-Aug-2022 13:42:00 Asia/Jakarta] PHP Warning:  Undefined array key "tindak_lanjut" in D:\nial_app\register-ibs\rekap.php on line 152
[22-Aug-2022 13:42:00 Asia/Jakarta] PHP Warning:  Undefined array key "keterangan" in D:\nial_app\register-ibs\rekap.php on line 156
[22-Aug-2022 13:42:00 Asia/Jakarta] PHP Warning:  Undefined array key "pukul" in D:\nial_app\register-ibs\rekap.php on line 139
[22-Aug-2022 13:42:00 Asia/Jakarta] PHP Warning:  Undefined array key "kegiatan" in D:\nial_app\register-ibs\rekap.php on line 144
[22-Aug-2022 13:42:00 Asia/Jakarta] PHP Warning:  Undefined array key "rencana" in D:\nial_app\register-ibs\rekap.php on line 148
[22-Aug-2022 13:42:00 Asia/Jakarta] PHP Warning:  Undefined array key "tindak_lanjut" in D:\nial_app\register-ibs\rekap.php on line 152
[22-Aug-2022 13:42:00 Asia/Jakarta] PHP Warning:  Undefined array key "keterangan" in D:\nial_app\register-ibs\rekap.php on line 156
[22-Aug-2022 13:42:17 Asia/Jakarta] PHP Warning:  Undefined array key "pukul" in D:\nial_app\register-ibs\rekap.php on line 139
[22-Aug-2022 13:42:17 Asia/Jakarta] PHP Warning:  Undefined array key "kegiatan" in D:\nial_app\register-ibs\rekap.php on line 144
[22-Aug-2022 13:42:17 Asia/Jakarta] PHP Warning:  Undefined array key "rencana" in D:\nial_app\register-ibs\rekap.php on line 148
[22-Aug-2022 13:42:17 Asia/Jakarta] PHP Warning:  Undefined array key "tindak_lanjut" in D:\nial_app\register-ibs\rekap.php on line 152
[22-Aug-2022 13:42:17 Asia/Jakarta] PHP Warning:  Undefined array key "keterangan" in D:\nial_app\register-ibs\rekap.php on line 156
[22-Aug-2022 13:42:17 Asia/Jakarta] PHP Warning:  Undefined array key "pukul" in D:\nial_app\register-ibs\rekap.php on line 139
[22-Aug-2022 13:42:17 Asia/Jakarta] PHP Warning:  Undefined array key "kegiatan" in D:\nial_app\register-ibs\rekap.php on line 144
[22-Aug-2022 13:42:17 Asia/Jakarta] PHP Warning:  Undefined array key "rencana" in D:\nial_app\register-ibs\rekap.php on line 148
[22-Aug-2022 13:42:17 Asia/Jakarta] PHP Warning:  Undefined array key "tindak_lanjut" in D:\nial_app\register-ibs\rekap.php on line 152
[22-Aug-2022 13:42:17 Asia/Jakarta] PHP Warning:  Undefined array key "keterangan" in D:\nial_app\register-ibs\rekap.php on line 156
[22-Aug-2022 13:42:17 Asia/Jakarta] PHP Warning:  Undefined array key "pukul" in D:\nial_app\register-ibs\rekap.php on line 139
[22-Aug-2022 13:42:17 Asia/Jakarta] PHP Warning:  Undefined array key "kegiatan" in D:\nial_app\register-ibs\rekap.php on line 144
[22-Aug-2022 13:42:17 Asia/Jakarta] PHP Warning:  Undefined array key "rencana" in D:\nial_app\register-ibs\rekap.php on line 148
[22-Aug-2022 13:42:17 Asia/Jakarta] PHP Warning:  Undefined array key "tindak_lanjut" in D:\nial_app\register-ibs\rekap.php on line 152
[22-Aug-2022 13:42:17 Asia/Jakarta] PHP Warning:  Undefined array key "keterangan" in D:\nial_app\register-ibs\rekap.php on line 156
[22-Aug-2022 13:42:17 Asia/Jakarta] PHP Warning:  Undefined array key "pukul" in D:\nial_app\register-ibs\rekap.php on line 139
[22-Aug-2022 13:42:17 Asia/Jakarta] PHP Warning:  Undefined array key "kegiatan" in D:\nial_app\register-ibs\rekap.php on line 144
[22-Aug-2022 13:42:17 Asia/Jakarta] PHP Warning:  Undefined array key "rencana" in D:\nial_app\register-ibs\rekap.php on line 148
[22-Aug-2022 13:42:17 Asia/Jakarta] PHP Warning:  Undefined array key "tindak_lanjut" in D:\nial_app\register-ibs\rekap.php on line 152
[22-Aug-2022 13:42:17 Asia/Jakarta] PHP Warning:  Undefined array key "keterangan" in D:\nial_app\register-ibs\rekap.php on line 156
[22-Aug-2022 13:42:17 Asia/Jakarta] PHP Warning:  Undefined array key "pukul" in D:\nial_app\register-ibs\rekap.php on line 139
[22-Aug-2022 13:42:17 Asia/Jakarta] PHP Warning:  Undefined array key "kegiatan" in D:\nial_app\register-ibs\rekap.php on line 144
[22-Aug-2022 13:42:17 Asia/Jakarta] PHP Warning:  Undefined array key "rencana" in D:\nial_app\register-ibs\rekap.php on line 148
[22-Aug-2022 13:42:17 Asia/Jakarta] PHP Warning:  Undefined array key "tindak_lanjut" in D:\nial_app\register-ibs\rekap.php on line 152
[22-Aug-2022 13:42:17 Asia/Jakarta] PHP Warning:  Undefined array key "keterangan" in D:\nial_app\register-ibs\rekap.php on line 156
[22-Aug-2022 13:42:17 Asia/Jakarta] PHP Warning:  Undefined array key "pukul" in D:\nial_app\register-ibs\rekap.php on line 139
[22-Aug-2022 13:42:17 Asia/Jakarta] PHP Warning:  Undefined array key "kegiatan" in D:\nial_app\register-ibs\rekap.php on line 144
[22-Aug-2022 13:42:17 Asia/Jakarta] PHP Warning:  Undefined array key "rencana" in D:\nial_app\register-ibs\rekap.php on line 148
[22-Aug-2022 13:42:17 Asia/Jakarta] PHP Warning:  Undefined array key "tindak_lanjut" in D:\nial_app\register-ibs\rekap.php on line 152
[22-Aug-2022 13:42:17 Asia/Jakarta] PHP Warning:  Undefined array key "keterangan" in D:\nial_app\register-ibs\rekap.php on line 156
[22-Aug-2022 13:56:53 Asia/Jakarta] PHP Warning:  Undefined array key "pukul" in D:\nial_app\register-ibs\rekap.php on line 139
[22-Aug-2022 13:56:53 Asia/Jakarta] PHP Warning:  Undefined array key "kegiatan" in D:\nial_app\register-ibs\rekap.php on line 144
[22-Aug-2022 13:56:53 Asia/Jakarta] PHP Warning:  Undefined array key "rencana" in D:\nial_app\register-ibs\rekap.php on line 148
[22-Aug-2022 13:56:53 Asia/Jakarta] PHP Warning:  Undefined array key "tindak_lanjut" in D:\nial_app\register-ibs\rekap.php on line 152
[22-Aug-2022 13:56:53 Asia/Jakarta] PHP Warning:  Undefined array key "keterangan" in D:\nial_app\register-ibs\rekap.php on line 156
[22-Aug-2022 13:56:53 Asia/Jakarta] PHP Warning:  Undefined array key "pukul" in D:\nial_app\register-ibs\rekap.php on line 139
[22-Aug-2022 13:56:53 Asia/Jakarta] PHP Warning:  Undefined array key "kegiatan" in D:\nial_app\register-ibs\rekap.php on line 144
[22-Aug-2022 13:56:53 Asia/Jakarta] PHP Warning:  Undefined array key "rencana" in D:\nial_app\register-ibs\rekap.php on line 148
[22-Aug-2022 13:56:53 Asia/Jakarta] PHP Warning:  Undefined array key "tindak_lanjut" in D:\nial_app\register-ibs\rekap.php on line 152
[22-Aug-2022 13:56:53 Asia/Jakarta] PHP Warning:  Undefined array key "keterangan" in D:\nial_app\register-ibs\rekap.php on line 156
[22-Aug-2022 13:56:53 Asia/Jakarta] PHP Warning:  Undefined array key "pukul" in D:\nial_app\register-ibs\rekap.php on line 139
[22-Aug-2022 13:56:53 Asia/Jakarta] PHP Warning:  Undefined array key "kegiatan" in D:\nial_app\register-ibs\rekap.php on line 144
[22-Aug-2022 13:56:53 Asia/Jakarta] PHP Warning:  Undefined array key "rencana" in D:\nial_app\register-ibs\rekap.php on line 148
[22-Aug-2022 13:56:53 Asia/Jakarta] PHP Warning:  Undefined array key "tindak_lanjut" in D:\nial_app\register-ibs\rekap.php on line 152
[22-Aug-2022 13:56:53 Asia/Jakarta] PHP Warning:  Undefined array key "keterangan" in D:\nial_app\register-ibs\rekap.php on line 156
[22-Aug-2022 13:56:53 Asia/Jakarta] PHP Warning:  Undefined array key "pukul" in D:\nial_app\register-ibs\rekap.php on line 139
[22-Aug-2022 13:56:53 Asia/Jakarta] PHP Warning:  Undefined array key "kegiatan" in D:\nial_app\register-ibs\rekap.php on line 144
[22-Aug-2022 13:56:53 Asia/Jakarta] PHP Warning:  Undefined array key "rencana" in D:\nial_app\register-ibs\rekap.php on line 148
[22-Aug-2022 13:56:53 Asia/Jakarta] PHP Warning:  Undefined array key "tindak_lanjut" in D:\nial_app\register-ibs\rekap.php on line 152
[22-Aug-2022 13:56:53 Asia/Jakarta] PHP Warning:  Undefined array key "keterangan" in D:\nial_app\register-ibs\rekap.php on line 156
[22-Aug-2022 13:56:53 Asia/Jakarta] PHP Warning:  Undefined array key "pukul" in D:\nial_app\register-ibs\rekap.php on line 139
[22-Aug-2022 13:56:53 Asia/Jakarta] PHP Warning:  Undefined array key "kegiatan" in D:\nial_app\register-ibs\rekap.php on line 144
[22-Aug-2022 13:56:53 Asia/Jakarta] PHP Warning:  Undefined array key "rencana" in D:\nial_app\register-ibs\rekap.php on line 148
[22-Aug-2022 13:56:53 Asia/Jakarta] PHP Warning:  Undefined array key "tindak_lanjut" in D:\nial_app\register-ibs\rekap.php on line 152
[22-Aug-2022 13:56:53 Asia/Jakarta] PHP Warning:  Undefined array key "keterangan" in D:\nial_app\register-ibs\rekap.php on line 156
[22-Aug-2022 13:56:53 Asia/Jakarta] PHP Warning:  Undefined array key "pukul" in D:\nial_app\register-ibs\rekap.php on line 139
[22-Aug-2022 13:56:53 Asia/Jakarta] PHP Warning:  Undefined array key "kegiatan" in D:\nial_app\register-ibs\rekap.php on line 144
[22-Aug-2022 13:56:53 Asia/Jakarta] PHP Warning:  Undefined array key "rencana" in D:\nial_app\register-ibs\rekap.php on line 148
[22-Aug-2022 13:56:53 Asia/Jakarta] PHP Warning:  Undefined array key "tindak_lanjut" in D:\nial_app\register-ibs\rekap.php on line 152
[22-Aug-2022 13:56:53 Asia/Jakarta] PHP Warning:  Undefined array key "keterangan" in D:\nial_app\register-ibs\rekap.php on line 156
[22-Aug-2022 13:56:53 Asia/Jakarta] PHP Warning:  Undefined array key "pukul" in D:\nial_app\register-ibs\rekap.php on line 139
[22-Aug-2022 13:56:53 Asia/Jakarta] PHP Warning:  Undefined array key "kegiatan" in D:\nial_app\register-ibs\rekap.php on line 144
[22-Aug-2022 13:56:53 Asia/Jakarta] PHP Warning:  Undefined array key "rencana" in D:\nial_app\register-ibs\rekap.php on line 148
[22-Aug-2022 13:56:53 Asia/Jakarta] PHP Warning:  Undefined array key "tindak_lanjut" in D:\nial_app\register-ibs\rekap.php on line 152
[22-Aug-2022 13:56:53 Asia/Jakarta] PHP Warning:  Undefined array key "keterangan" in D:\nial_app\register-ibs\rekap.php on line 156
[22-Aug-2022 13:58:47 Asia/Jakarta] PHP Warning:  Undefined array key 3 in D:\nial_app\register-ibs\proses.php on line 38
[22-Aug-2022 13:58:53 Asia/Jakarta] PHP Warning:  Undefined array key "pukul" in D:\nial_app\register-ibs\rekap.php on line 139
[22-Aug-2022 13:58:53 Asia/Jakarta] PHP Warning:  Undefined array key "kegiatan" in D:\nial_app\register-ibs\rekap.php on line 144
[22-Aug-2022 13:58:53 Asia/Jakarta] PHP Warning:  Undefined array key "rencana" in D:\nial_app\register-ibs\rekap.php on line 148
[22-Aug-2022 13:58:53 Asia/Jakarta] PHP Warning:  Undefined array key "tindak_lanjut" in D:\nial_app\register-ibs\rekap.php on line 152
[22-Aug-2022 13:58:53 Asia/Jakarta] PHP Warning:  Undefined array key "keterangan" in D:\nial_app\register-ibs\rekap.php on line 156
[22-Aug-2022 13:59:50 Asia/Jakarta] PHP Warning:  Undefined array key 3 in D:\nial_app\register-ibs\proses.php on line 38
[22-Aug-2022 13:59:54 Asia/Jakarta] PHP Warning:  Undefined array key "pukul" in D:\nial_app\register-ibs\rekap.php on line 139
[22-Aug-2022 13:59:54 Asia/Jakarta] PHP Warning:  Undefined array key "kegiatan" in D:\nial_app\register-ibs\rekap.php on line 144
[22-Aug-2022 13:59:54 Asia/Jakarta] PHP Warning:  Undefined array key "rencana" in D:\nial_app\register-ibs\rekap.php on line 148
[22-Aug-2022 13:59:54 Asia/Jakarta] PHP Warning:  Undefined array key "tindak_lanjut" in D:\nial_app\register-ibs\rekap.php on line 152
[22-Aug-2022 13:59:54 Asia/Jakarta] PHP Warning:  Undefined array key "keterangan" in D:\nial_app\register-ibs\rekap.php on line 156
[22-Aug-2022 13:59:54 Asia/Jakarta] PHP Warning:  Undefined array key "pukul" in D:\nial_app\register-ibs\rekap.php on line 139
[22-Aug-2022 13:59:54 Asia/Jakarta] PHP Warning:  Undefined array key "kegiatan" in D:\nial_app\register-ibs\rekap.php on line 144
[22-Aug-2022 13:59:54 Asia/Jakarta] PHP Warning:  Undefined array key "rencana" in D:\nial_app\register-ibs\rekap.php on line 148
[22-Aug-2022 13:59:54 Asia/Jakarta] PHP Warning:  Undefined array key "tindak_lanjut" in D:\nial_app\register-ibs\rekap.php on line 152
[22-Aug-2022 13:59:54 Asia/Jakarta] PHP Warning:  Undefined array key "keterangan" in D:\nial_app\register-ibs\rekap.php on line 156
[22-Aug-2022 14:00:05 Asia/Jakarta] PHP Warning:  Undefined array key 3 in D:\nial_app\register-ibs\proses.php on line 38
[22-Aug-2022 14:00:09 Asia/Jakarta] PHP Warning:  Undefined array key "pukul" in D:\nial_app\register-ibs\rekap.php on line 139
[22-Aug-2022 14:00:09 Asia/Jakarta] PHP Warning:  Undefined array key "kegiatan" in D:\nial_app\register-ibs\rekap.php on line 144
[22-Aug-2022 14:00:09 Asia/Jakarta] PHP Warning:  Undefined array key "rencana" in D:\nial_app\register-ibs\rekap.php on line 148
[22-Aug-2022 14:00:09 Asia/Jakarta] PHP Warning:  Undefined array key "tindak_lanjut" in D:\nial_app\register-ibs\rekap.php on line 152
[22-Aug-2022 14:00:09 Asia/Jakarta] PHP Warning:  Undefined array key "keterangan" in D:\nial_app\register-ibs\rekap.php on line 156
[22-Aug-2022 14:00:09 Asia/Jakarta] PHP Warning:  Undefined array key "pukul" in D:\nial_app\register-ibs\rekap.php on line 139
[22-Aug-2022 14:00:09 Asia/Jakarta] PHP Warning:  Undefined array key "kegiatan" in D:\nial_app\register-ibs\rekap.php on line 144
[22-Aug-2022 14:00:09 Asia/Jakarta] PHP Warning:  Undefined array key "rencana" in D:\nial_app\register-ibs\rekap.php on line 148
[22-Aug-2022 14:00:09 Asia/Jakarta] PHP Warning:  Undefined array key "tindak_lanjut" in D:\nial_app\register-ibs\rekap.php on line 152
[22-Aug-2022 14:00:09 Asia/Jakarta] PHP Warning:  Undefined array key "keterangan" in D:\nial_app\register-ibs\rekap.php on line 156
[22-Aug-2022 14:00:09 Asia/Jakarta] PHP Warning:  Undefined array key "pukul" in D:\nial_app\register-ibs\rekap.php on line 139
[22-Aug-2022 14:00:09 Asia/Jakarta] PHP Warning:  Undefined array key "kegiatan" in D:\nial_app\register-ibs\rekap.php on line 144
[22-Aug-2022 14:00:09 Asia/Jakarta] PHP Warning:  Undefined array key "rencana" in D:\nial_app\register-ibs\rekap.php on line 148
[22-Aug-2022 14:00:09 Asia/Jakarta] PHP Warning:  Undefined array key "tindak_lanjut" in D:\nial_app\register-ibs\rekap.php on line 152
[22-Aug-2022 14:00:09 Asia/Jakarta] PHP Warning:  Undefined array key "keterangan" in D:\nial_app\register-ibs\rekap.php on line 156
[22-Aug-2022 14:16:22 Asia/Jakarta] PHP Warning:  Undefined array key 3 in D:\nial_app\register-ibs\proses.php on line 38
[22-Aug-2022 14:16:26 Asia/Jakarta] PHP Warning:  Undefined array key "pukul" in D:\nial_app\register-ibs\rekap.php on line 139
[22-Aug-2022 14:16:26 Asia/Jakarta] PHP Warning:  Undefined array key "kegiatan" in D:\nial_app\register-ibs\rekap.php on line 144
[22-Aug-2022 14:16:26 Asia/Jakarta] PHP Warning:  Undefined array key "rencana" in D:\nial_app\register-ibs\rekap.php on line 148
[22-Aug-2022 14:16:26 Asia/Jakarta] PHP Warning:  Undefined array key "tindak_lanjut" in D:\nial_app\register-ibs\rekap.php on line 152
[22-Aug-2022 14:16:26 Asia/Jakarta] PHP Warning:  Undefined array key "keterangan" in D:\nial_app\register-ibs\rekap.php on line 156
[22-Aug-2022 14:16:26 Asia/Jakarta] PHP Warning:  Undefined array key "pukul" in D:\nial_app\register-ibs\rekap.php on line 139
[22-Aug-2022 14:16:26 Asia/Jakarta] PHP Warning:  Undefined array key "kegiatan" in D:\nial_app\register-ibs\rekap.php on line 144
[22-Aug-2022 14:16:26 Asia/Jakarta] PHP Warning:  Undefined array key "rencana" in D:\nial_app\register-ibs\rekap.php on line 148
[22-Aug-2022 14:16:26 Asia/Jakarta] PHP Warning:  Undefined array key "tindak_lanjut" in D:\nial_app\register-ibs\rekap.php on line 152
[22-Aug-2022 14:16:26 Asia/Jakarta] PHP Warning:  Undefined array key "keterangan" in D:\nial_app\register-ibs\rekap.php on line 156
[22-Aug-2022 14:16:26 Asia/Jakarta] PHP Warning:  Undefined array key "pukul" in D:\nial_app\register-ibs\rekap.php on line 139
[22-Aug-2022 14:16:26 Asia/Jakarta] PHP Warning:  Undefined array key "kegiatan" in D:\nial_app\register-ibs\rekap.php on line 144
[22-Aug-2022 14:16:26 Asia/Jakarta] PHP Warning:  Undefined array key "rencana" in D:\nial_app\register-ibs\rekap.php on line 148
[22-Aug-2022 14:16:26 Asia/Jakarta] PHP Warning:  Undefined array key "tindak_lanjut" in D:\nial_app\register-ibs\rekap.php on line 152
[22-Aug-2022 14:16:26 Asia/Jakarta] PHP Warning:  Undefined array key "keterangan" in D:\nial_app\register-ibs\rekap.php on line 156
[22-Aug-2022 14:16:26 Asia/Jakarta] PHP Warning:  Undefined array key "pukul" in D:\nial_app\register-ibs\rekap.php on line 139
[22-Aug-2022 14:16:26 Asia/Jakarta] PHP Warning:  Undefined array key "kegiatan" in D:\nial_app\register-ibs\rekap.php on line 144
[22-Aug-2022 14:16:26 Asia/Jakarta] PHP Warning:  Undefined array key "rencana" in D:\nial_app\register-ibs\rekap.php on line 148
[22-Aug-2022 14:16:26 Asia/Jakarta] PHP Warning:  Undefined array key "tindak_lanjut" in D:\nial_app\register-ibs\rekap.php on line 152
[22-Aug-2022 14:16:26 Asia/Jakarta] PHP Warning:  Undefined array key "keterangan" in D:\nial_app\register-ibs\rekap.php on line 156
[22-Aug-2022 14:17:19 Asia/Jakarta] PHP Warning:  Undefined array key 3 in D:\nial_app\register-ibs\proses.php on line 38
[22-Aug-2022 14:17:22 Asia/Jakarta] PHP Warning:  Undefined array key "pukul" in D:\nial_app\register-ibs\rekap.php on line 139
[22-Aug-2022 14:17:22 Asia/Jakarta] PHP Warning:  Undefined array key "kegiatan" in D:\nial_app\register-ibs\rekap.php on line 144
[22-Aug-2022 14:17:22 Asia/Jakarta] PHP Warning:  Undefined array key "rencana" in D:\nial_app\register-ibs\rekap.php on line 148
[22-Aug-2022 14:17:22 Asia/Jakarta] PHP Warning:  Undefined array key "tindak_lanjut" in D:\nial_app\register-ibs\rekap.php on line 152
[22-Aug-2022 14:17:22 Asia/Jakarta] PHP Warning:  Undefined array key "keterangan" in D:\nial_app\register-ibs\rekap.php on line 156
[22-Aug-2022 14:17:22 Asia/Jakarta] PHP Warning:  Undefined array key "pukul" in D:\nial_app\register-ibs\rekap.php on line 139
[22-Aug-2022 14:17:22 Asia/Jakarta] PHP Warning:  Undefined array key "kegiatan" in D:\nial_app\register-ibs\rekap.php on line 144
[22-Aug-2022 14:17:22 Asia/Jakarta] PHP Warning:  Undefined array key "rencana" in D:\nial_app\register-ibs\rekap.php on line 148
[22-Aug-2022 14:17:22 Asia/Jakarta] PHP Warning:  Undefined array key "tindak_lanjut" in D:\nial_app\register-ibs\rekap.php on line 152
[22-Aug-2022 14:17:22 Asia/Jakarta] PHP Warning:  Undefined array key "keterangan" in D:\nial_app\register-ibs\rekap.php on line 156
[22-Aug-2022 14:17:22 Asia/Jakarta] PHP Warning:  Undefined array key "pukul" in D:\nial_app\register-ibs\rekap.php on line 139
[22-Aug-2022 14:17:22 Asia/Jakarta] PHP Warning:  Undefined array key "kegiatan" in D:\nial_app\register-ibs\rekap.php on line 144
[22-Aug-2022 14:17:22 Asia/Jakarta] PHP Warning:  Undefined array key "rencana" in D:\nial_app\register-ibs\rekap.php on line 148
[22-Aug-2022 14:17:22 Asia/Jakarta] PHP Warning:  Undefined array key "tindak_lanjut" in D:\nial_app\register-ibs\rekap.php on line 152
[22-Aug-2022 14:17:22 Asia/Jakarta] PHP Warning:  Undefined array key "keterangan" in D:\nial_app\register-ibs\rekap.php on line 156
[22-Aug-2022 14:17:22 Asia/Jakarta] PHP Warning:  Undefined array key "pukul" in D:\nial_app\register-ibs\rekap.php on line 139
[22-Aug-2022 14:17:22 Asia/Jakarta] PHP Warning:  Undefined array key "kegiatan" in D:\nial_app\register-ibs\rekap.php on line 144
[22-Aug-2022 14:17:22 Asia/Jakarta] PHP Warning:  Undefined array key "rencana" in D:\nial_app\register-ibs\rekap.php on line 148
[22-Aug-2022 14:17:22 Asia/Jakarta] PHP Warning:  Undefined array key "tindak_lanjut" in D:\nial_app\register-ibs\rekap.php on line 152
[22-Aug-2022 14:17:22 Asia/Jakarta] PHP Warning:  Undefined array key "keterangan" in D:\nial_app\register-ibs\rekap.php on line 156
[22-Aug-2022 14:17:22 Asia/Jakarta] PHP Warning:  Undefined array key "pukul" in D:\nial_app\register-ibs\rekap.php on line 139
[22-Aug-2022 14:17:22 Asia/Jakarta] PHP Warning:  Undefined array key "kegiatan" in D:\nial_app\register-ibs\rekap.php on line 144
[22-Aug-2022 14:17:22 Asia/Jakarta] PHP Warning:  Undefined array key "rencana" in D:\nial_app\register-ibs\rekap.php on line 148
[22-Aug-2022 14:17:22 Asia/Jakarta] PHP Warning:  Undefined array key "tindak_lanjut" in D:\nial_app\register-ibs\rekap.php on line 152
[22-Aug-2022 14:17:22 Asia/Jakarta] PHP Warning:  Undefined array key "keterangan" in D:\nial_app\register-ibs\rekap.php on line 156
[22-Aug-2022 14:19:22 Asia/Jakarta] PHP Warning:  Undefined array key 3 in D:\nial_app\register-ibs\proses.php on line 38
[22-Aug-2022 14:19:30 Asia/Jakarta] PHP Warning:  Undefined array key "pukul" in D:\nial_app\register-ibs\rekap.php on line 139
[22-Aug-2022 14:19:30 Asia/Jakarta] PHP Warning:  Undefined array key "kegiatan" in D:\nial_app\register-ibs\rekap.php on line 144
[22-Aug-2022 14:19:30 Asia/Jakarta] PHP Warning:  Undefined array key "rencana" in D:\nial_app\register-ibs\rekap.php on line 148
[22-Aug-2022 14:19:30 Asia/Jakarta] PHP Warning:  Undefined array key "tindak_lanjut" in D:\nial_app\register-ibs\rekap.php on line 152
[22-Aug-2022 14:19:30 Asia/Jakarta] PHP Warning:  Undefined array key "keterangan" in D:\nial_app\register-ibs\rekap.php on line 156
[23-Aug-2022 11:28:13 Asia/Jakarta] PHP Warning:  Undefined array key "pukul" in D:\nial_app\register-ibs\rekap.php on line 139
[23-Aug-2022 11:28:13 Asia/Jakarta] PHP Warning:  Undefined array key "kegiatan" in D:\nial_app\register-ibs\rekap.php on line 144
[23-Aug-2022 11:28:13 Asia/Jakarta] PHP Warning:  Undefined array key "rencana" in D:\nial_app\register-ibs\rekap.php on line 148
[23-Aug-2022 11:28:13 Asia/Jakarta] PHP Warning:  Undefined array key "tindak_lanjut" in D:\nial_app\register-ibs\rekap.php on line 152
[23-Aug-2022 11:28:13 Asia/Jakarta] PHP Warning:  Undefined array key "keterangan" in D:\nial_app\register-ibs\rekap.php on line 156
[23-Aug-2022 11:31:43 Asia/Jakarta] PHP Warning:  Undefined array key 2 in D:\nial_app\register-ibs\proses.php on line 38
[23-Aug-2022 11:31:43 Asia/Jakarta] PHP Warning:  Undefined array key 3 in D:\nial_app\register-ibs\proses.php on line 38
[23-Aug-2022 11:31:52 Asia/Jakarta] PHP Warning:  Undefined array key "pukul" in D:\nial_app\register-ibs\rekap.php on line 139
[23-Aug-2022 11:31:52 Asia/Jakarta] PHP Warning:  Undefined array key "kegiatan" in D:\nial_app\register-ibs\rekap.php on line 144
[23-Aug-2022 11:31:52 Asia/Jakarta] PHP Warning:  Undefined array key "rencana" in D:\nial_app\register-ibs\rekap.php on line 148
[23-Aug-2022 11:31:52 Asia/Jakarta] PHP Warning:  Undefined array key "tindak_lanjut" in D:\nial_app\register-ibs\rekap.php on line 152
[23-Aug-2022 11:31:52 Asia/Jakarta] PHP Warning:  Undefined array key "keterangan" in D:\nial_app\register-ibs\rekap.php on line 156
[23-Aug-2022 11:31:52 Asia/Jakarta] PHP Warning:  Undefined array key "pukul" in D:\nial_app\register-ibs\rekap.php on line 139
[23-Aug-2022 11:31:52 Asia/Jakarta] PHP Warning:  Undefined array key "kegiatan" in D:\nial_app\register-ibs\rekap.php on line 144
[23-Aug-2022 11:31:52 Asia/Jakarta] PHP Warning:  Undefined array key "rencana" in D:\nial_app\register-ibs\rekap.php on line 148
[23-Aug-2022 11:31:52 Asia/Jakarta] PHP Warning:  Undefined array key "tindak_lanjut" in D:\nial_app\register-ibs\rekap.php on line 152
[23-Aug-2022 11:31:52 Asia/Jakarta] PHP Warning:  Undefined array key "keterangan" in D:\nial_app\register-ibs\rekap.php on line 156
[23-Aug-2022 11:32:33 Asia/Jakarta] PHP Warning:  Undefined array key 2 in D:\nial_app\register-ibs\proses.php on line 40
[23-Aug-2022 11:32:33 Asia/Jakarta] PHP Warning:  Undefined array key 3 in D:\nial_app\register-ibs\proses.php on line 40
[23-Aug-2022 11:33:18 Asia/Jakarta] PHP Warning:  Undefined array key 2 in D:\nial_app\register-ibs\proses.php on line 40
[23-Aug-2022 11:33:18 Asia/Jakarta] PHP Warning:  Undefined array key 3 in D:\nial_app\register-ibs\proses.php on line 40
[23-Aug-2022 11:33:40 Asia/Jakarta] PHP Warning:  Undefined array key "pukul" in D:\nial_app\register-ibs\rekap.php on line 139
[23-Aug-2022 11:33:40 Asia/Jakarta] PHP Warning:  Undefined array key "kegiatan" in D:\nial_app\register-ibs\rekap.php on line 144
[23-Aug-2022 11:33:40 Asia/Jakarta] PHP Warning:  Undefined array key "rencana" in D:\nial_app\register-ibs\rekap.php on line 148
[23-Aug-2022 11:33:40 Asia/Jakarta] PHP Warning:  Undefined array key "tindak_lanjut" in D:\nial_app\register-ibs\rekap.php on line 152
[23-Aug-2022 11:33:40 Asia/Jakarta] PHP Warning:  Undefined array key "keterangan" in D:\nial_app\register-ibs\rekap.php on line 156
[23-Aug-2022 11:33:40 Asia/Jakarta] PHP Warning:  Undefined array key "pukul" in D:\nial_app\register-ibs\rekap.php on line 139
[23-Aug-2022 11:33:40 Asia/Jakarta] PHP Warning:  Undefined array key "kegiatan" in D:\nial_app\register-ibs\rekap.php on line 144
[23-Aug-2022 11:33:40 Asia/Jakarta] PHP Warning:  Undefined array key "rencana" in D:\nial_app\register-ibs\rekap.php on line 148
[23-Aug-2022 11:33:40 Asia/Jakarta] PHP Warning:  Undefined array key "tindak_lanjut" in D:\nial_app\register-ibs\rekap.php on line 152
[23-Aug-2022 11:33:40 Asia/Jakarta] PHP Warning:  Undefined array key "keterangan" in D:\nial_app\register-ibs\rekap.php on line 156
[23-Aug-2022 11:33:40 Asia/Jakarta] PHP Warning:  Undefined array key "pukul" in D:\nial_app\register-ibs\rekap.php on line 139
[23-Aug-2022 11:33:40 Asia/Jakarta] PHP Warning:  Undefined array key "kegiatan" in D:\nial_app\register-ibs\rekap.php on line 144
[23-Aug-2022 11:33:40 Asia/Jakarta] PHP Warning:  Undefined array key "rencana" in D:\nial_app\register-ibs\rekap.php on line 148
[23-Aug-2022 11:33:40 Asia/Jakarta] PHP Warning:  Undefined array key "tindak_lanjut" in D:\nial_app\register-ibs\rekap.php on line 152
[23-Aug-2022 11:33:40 Asia/Jakarta] PHP Warning:  Undefined array key "keterangan" in D:\nial_app\register-ibs\rekap.php on line 156
[23-Aug-2022 11:33:40 Asia/Jakarta] PHP Warning:  Undefined array key "pukul" in D:\nial_app\register-ibs\rekap.php on line 139
[23-Aug-2022 11:33:40 Asia/Jakarta] PHP Warning:  Undefined array key "kegiatan" in D:\nial_app\register-ibs\rekap.php on line 144
[23-Aug-2022 11:33:40 Asia/Jakarta] PHP Warning:  Undefined array key "rencana" in D:\nial_app\register-ibs\rekap.php on line 148
[23-Aug-2022 11:33:40 Asia/Jakarta] PHP Warning:  Undefined array key "tindak_lanjut" in D:\nial_app\register-ibs\rekap.php on line 152
[23-Aug-2022 11:33:40 Asia/Jakarta] PHP Warning:  Undefined array key "keterangan" in D:\nial_app\register-ibs\rekap.php on line 156
[23-Aug-2022 11:33:40 Asia/Jakarta] PHP Warning:  Undefined array key "pukul" in D:\nial_app\register-ibs\rekap.php on line 139
[23-Aug-2022 11:33:40 Asia/Jakarta] PHP Warning:  Undefined array key "kegiatan" in D:\nial_app\register-ibs\rekap.php on line 144
[23-Aug-2022 11:33:40 Asia/Jakarta] PHP Warning:  Undefined array key "rencana" in D:\nial_app\register-ibs\rekap.php on line 148
[23-Aug-2022 11:33:40 Asia/Jakarta] PHP Warning:  Undefined array key "tindak_lanjut" in D:\nial_app\register-ibs\rekap.php on line 152
[23-Aug-2022 11:33:40 Asia/Jakarta] PHP Warning:  Undefined array key "keterangan" in D:\nial_app\register-ibs\rekap.php on line 156
[23-Aug-2022 11:35:24 Asia/Jakarta] PHP Warning:  Undefined array key 2 in D:\nial_app\register-ibs\proses.php on line 40
[23-Aug-2022 11:35:24 Asia/Jakarta] PHP Warning:  Undefined array key 3 in D:\nial_app\register-ibs\proses.php on line 40
[23-Aug-2022 11:35:53 Asia/Jakarta] PHP Warning:  Undefined array key 2 in D:\nial_app\register-ibs\proses.php on line 40
[23-Aug-2022 11:35:53 Asia/Jakarta] PHP Warning:  Undefined array key 3 in D:\nial_app\register-ibs\proses.php on line 40
[23-Aug-2022 11:35:58 Asia/Jakarta] PHP Warning:  Undefined array key "pukul" in D:\nial_app\register-ibs\rekap.php on line 139
[23-Aug-2022 11:35:58 Asia/Jakarta] PHP Warning:  Undefined array key "kegiatan" in D:\nial_app\register-ibs\rekap.php on line 144
[23-Aug-2022 11:35:58 Asia/Jakarta] PHP Warning:  Undefined array key "rencana" in D:\nial_app\register-ibs\rekap.php on line 148
[23-Aug-2022 11:35:58 Asia/Jakarta] PHP Warning:  Undefined array key "tindak_lanjut" in D:\nial_app\register-ibs\rekap.php on line 152
[23-Aug-2022 11:35:58 Asia/Jakarta] PHP Warning:  Undefined array key "keterangan" in D:\nial_app\register-ibs\rekap.php on line 156
[23-Aug-2022 11:35:58 Asia/Jakarta] PHP Warning:  Undefined array key "pukul" in D:\nial_app\register-ibs\rekap.php on line 139
[23-Aug-2022 11:35:58 Asia/Jakarta] PHP Warning:  Undefined array key "kegiatan" in D:\nial_app\register-ibs\rekap.php on line 144
[23-Aug-2022 11:35:58 Asia/Jakarta] PHP Warning:  Undefined array key "rencana" in D:\nial_app\register-ibs\rekap.php on line 148
[23-Aug-2022 11:35:58 Asia/Jakarta] PHP Warning:  Undefined array key "tindak_lanjut" in D:\nial_app\register-ibs\rekap.php on line 152
[23-Aug-2022 11:35:58 Asia/Jakarta] PHP Warning:  Undefined array key "keterangan" in D:\nial_app\register-ibs\rekap.php on line 156
[23-Aug-2022 11:38:07 Asia/Jakarta] PHP Warning:  Undefined array key "pukul" in D:\nial_app\register-ibs\rekap.php on line 139
[23-Aug-2022 11:38:07 Asia/Jakarta] PHP Warning:  Undefined array key "kegiatan" in D:\nial_app\register-ibs\rekap.php on line 144
[23-Aug-2022 11:38:07 Asia/Jakarta] PHP Warning:  Undefined array key "rencana" in D:\nial_app\register-ibs\rekap.php on line 148
[23-Aug-2022 11:38:07 Asia/Jakarta] PHP Warning:  Undefined array key "tindak_lanjut" in D:\nial_app\register-ibs\rekap.php on line 152
[23-Aug-2022 11:38:07 Asia/Jakarta] PHP Warning:  Undefined array key "keterangan" in D:\nial_app\register-ibs\rekap.php on line 156
[23-Aug-2022 11:38:07 Asia/Jakarta] PHP Warning:  Undefined array key "pukul" in D:\nial_app\register-ibs\rekap.php on line 139
[23-Aug-2022 11:38:07 Asia/Jakarta] PHP Warning:  Undefined array key "kegiatan" in D:\nial_app\register-ibs\rekap.php on line 144
[23-Aug-2022 11:38:07 Asia/Jakarta] PHP Warning:  Undefined array key "rencana" in D:\nial_app\register-ibs\rekap.php on line 148
[23-Aug-2022 11:38:07 Asia/Jakarta] PHP Warning:  Undefined array key "tindak_lanjut" in D:\nial_app\register-ibs\rekap.php on line 152
[23-Aug-2022 11:38:07 Asia/Jakarta] PHP Warning:  Undefined array key "keterangan" in D:\nial_app\register-ibs\rekap.php on line 156
[23-Aug-2022 11:39:19 Asia/Jakarta] PHP Warning:  Undefined array key "pukul" in D:\nial_app\register-ibs\rekap.php on line 139
[23-Aug-2022 11:39:19 Asia/Jakarta] PHP Warning:  Undefined array key "kegiatan" in D:\nial_app\register-ibs\rekap.php on line 144
[23-Aug-2022 11:39:19 Asia/Jakarta] PHP Warning:  Undefined array key "rencana" in D:\nial_app\register-ibs\rekap.php on line 148
[23-Aug-2022 11:39:19 Asia/Jakarta] PHP Warning:  Undefined array key "tindak_lanjut" in D:\nial_app\register-ibs\rekap.php on line 152
[23-Aug-2022 11:39:19 Asia/Jakarta] PHP Warning:  Undefined array key "keterangan" in D:\nial_app\register-ibs\rekap.php on line 156
[23-Aug-2022 11:39:19 Asia/Jakarta] PHP Warning:  Undefined array key "pukul" in D:\nial_app\register-ibs\rekap.php on line 139
[23-Aug-2022 11:39:19 Asia/Jakarta] PHP Warning:  Undefined array key "kegiatan" in D:\nial_app\register-ibs\rekap.php on line 144
[23-Aug-2022 11:39:19 Asia/Jakarta] PHP Warning:  Undefined array key "rencana" in D:\nial_app\register-ibs\rekap.php on line 148
[23-Aug-2022 11:39:19 Asia/Jakarta] PHP Warning:  Undefined array key "tindak_lanjut" in D:\nial_app\register-ibs\rekap.php on line 152
[23-Aug-2022 11:39:19 Asia/Jakarta] PHP Warning:  Undefined array key "keterangan" in D:\nial_app\register-ibs\rekap.php on line 156
[23-Aug-2022 11:39:46 Asia/Jakarta] PHP Warning:  Undefined array key "pukul" in D:\nial_app\register-ibs\rekap.php on line 139
[23-Aug-2022 11:39:46 Asia/Jakarta] PHP Warning:  Undefined array key "kegiatan" in D:\nial_app\register-ibs\rekap.php on line 144
[23-Aug-2022 11:39:46 Asia/Jakarta] PHP Warning:  Undefined array key "rencana" in D:\nial_app\register-ibs\rekap.php on line 148
[23-Aug-2022 11:39:46 Asia/Jakarta] PHP Warning:  Undefined array key "tindak_lanjut" in D:\nial_app\register-ibs\rekap.php on line 152
[23-Aug-2022 11:39:46 Asia/Jakarta] PHP Warning:  Undefined array key "keterangan" in D:\nial_app\register-ibs\rekap.php on line 156
[23-Aug-2022 11:39:46 Asia/Jakarta] PHP Warning:  Undefined array key "pukul" in D:\nial_app\register-ibs\rekap.php on line 139
[23-Aug-2022 11:39:46 Asia/Jakarta] PHP Warning:  Undefined array key "kegiatan" in D:\nial_app\register-ibs\rekap.php on line 144
[23-Aug-2022 11:39:46 Asia/Jakarta] PHP Warning:  Undefined array key "rencana" in D:\nial_app\register-ibs\rekap.php on line 148
[23-Aug-2022 11:39:46 Asia/Jakarta] PHP Warning:  Undefined array key "tindak_lanjut" in D:\nial_app\register-ibs\rekap.php on line 152
[23-Aug-2022 11:39:46 Asia/Jakarta] PHP Warning:  Undefined array key "keterangan" in D:\nial_app\register-ibs\rekap.php on line 156
[23-Aug-2022 11:40:16 Asia/Jakarta] PHP Warning:  Undefined array key 2 in D:\nial_app\register-ibs\proses.php on line 40
[23-Aug-2022 11:40:16 Asia/Jakarta] PHP Warning:  Undefined array key 3 in D:\nial_app\register-ibs\proses.php on line 40
[23-Aug-2022 11:41:25 Asia/Jakarta] PHP Warning:  Undefined array key "pukul" in D:\nial_app\register-ibs\rekap.php on line 139
[23-Aug-2022 11:41:25 Asia/Jakarta] PHP Warning:  Undefined array key "kegiatan" in D:\nial_app\register-ibs\rekap.php on line 144
[23-Aug-2022 11:41:25 Asia/Jakarta] PHP Warning:  Undefined array key "rencana" in D:\nial_app\register-ibs\rekap.php on line 148
[23-Aug-2022 11:41:25 Asia/Jakarta] PHP Warning:  Undefined array key "tindak_lanjut" in D:\nial_app\register-ibs\rekap.php on line 152
[23-Aug-2022 11:41:25 Asia/Jakarta] PHP Warning:  Undefined array key "keterangan" in D:\nial_app\register-ibs\rekap.php on line 156
[23-Aug-2022 11:41:50 Asia/Jakarta] PHP Warning:  Undefined array key "pukul" in D:\nial_app\register-ibs\rekap.php on line 139
[23-Aug-2022 11:41:50 Asia/Jakarta] PHP Warning:  Undefined array key "kegiatan" in D:\nial_app\register-ibs\rekap.php on line 144
[23-Aug-2022 11:41:50 Asia/Jakarta] PHP Warning:  Undefined array key "rencana" in D:\nial_app\register-ibs\rekap.php on line 148
[23-Aug-2022 11:41:50 Asia/Jakarta] PHP Warning:  Undefined array key "tindak_lanjut" in D:\nial_app\register-ibs\rekap.php on line 152
[23-Aug-2022 11:41:50 Asia/Jakarta] PHP Warning:  Undefined array key "keterangan" in D:\nial_app\register-ibs\rekap.php on line 156
[23-Aug-2022 11:42:00 Asia/Jakarta] PHP Warning:  Undefined array key "pukul" in D:\nial_app\register-ibs\rekap.php on line 139
[23-Aug-2022 11:42:00 Asia/Jakarta] PHP Warning:  Undefined array key "kegiatan" in D:\nial_app\register-ibs\rekap.php on line 144
[23-Aug-2022 11:42:00 Asia/Jakarta] PHP Warning:  Undefined array key "rencana" in D:\nial_app\register-ibs\rekap.php on line 148
[23-Aug-2022 11:42:00 Asia/Jakarta] PHP Warning:  Undefined array key "tindak_lanjut" in D:\nial_app\register-ibs\rekap.php on line 152
[23-Aug-2022 11:42:00 Asia/Jakarta] PHP Warning:  Undefined array key "keterangan" in D:\nial_app\register-ibs\rekap.php on line 156
[23-Aug-2022 11:42:00 Asia/Jakarta] PHP Warning:  Undefined array key "pukul" in D:\nial_app\register-ibs\rekap.php on line 139
[23-Aug-2022 11:42:00 Asia/Jakarta] PHP Warning:  Undefined array key "kegiatan" in D:\nial_app\register-ibs\rekap.php on line 144
[23-Aug-2022 11:42:00 Asia/Jakarta] PHP Warning:  Undefined array key "rencana" in D:\nial_app\register-ibs\rekap.php on line 148
[23-Aug-2022 11:42:00 Asia/Jakarta] PHP Warning:  Undefined array key "tindak_lanjut" in D:\nial_app\register-ibs\rekap.php on line 152
[23-Aug-2022 11:42:00 Asia/Jakarta] PHP Warning:  Undefined array key "keterangan" in D:\nial_app\register-ibs\rekap.php on line 156
[23-Aug-2022 11:46:47 Asia/Jakarta] PHP Warning:  Undefined array key "pukul" in D:\nial_app\register-ibs\rekap.php on line 139
[23-Aug-2022 11:46:47 Asia/Jakarta] PHP Warning:  Undefined array key "kegiatan" in D:\nial_app\register-ibs\rekap.php on line 144
[23-Aug-2022 11:46:47 Asia/Jakarta] PHP Warning:  Undefined array key "rencana" in D:\nial_app\register-ibs\rekap.php on line 148
[23-Aug-2022 11:46:47 Asia/Jakarta] PHP Warning:  Undefined array key "tindak_lanjut" in D:\nial_app\register-ibs\rekap.php on line 152
[23-Aug-2022 11:46:47 Asia/Jakarta] PHP Warning:  Undefined array key "keterangan" in D:\nial_app\register-ibs\rekap.php on line 156
[23-Aug-2022 11:50:00 Asia/Jakarta] PHP Warning:  Undefined array key "pukul" in D:\nial_app\register-ibs\rekap.php on line 139
[23-Aug-2022 11:50:00 Asia/Jakarta] PHP Warning:  Undefined array key "kegiatan" in D:\nial_app\register-ibs\rekap.php on line 144
[23-Aug-2022 11:50:00 Asia/Jakarta] PHP Warning:  Undefined array key "rencana" in D:\nial_app\register-ibs\rekap.php on line 148
[23-Aug-2022 11:50:00 Asia/Jakarta] PHP Warning:  Undefined array key "tindak_lanjut" in D:\nial_app\register-ibs\rekap.php on line 152
[23-Aug-2022 11:50:00 Asia/Jakarta] PHP Warning:  Undefined array key "keterangan" in D:\nial_app\register-ibs\rekap.php on line 156
[23-Aug-2022 11:50:00 Asia/Jakarta] PHP Warning:  Undefined array key "pukul" in D:\nial_app\register-ibs\rekap.php on line 139
[23-Aug-2022 11:50:00 Asia/Jakarta] PHP Warning:  Undefined array key "kegiatan" in D:\nial_app\register-ibs\rekap.php on line 144
[23-Aug-2022 11:50:00 Asia/Jakarta] PHP Warning:  Undefined array key "rencana" in D:\nial_app\register-ibs\rekap.php on line 148
[23-Aug-2022 11:50:00 Asia/Jakarta] PHP Warning:  Undefined array key "tindak_lanjut" in D:\nial_app\register-ibs\rekap.php on line 152
[23-Aug-2022 11:50:00 Asia/Jakarta] PHP Warning:  Undefined array key "keterangan" in D:\nial_app\register-ibs\rekap.php on line 156
[23-Aug-2022 12:11:13 Asia/Jakarta] PHP Warning:  Undefined array key "pukul" in D:\nial_app\register-ibs\rekap.php on line 139
[23-Aug-2022 12:11:13 Asia/Jakarta] PHP Warning:  Undefined array key "kegiatan" in D:\nial_app\register-ibs\rekap.php on line 144
[23-Aug-2022 12:11:13 Asia/Jakarta] PHP Warning:  Undefined array key "rencana" in D:\nial_app\register-ibs\rekap.php on line 148
[23-Aug-2022 12:11:13 Asia/Jakarta] PHP Warning:  Undefined array key "tindak_lanjut" in D:\nial_app\register-ibs\rekap.php on line 152
[23-Aug-2022 12:11:13 Asia/Jakarta] PHP Warning:  Undefined array key "keterangan" in D:\nial_app\register-ibs\rekap.php on line 156
[23-Aug-2022 12:11:13 Asia/Jakarta] PHP Warning:  Undefined array key "pukul" in D:\nial_app\register-ibs\rekap.php on line 139
[23-Aug-2022 12:11:13 Asia/Jakarta] PHP Warning:  Undefined array key "kegiatan" in D:\nial_app\register-ibs\rekap.php on line 144
[23-Aug-2022 12:11:13 Asia/Jakarta] PHP Warning:  Undefined array key "rencana" in D:\nial_app\register-ibs\rekap.php on line 148
[23-Aug-2022 12:11:13 Asia/Jakarta] PHP Warning:  Undefined array key "tindak_lanjut" in D:\nial_app\register-ibs\rekap.php on line 152
[23-Aug-2022 12:11:13 Asia/Jakarta] PHP Warning:  Undefined array key "keterangan" in D:\nial_app\register-ibs\rekap.php on line 156
[23-Aug-2022 12:11:13 Asia/Jakarta] PHP Warning:  Undefined array key "pukul" in D:\nial_app\register-ibs\rekap.php on line 139
[23-Aug-2022 12:11:13 Asia/Jakarta] PHP Warning:  Undefined array key "kegiatan" in D:\nial_app\register-ibs\rekap.php on line 144
[23-Aug-2022 12:11:13 Asia/Jakarta] PHP Warning:  Undefined array key "rencana" in D:\nial_app\register-ibs\rekap.php on line 148
[23-Aug-2022 12:11:13 Asia/Jakarta] PHP Warning:  Undefined array key "tindak_lanjut" in D:\nial_app\register-ibs\rekap.php on line 152
[23-Aug-2022 12:11:13 Asia/Jakarta] PHP Warning:  Undefined array key "keterangan" in D:\nial_app\register-ibs\rekap.php on line 156
[23-Aug-2022 12:15:04 Asia/Jakarta] PHP Warning:  Undefined array key "pukul" in D:\nial_app\register-ibs\rekap.php on line 139
[23-Aug-2022 12:15:04 Asia/Jakarta] PHP Warning:  Undefined array key "kegiatan" in D:\nial_app\register-ibs\rekap.php on line 144
[23-Aug-2022 12:15:04 Asia/Jakarta] PHP Warning:  Undefined array key "rencana" in D:\nial_app\register-ibs\rekap.php on line 148
[23-Aug-2022 12:15:04 Asia/Jakarta] PHP Warning:  Undefined array key "tindak_lanjut" in D:\nial_app\register-ibs\rekap.php on line 152
[23-Aug-2022 12:15:04 Asia/Jakarta] PHP Warning:  Undefined array key "keterangan" in D:\nial_app\register-ibs\rekap.php on line 156
[23-Aug-2022 12:15:04 Asia/Jakarta] PHP Warning:  Undefined array key "pukul" in D:\nial_app\register-ibs\rekap.php on line 139
[23-Aug-2022 12:15:04 Asia/Jakarta] PHP Warning:  Undefined array key "kegiatan" in D:\nial_app\register-ibs\rekap.php on line 144
[23-Aug-2022 12:15:04 Asia/Jakarta] PHP Warning:  Undefined array key "rencana" in D:\nial_app\register-ibs\rekap.php on line 148
[23-Aug-2022 12:15:04 Asia/Jakarta] PHP Warning:  Undefined array key "tindak_lanjut" in D:\nial_app\register-ibs\rekap.php on line 152
[23-Aug-2022 12:15:04 Asia/Jakarta] PHP Warning:  Undefined array key "keterangan" in D:\nial_app\register-ibs\rekap.php on line 156
[23-Aug-2022 12:15:04 Asia/Jakarta] PHP Warning:  Undefined array key "pukul" in D:\nial_app\register-ibs\rekap.php on line 139
[23-Aug-2022 12:15:04 Asia/Jakarta] PHP Warning:  Undefined array key "kegiatan" in D:\nial_app\register-ibs\rekap.php on line 144
[23-Aug-2022 12:15:04 Asia/Jakarta] PHP Warning:  Undefined array key "rencana" in D:\nial_app\register-ibs\rekap.php on line 148
[23-Aug-2022 12:15:04 Asia/Jakarta] PHP Warning:  Undefined array key "tindak_lanjut" in D:\nial_app\register-ibs\rekap.php on line 152
[23-Aug-2022 12:15:04 Asia/Jakarta] PHP Warning:  Undefined array key "keterangan" in D:\nial_app\register-ibs\rekap.php on line 156
[23-Aug-2022 12:20:54 Asia/Jakarta] PHP Warning:  Undefined array key "pukul" in D:\nial_app\register-ibs\rekap.php on line 139
[23-Aug-2022 12:20:54 Asia/Jakarta] PHP Warning:  Undefined array key "kegiatan" in D:\nial_app\register-ibs\rekap.php on line 144
[23-Aug-2022 12:20:54 Asia/Jakarta] PHP Warning:  Undefined array key "rencana" in D:\nial_app\register-ibs\rekap.php on line 148
[23-Aug-2022 12:20:54 Asia/Jakarta] PHP Warning:  Undefined array key "tindak_lanjut" in D:\nial_app\register-ibs\rekap.php on line 152
[23-Aug-2022 12:20:54 Asia/Jakarta] PHP Warning:  Undefined array key "keterangan" in D:\nial_app\register-ibs\rekap.php on line 156
[23-Aug-2022 12:20:54 Asia/Jakarta] PHP Warning:  Undefined array key "pukul" in D:\nial_app\register-ibs\rekap.php on line 139
[23-Aug-2022 12:20:54 Asia/Jakarta] PHP Warning:  Undefined array key "kegiatan" in D:\nial_app\register-ibs\rekap.php on line 144
[23-Aug-2022 12:20:54 Asia/Jakarta] PHP Warning:  Undefined array key "rencana" in D:\nial_app\register-ibs\rekap.php on line 148
[23-Aug-2022 12:20:54 Asia/Jakarta] PHP Warning:  Undefined array key "tindak_lanjut" in D:\nial_app\register-ibs\rekap.php on line 152
[23-Aug-2022 12:20:54 Asia/Jakarta] PHP Warning:  Undefined array key "keterangan" in D:\nial_app\register-ibs\rekap.php on line 156
[23-Aug-2022 12:20:54 Asia/Jakarta] PHP Warning:  Undefined array key "pukul" in D:\nial_app\register-ibs\rekap.php on line 139
[23-Aug-2022 12:20:54 Asia/Jakarta] PHP Warning:  Undefined array key "kegiatan" in D:\nial_app\register-ibs\rekap.php on line 144
[23-Aug-2022 12:20:54 Asia/Jakarta] PHP Warning:  Undefined array key "rencana" in D:\nial_app\register-ibs\rekap.php on line 148
[23-Aug-2022 12:20:54 Asia/Jakarta] PHP Warning:  Undefined array key "tindak_lanjut" in D:\nial_app\register-ibs\rekap.php on line 152
[23-Aug-2022 12:20:54 Asia/Jakarta] PHP Warning:  Undefined array key "keterangan" in D:\nial_app\register-ibs\rekap.php on line 156
[29-Aug-2022 15:23:40 Asia/Jakarta] PHP Warning:  Undefined array key "pukul" in D:\nial_app\register-ibs\rekap.php on line 139
[29-Aug-2022 15:23:40 Asia/Jakarta] PHP Warning:  Undefined array key "kegiatan" in D:\nial_app\register-ibs\rekap.php on line 144
[29-Aug-2022 15:23:40 Asia/Jakarta] PHP Warning:  Undefined array key "rencana" in D:\nial_app\register-ibs\rekap.php on line 148
[29-Aug-2022 15:23:40 Asia/Jakarta] PHP Warning:  Undefined array key "tindak_lanjut" in D:\nial_app\register-ibs\rekap.php on line 152
[29-Aug-2022 15:23:40 Asia/Jakarta] PHP Warning:  Undefined array key "keterangan" in D:\nial_app\register-ibs\rekap.php on line 156
[29-Aug-2022 16:07:30 Asia/Jakarta] PHP Warning:  Undefined array key "pukul" in D:\nial_app\register-ibs\rekap.php on line 139
[29-Aug-2022 16:07:30 Asia/Jakarta] PHP Warning:  Undefined array key "kegiatan" in D:\nial_app\register-ibs\rekap.php on line 144
[29-Aug-2022 16:07:30 Asia/Jakarta] PHP Warning:  Undefined array key "rencana" in D:\nial_app\register-ibs\rekap.php on line 148
[29-Aug-2022 16:07:30 Asia/Jakarta] PHP Warning:  Undefined array key "tindak_lanjut" in D:\nial_app\register-ibs\rekap.php on line 152
[29-Aug-2022 16:07:30 Asia/Jakarta] PHP Warning:  Undefined array key "keterangan" in D:\nial_app\register-ibs\rekap.php on line 156
[29-Aug-2022 16:09:51 Asia/Jakarta] PHP Warning:  Undefined array key "pukul" in D:\nial_app\register-ibs\rekap.php on line 139
[29-Aug-2022 16:09:51 Asia/Jakarta] PHP Warning:  Undefined array key "kegiatan" in D:\nial_app\register-ibs\rekap.php on line 144
[29-Aug-2022 16:09:51 Asia/Jakarta] PHP Warning:  Undefined array key "rencana" in D:\nial_app\register-ibs\rekap.php on line 148
[29-Aug-2022 16:09:51 Asia/Jakarta] PHP Warning:  Undefined array key "tindak_lanjut" in D:\nial_app\register-ibs\rekap.php on line 152
[29-Aug-2022 16:09:51 Asia/Jakarta] PHP Warning:  Undefined array key "keterangan" in D:\nial_app\register-ibs\rekap.php on line 156
[29-Aug-2022 16:09:51 Asia/Jakarta] PHP Warning:  Undefined array key "pukul" in D:\nial_app\register-ibs\rekap.php on line 139
[29-Aug-2022 16:09:51 Asia/Jakarta] PHP Warning:  Undefined array key "kegiatan" in D:\nial_app\register-ibs\rekap.php on line 144
[29-Aug-2022 16:09:51 Asia/Jakarta] PHP Warning:  Undefined array key "rencana" in D:\nial_app\register-ibs\rekap.php on line 148
[29-Aug-2022 16:09:51 Asia/Jakarta] PHP Warning:  Undefined array key "tindak_lanjut" in D:\nial_app\register-ibs\rekap.php on line 152
[29-Aug-2022 16:09:51 Asia/Jakarta] PHP Warning:  Undefined array key "keterangan" in D:\nial_app\register-ibs\rekap.php on line 156
[30-Aug-2022 16:31:19 Asia/Jakarta] PHP Warning:  Undefined array key "pukul" in D:\nial_app\register-ibs\rekap.php on line 139
[30-Aug-2022 16:31:19 Asia/Jakarta] PHP Warning:  Undefined array key "kegiatan" in D:\nial_app\register-ibs\rekap.php on line 144
[30-Aug-2022 16:31:19 Asia/Jakarta] PHP Warning:  Undefined array key "rencana" in D:\nial_app\register-ibs\rekap.php on line 148
[30-Aug-2022 16:31:19 Asia/Jakarta] PHP Warning:  Undefined array key "tindak_lanjut" in D:\nial_app\register-ibs\rekap.php on line 152
[30-Aug-2022 16:31:19 Asia/Jakarta] PHP Warning:  Undefined array key "keterangan" in D:\nial_app\register-ibs\rekap.php on line 156
[30-Aug-2022 16:31:19 Asia/Jakarta] PHP Warning:  Undefined array key "pukul" in D:\nial_app\register-ibs\rekap.php on line 139
[30-Aug-2022 16:31:19 Asia/Jakarta] PHP Warning:  Undefined array key "kegiatan" in D:\nial_app\register-ibs\rekap.php on line 144
[30-Aug-2022 16:31:19 Asia/Jakarta] PHP Warning:  Undefined array key "rencana" in D:\nial_app\register-ibs\rekap.php on line 148
[30-Aug-2022 16:31:19 Asia/Jakarta] PHP Warning:  Undefined array key "tindak_lanjut" in D:\nial_app\register-ibs\rekap.php on line 152
[30-Aug-2022 16:31:19 Asia/Jakarta] PHP Warning:  Undefined array key "keterangan" in D:\nial_app\register-ibs\rekap.php on line 156
[30-Aug-2022 16:31:19 Asia/Jakarta] PHP Warning:  Undefined array key "pukul" in D:\nial_app\register-ibs\rekap.php on line 139
[30-Aug-2022 16:31:19 Asia/Jakarta] PHP Warning:  Undefined array key "kegiatan" in D:\nial_app\register-ibs\rekap.php on line 144
[30-Aug-2022 16:31:19 Asia/Jakarta] PHP Warning:  Undefined array key "rencana" in D:\nial_app\register-ibs\rekap.php on line 148
[30-Aug-2022 16:31:19 Asia/Jakarta] PHP Warning:  Undefined array key "tindak_lanjut" in D:\nial_app\register-ibs\rekap.php on line 152
[30-Aug-2022 16:31:19 Asia/Jakarta] PHP Warning:  Undefined array key "keterangan" in D:\nial_app\register-ibs\rekap.php on line 156
[30-Aug-2022 16:31:19 Asia/Jakarta] PHP Warning:  Undefined array key "pukul" in D:\nial_app\register-ibs\rekap.php on line 139
[30-Aug-2022 16:31:19 Asia/Jakarta] PHP Warning:  Undefined array key "kegiatan" in D:\nial_app\register-ibs\rekap.php on line 144
[30-Aug-2022 16:31:19 Asia/Jakarta] PHP Warning:  Undefined array key "rencana" in D:\nial_app\register-ibs\rekap.php on line 148
[30-Aug-2022 16:31:19 Asia/Jakarta] PHP Warning:  Undefined array key "tindak_lanjut" in D:\nial_app\register-ibs\rekap.php on line 152
[30-Aug-2022 16:31:19 Asia/Jakarta] PHP Warning:  Undefined array key "keterangan" in D:\nial_app\register-ibs\rekap.php on line 156
[01-Sep-2022 15:20:20 Asia/Jakarta] PHP Warning:  Undefined array key "pukul" in D:\nial_app\register-ibs\rekap.php on line 139
[01-Sep-2022 15:20:20 Asia/Jakarta] PHP Warning:  Undefined array key "kegiatan" in D:\nial_app\register-ibs\rekap.php on line 144
[01-Sep-2022 15:20:20 Asia/Jakarta] PHP Warning:  Undefined array key "rencana" in D:\nial_app\register-ibs\rekap.php on line 148
[01-Sep-2022 15:20:20 Asia/Jakarta] PHP Warning:  Undefined array key "tindak_lanjut" in D:\nial_app\register-ibs\rekap.php on line 152
[01-Sep-2022 15:20:20 Asia/Jakarta] PHP Warning:  Undefined array key "keterangan" in D:\nial_app\register-ibs\rekap.php on line 156
[01-Sep-2022 15:20:20 Asia/Jakarta] PHP Warning:  Undefined array key "pukul" in D:\nial_app\register-ibs\rekap.php on line 139
[01-Sep-2022 15:20:20 Asia/Jakarta] PHP Warning:  Undefined array key "kegiatan" in D:\nial_app\register-ibs\rekap.php on line 144
[01-Sep-2022 15:20:20 Asia/Jakarta] PHP Warning:  Undefined array key "rencana" in D:\nial_app\register-ibs\rekap.php on line 148
[01-Sep-2022 15:20:20 Asia/Jakarta] PHP Warning:  Undefined array key "tindak_lanjut" in D:\nial_app\register-ibs\rekap.php on line 152
[01-Sep-2022 15:20:20 Asia/Jakarta] PHP Warning:  Undefined array key "keterangan" in D:\nial_app\register-ibs\rekap.php on line 156
[01-Sep-2022 15:20:20 Asia/Jakarta] PHP Warning:  Undefined array key "pukul" in D:\nial_app\register-ibs\rekap.php on line 139
[01-Sep-2022 15:20:20 Asia/Jakarta] PHP Warning:  Undefined array key "kegiatan" in D:\nial_app\register-ibs\rekap.php on line 144
[01-Sep-2022 15:20:20 Asia/Jakarta] PHP Warning:  Undefined array key "rencana" in D:\nial_app\register-ibs\rekap.php on line 148
[01-Sep-2022 15:20:20 Asia/Jakarta] PHP Warning:  Undefined array key "tindak_lanjut" in D:\nial_app\register-ibs\rekap.php on line 152
[01-Sep-2022 15:20:20 Asia/Jakarta] PHP Warning:  Undefined array key "keterangan" in D:\nial_app\register-ibs\rekap.php on line 156
[01-Sep-2022 15:20:20 Asia/Jakarta] PHP Warning:  Undefined array key "pukul" in D:\nial_app\register-ibs\rekap.php on line 139
[01-Sep-2022 15:20:20 Asia/Jakarta] PHP Warning:  Undefined array key "kegiatan" in D:\nial_app\register-ibs\rekap.php on line 144
[01-Sep-2022 15:20:20 Asia/Jakarta] PHP Warning:  Undefined array key "rencana" in D:\nial_app\register-ibs\rekap.php on line 148
[01-Sep-2022 15:20:20 Asia/Jakarta] PHP Warning:  Undefined array key "tindak_lanjut" in D:\nial_app\register-ibs\rekap.php on line 152
[01-Sep-2022 15:20:20 Asia/Jakarta] PHP Warning:  Undefined array key "keterangan" in D:\nial_app\register-ibs\rekap.php on line 156
[01-Sep-2022 15:20:20 Asia/Jakarta] PHP Warning:  Undefined array key "pukul" in D:\nial_app\register-ibs\rekap.php on line 139
[01-Sep-2022 15:20:20 Asia/Jakarta] PHP Warning:  Undefined array key "kegiatan" in D:\nial_app\register-ibs\rekap.php on line 144
[01-Sep-2022 15:20:20 Asia/Jakarta] PHP Warning:  Undefined array key "rencana" in D:\nial_app\register-ibs\rekap.php on line 148
[01-Sep-2022 15:20:20 Asia/Jakarta] PHP Warning:  Undefined array key "tindak_lanjut" in D:\nial_app\register-ibs\rekap.php on line 152
[01-Sep-2022 15:20:20 Asia/Jakarta] PHP Warning:  Undefined array key "keterangan" in D:\nial_app\register-ibs\rekap.php on line 156
[01-Sep-2022 15:20:20 Asia/Jakarta] PHP Warning:  Undefined array key "pukul" in D:\nial_app\register-ibs\rekap.php on line 139
[01-Sep-2022 15:20:20 Asia/Jakarta] PHP Warning:  Undefined array key "kegiatan" in D:\nial_app\register-ibs\rekap.php on line 144
[01-Sep-2022 15:20:20 Asia/Jakarta] PHP Warning:  Undefined array key "rencana" in D:\nial_app\register-ibs\rekap.php on line 148
[01-Sep-2022 15:20:20 Asia/Jakarta] PHP Warning:  Undefined array key "tindak_lanjut" in D:\nial_app\register-ibs\rekap.php on line 152
[01-Sep-2022 15:20:20 Asia/Jakarta] PHP Warning:  Undefined array key "keterangan" in D:\nial_app\register-ibs\rekap.php on line 156
[01-Sep-2022 15:20:20 Asia/Jakarta] PHP Warning:  Undefined array key "pukul" in D:\nial_app\register-ibs\rekap.php on line 139
[01-Sep-2022 15:20:20 Asia/Jakarta] PHP Warning:  Undefined array key "kegiatan" in D:\nial_app\register-ibs\rekap.php on line 144
[01-Sep-2022 15:20:20 Asia/Jakarta] PHP Warning:  Undefined array key "rencana" in D:\nial_app\register-ibs\rekap.php on line 148
[01-Sep-2022 15:20:20 Asia/Jakarta] PHP Warning:  Undefined array key "tindak_lanjut" in D:\nial_app\register-ibs\rekap.php on line 152
[01-Sep-2022 15:20:20 Asia/Jakarta] PHP Warning:  Undefined array key "keterangan" in D:\nial_app\register-ibs\rekap.php on line 156
[01-Sep-2022 16:32:33 Asia/Jakarta] PHP Warning:  Undefined array key "pukul" in D:\nial_app\register-ibs\rekap.php on line 139
[01-Sep-2022 16:32:33 Asia/Jakarta] PHP Warning:  Undefined array key "kegiatan" in D:\nial_app\register-ibs\rekap.php on line 144
[01-Sep-2022 16:32:33 Asia/Jakarta] PHP Warning:  Undefined array key "rencana" in D:\nial_app\register-ibs\rekap.php on line 148
[01-Sep-2022 16:32:33 Asia/Jakarta] PHP Warning:  Undefined array key "tindak_lanjut" in D:\nial_app\register-ibs\rekap.php on line 152
[01-Sep-2022 16:32:33 Asia/Jakarta] PHP Warning:  Undefined array key "keterangan" in D:\nial_app\register-ibs\rekap.php on line 156
[01-Sep-2022 16:32:33 Asia/Jakarta] PHP Warning:  Undefined array key "pukul" in D:\nial_app\register-ibs\rekap.php on line 139
[01-Sep-2022 16:32:33 Asia/Jakarta] PHP Warning:  Undefined array key "kegiatan" in D:\nial_app\register-ibs\rekap.php on line 144
[01-Sep-2022 16:32:33 Asia/Jakarta] PHP Warning:  Undefined array key "rencana" in D:\nial_app\register-ibs\rekap.php on line 148
[01-Sep-2022 16:32:33 Asia/Jakarta] PHP Warning:  Undefined array key "tindak_lanjut" in D:\nial_app\register-ibs\rekap.php on line 152
[01-Sep-2022 16:32:33 Asia/Jakarta] PHP Warning:  Undefined array key "keterangan" in D:\nial_app\register-ibs\rekap.php on line 156
[01-Sep-2022 18:44:36 Asia/Jakarta] PHP Warning:  Undefined array key "pukul" in D:\nial_app\register-ibs\rekap.php on line 139
[01-Sep-2022 18:44:36 Asia/Jakarta] PHP Warning:  Undefined array key "kegiatan" in D:\nial_app\register-ibs\rekap.php on line 144
[01-Sep-2022 18:44:36 Asia/Jakarta] PHP Warning:  Undefined array key "rencana" in D:\nial_app\register-ibs\rekap.php on line 148
[01-Sep-2022 18:44:36 Asia/Jakarta] PHP Warning:  Undefined array key "tindak_lanjut" in D:\nial_app\register-ibs\rekap.php on line 152
[01-Sep-2022 18:44:36 Asia/Jakarta] PHP Warning:  Undefined array key "keterangan" in D:\nial_app\register-ibs\rekap.php on line 156
[01-Sep-2022 18:44:36 Asia/Jakarta] PHP Warning:  Undefined array key "pukul" in D:\nial_app\register-ibs\rekap.php on line 139
[01-Sep-2022 18:44:36 Asia/Jakarta] PHP Warning:  Undefined array key "kegiatan" in D:\nial_app\register-ibs\rekap.php on line 144
[01-Sep-2022 18:44:36 Asia/Jakarta] PHP Warning:  Undefined array key "rencana" in D:\nial_app\register-ibs\rekap.php on line 148
[01-Sep-2022 18:44:36 Asia/Jakarta] PHP Warning:  Undefined array key "tindak_lanjut" in D:\nial_app\register-ibs\rekap.php on line 152
[01-Sep-2022 18:44:36 Asia/Jakarta] PHP Warning:  Undefined array key "keterangan" in D:\nial_app\register-ibs\rekap.php on line 156
[02-Sep-2022 13:40:14 Asia/Jakarta] PHP Warning:  Undefined array key "pukul" in D:\nial_app\register-ibs\rekap.php on line 139
[02-Sep-2022 13:40:15 Asia/Jakarta] PHP Warning:  Undefined array key "kegiatan" in D:\nial_app\register-ibs\rekap.php on line 144
[02-Sep-2022 13:40:15 Asia/Jakarta] PHP Warning:  Undefined array key "rencana" in D:\nial_app\register-ibs\rekap.php on line 148
[02-Sep-2022 13:40:15 Asia/Jakarta] PHP Warning:  Undefined array key "tindak_lanjut" in D:\nial_app\register-ibs\rekap.php on line 152
[02-Sep-2022 13:40:15 Asia/Jakarta] PHP Warning:  Undefined array key "keterangan" in D:\nial_app\register-ibs\rekap.php on line 156
[02-Sep-2022 13:40:15 Asia/Jakarta] PHP Warning:  Undefined array key "pukul" in D:\nial_app\register-ibs\rekap.php on line 139
[02-Sep-2022 13:40:15 Asia/Jakarta] PHP Warning:  Undefined array key "kegiatan" in D:\nial_app\register-ibs\rekap.php on line 144
[02-Sep-2022 13:40:15 Asia/Jakarta] PHP Warning:  Undefined array key "rencana" in D:\nial_app\register-ibs\rekap.php on line 148
[02-Sep-2022 13:40:15 Asia/Jakarta] PHP Warning:  Undefined array key "tindak_lanjut" in D:\nial_app\register-ibs\rekap.php on line 152
[02-Sep-2022 13:40:15 Asia/Jakarta] PHP Warning:  Undefined array key "keterangan" in D:\nial_app\register-ibs\rekap.php on line 156
[02-Sep-2022 13:40:15 Asia/Jakarta] PHP Warning:  Undefined array key "pukul" in D:\nial_app\register-ibs\rekap.php on line 139
[02-Sep-2022 13:40:15 Asia/Jakarta] PHP Warning:  Undefined array key "kegiatan" in D:\nial_app\register-ibs\rekap.php on line 144
[02-Sep-2022 13:40:15 Asia/Jakarta] PHP Warning:  Undefined array key "rencana" in D:\nial_app\register-ibs\rekap.php on line 148
[02-Sep-2022 13:40:15 Asia/Jakarta] PHP Warning:  Undefined array key "tindak_lanjut" in D:\nial_app\register-ibs\rekap.php on line 152
[02-Sep-2022 13:40:15 Asia/Jakarta] PHP Warning:  Undefined array key "keterangan" in D:\nial_app\register-ibs\rekap.php on line 156
[02-Sep-2022 13:40:15 Asia/Jakarta] PHP Warning:  Undefined array key "pukul" in D:\nial_app\register-ibs\rekap.php on line 139
[02-Sep-2022 13:40:15 Asia/Jakarta] PHP Warning:  Undefined array key "kegiatan" in D:\nial_app\register-ibs\rekap.php on line 144
[02-Sep-2022 13:40:15 Asia/Jakarta] PHP Warning:  Undefined array key "rencana" in D:\nial_app\register-ibs\rekap.php on line 148
[02-Sep-2022 13:40:15 Asia/Jakarta] PHP Warning:  Undefined array key "tindak_lanjut" in D:\nial_app\register-ibs\rekap.php on line 152
[02-Sep-2022 13:40:15 Asia/Jakarta] PHP Warning:  Undefined array key "keterangan" in D:\nial_app\register-ibs\rekap.php on line 156
[02-Sep-2022 13:41:24 Asia/Jakarta] PHP Warning:  Undefined array key "pukul" in D:\nial_app\register-ibs\rekap.php on line 139
[02-Sep-2022 13:41:24 Asia/Jakarta] PHP Warning:  Undefined array key "kegiatan" in D:\nial_app\register-ibs\rekap.php on line 144
[02-Sep-2022 13:41:24 Asia/Jakarta] PHP Warning:  Undefined array key "rencana" in D:\nial_app\register-ibs\rekap.php on line 148
[02-Sep-2022 13:41:24 Asia/Jakarta] PHP Warning:  Undefined array key "tindak_lanjut" in D:\nial_app\register-ibs\rekap.php on line 152
[02-Sep-2022 13:41:24 Asia/Jakarta] PHP Warning:  Undefined array key "keterangan" in D:\nial_app\register-ibs\rekap.php on line 156
[02-Sep-2022 13:41:24 Asia/Jakarta] PHP Warning:  Undefined array key "pukul" in D:\nial_app\register-ibs\rekap.php on line 139
[02-Sep-2022 13:41:24 Asia/Jakarta] PHP Warning:  Undefined array key "kegiatan" in D:\nial_app\register-ibs\rekap.php on line 144
[02-Sep-2022 13:41:24 Asia/Jakarta] PHP Warning:  Undefined array key "rencana" in D:\nial_app\register-ibs\rekap.php on line 148
[02-Sep-2022 13:41:24 Asia/Jakarta] PHP Warning:  Undefined array key "tindak_lanjut" in D:\nial_app\register-ibs\rekap.php on line 152
[02-Sep-2022 13:41:24 Asia/Jakarta] PHP Warning:  Undefined array key "keterangan" in D:\nial_app\register-ibs\rekap.php on line 156
[02-Sep-2022 13:44:54 Asia/Jakarta] PHP Warning:  Undefined array key "pukul" in D:\nial_app\register-ibs\rekap.php on line 139
[02-Sep-2022 13:44:54 Asia/Jakarta] PHP Warning:  Undefined array key "kegiatan" in D:\nial_app\register-ibs\rekap.php on line 144
[02-Sep-2022 13:44:54 Asia/Jakarta] PHP Warning:  Undefined array key "rencana" in D:\nial_app\register-ibs\rekap.php on line 148
[02-Sep-2022 13:44:54 Asia/Jakarta] PHP Warning:  Undefined array key "tindak_lanjut" in D:\nial_app\register-ibs\rekap.php on line 152
[02-Sep-2022 13:44:54 Asia/Jakarta] PHP Warning:  Undefined array key "keterangan" in D:\nial_app\register-ibs\rekap.php on line 156
[02-Sep-2022 13:44:54 Asia/Jakarta] PHP Warning:  Undefined array key "pukul" in D:\nial_app\register-ibs\rekap.php on line 139
[02-Sep-2022 13:44:54 Asia/Jakarta] PHP Warning:  Undefined array key "kegiatan" in D:\nial_app\register-ibs\rekap.php on line 144
[02-Sep-2022 13:44:54 Asia/Jakarta] PHP Warning:  Undefined array key "rencana" in D:\nial_app\register-ibs\rekap.php on line 148
[02-Sep-2022 13:44:54 Asia/Jakarta] PHP Warning:  Undefined array key "tindak_lanjut" in D:\nial_app\register-ibs\rekap.php on line 152
[02-Sep-2022 13:44:54 Asia/Jakarta] PHP Warning:  Undefined array key "keterangan" in D:\nial_app\register-ibs\rekap.php on line 156
[02-Sep-2022 13:44:54 Asia/Jakarta] PHP Warning:  Undefined array key "pukul" in D:\nial_app\register-ibs\rekap.php on line 139
[02-Sep-2022 13:44:54 Asia/Jakarta] PHP Warning:  Undefined array key "kegiatan" in D:\nial_app\register-ibs\rekap.php on line 144
[02-Sep-2022 13:44:54 Asia/Jakarta] PHP Warning:  Undefined array key "rencana" in D:\nial_app\register-ibs\rekap.php on line 148
[02-Sep-2022 13:44:54 Asia/Jakarta] PHP Warning:  Undefined array key "tindak_lanjut" in D:\nial_app\register-ibs\rekap.php on line 152
[02-Sep-2022 13:44:54 Asia/Jakarta] PHP Warning:  Undefined array key "keterangan" in D:\nial_app\register-ibs\rekap.php on line 156
[03-Sep-2022 09:27:47 Asia/Jakarta] PHP Warning:  Undefined array key "pukul" in D:\nial_app\register-ibs\rekap.php on line 139
[03-Sep-2022 09:27:47 Asia/Jakarta] PHP Warning:  Undefined array key "kegiatan" in D:\nial_app\register-ibs\rekap.php on line 144
[03-Sep-2022 09:27:47 Asia/Jakarta] PHP Warning:  Undefined array key "rencana" in D:\nial_app\register-ibs\rekap.php on line 148
[03-Sep-2022 09:27:47 Asia/Jakarta] PHP Warning:  Undefined array key "tindak_lanjut" in D:\nial_app\register-ibs\rekap.php on line 152
[03-Sep-2022 09:27:47 Asia/Jakarta] PHP Warning:  Undefined array key "keterangan" in D:\nial_app\register-ibs\rekap.php on line 156
[03-Sep-2022 09:27:47 Asia/Jakarta] PHP Warning:  Undefined array key "pukul" in D:\nial_app\register-ibs\rekap.php on line 139
[03-Sep-2022 09:27:47 Asia/Jakarta] PHP Warning:  Undefined array key "kegiatan" in D:\nial_app\register-ibs\rekap.php on line 144
[03-Sep-2022 09:27:47 Asia/Jakarta] PHP Warning:  Undefined array key "rencana" in D:\nial_app\register-ibs\rekap.php on line 148
[03-Sep-2022 09:27:47 Asia/Jakarta] PHP Warning:  Undefined array key "tindak_lanjut" in D:\nial_app\register-ibs\rekap.php on line 152
[03-Sep-2022 09:27:47 Asia/Jakarta] PHP Warning:  Undefined array key "keterangan" in D:\nial_app\register-ibs\rekap.php on line 156
[03-Sep-2022 09:27:47 Asia/Jakarta] PHP Warning:  Undefined array key "pukul" in D:\nial_app\register-ibs\rekap.php on line 139
[03-Sep-2022 09:27:47 Asia/Jakarta] PHP Warning:  Undefined array key "kegiatan" in D:\nial_app\register-ibs\rekap.php on line 144
[03-Sep-2022 09:27:47 Asia/Jakarta] PHP Warning:  Undefined array key "rencana" in D:\nial_app\register-ibs\rekap.php on line 148
[03-Sep-2022 09:27:47 Asia/Jakarta] PHP Warning:  Undefined array key "tindak_lanjut" in D:\nial_app\register-ibs\rekap.php on line 152
[03-Sep-2022 09:27:47 Asia/Jakarta] PHP Warning:  Undefined array key "keterangan" in D:\nial_app\register-ibs\rekap.php on line 156
[03-Sep-2022 09:27:47 Asia/Jakarta] PHP Warning:  Undefined array key "pukul" in D:\nial_app\register-ibs\rekap.php on line 139
[03-Sep-2022 09:27:47 Asia/Jakarta] PHP Warning:  Undefined array key "kegiatan" in D:\nial_app\register-ibs\rekap.php on line 144
[03-Sep-2022 09:27:47 Asia/Jakarta] PHP Warning:  Undefined array key "rencana" in D:\nial_app\register-ibs\rekap.php on line 148
[03-Sep-2022 09:27:47 Asia/Jakarta] PHP Warning:  Undefined array key "tindak_lanjut" in D:\nial_app\register-ibs\rekap.php on line 152
[03-Sep-2022 09:27:47 Asia/Jakarta] PHP Warning:  Undefined array key "keterangan" in D:\nial_app\register-ibs\rekap.php on line 156
[03-Sep-2022 09:27:47 Asia/Jakarta] PHP Warning:  Undefined array key "pukul" in D:\nial_app\register-ibs\rekap.php on line 139
[03-Sep-2022 09:27:47 Asia/Jakarta] PHP Warning:  Undefined array key "kegiatan" in D:\nial_app\register-ibs\rekap.php on line 144
[03-Sep-2022 09:27:47 Asia/Jakarta] PHP Warning:  Undefined array key "rencana" in D:\nial_app\register-ibs\rekap.php on line 148
[03-Sep-2022 09:27:47 Asia/Jakarta] PHP Warning:  Undefined array key "tindak_lanjut" in D:\nial_app\register-ibs\rekap.php on line 152
[03-Sep-2022 09:27:47 Asia/Jakarta] PHP Warning:  Undefined array key "keterangan" in D:\nial_app\register-ibs\rekap.php on line 156
[03-Sep-2022 09:27:47 Asia/Jakarta] PHP Warning:  Undefined array key "pukul" in D:\nial_app\register-ibs\rekap.php on line 139
[03-Sep-2022 09:27:47 Asia/Jakarta] PHP Warning:  Undefined array key "kegiatan" in D:\nial_app\register-ibs\rekap.php on line 144
[03-Sep-2022 09:27:47 Asia/Jakarta] PHP Warning:  Undefined array key "rencana" in D:\nial_app\register-ibs\rekap.php on line 148
[03-Sep-2022 09:27:47 Asia/Jakarta] PHP Warning:  Undefined array key "tindak_lanjut" in D:\nial_app\register-ibs\rekap.php on line 152
[03-Sep-2022 09:27:47 Asia/Jakarta] PHP Warning:  Undefined array key "keterangan" in D:\nial_app\register-ibs\rekap.php on line 156
[03-Sep-2022 09:27:47 Asia/Jakarta] PHP Warning:  Undefined array key "pukul" in D:\nial_app\register-ibs\rekap.php on line 139
[03-Sep-2022 09:27:47 Asia/Jakarta] PHP Warning:  Undefined array key "kegiatan" in D:\nial_app\register-ibs\rekap.php on line 144
[03-Sep-2022 09:27:47 Asia/Jakarta] PHP Warning:  Undefined array key "rencana" in D:\nial_app\register-ibs\rekap.php on line 148
[03-Sep-2022 09:27:47 Asia/Jakarta] PHP Warning:  Undefined array key "tindak_lanjut" in D:\nial_app\register-ibs\rekap.php on line 152
[03-Sep-2022 09:27:47 Asia/Jakarta] PHP Warning:  Undefined array key "keterangan" in D:\nial_app\register-ibs\rekap.php on line 156
[03-Sep-2022 09:48:08 Asia/Jakarta] PHP Warning:  Undefined array key "pukul" in D:\nial_app\register-ibs\rekap.php on line 139
[03-Sep-2022 09:48:08 Asia/Jakarta] PHP Warning:  Undefined array key "kegiatan" in D:\nial_app\register-ibs\rekap.php on line 144
[03-Sep-2022 09:48:08 Asia/Jakarta] PHP Warning:  Undefined array key "rencana" in D:\nial_app\register-ibs\rekap.php on line 148
[03-Sep-2022 09:48:08 Asia/Jakarta] PHP Warning:  Undefined array key "tindak_lanjut" in D:\nial_app\register-ibs\rekap.php on line 152
[03-Sep-2022 09:48:08 Asia/Jakarta] PHP Warning:  Undefined array key "keterangan" in D:\nial_app\register-ibs\rekap.php on line 156
[03-Sep-2022 09:48:08 Asia/Jakarta] PHP Warning:  Undefined array key "pukul" in D:\nial_app\register-ibs\rekap.php on line 139
[03-Sep-2022 09:48:08 Asia/Jakarta] PHP Warning:  Undefined array key "kegiatan" in D:\nial_app\register-ibs\rekap.php on line 144
[03-Sep-2022 09:48:08 Asia/Jakarta] PHP Warning:  Undefined array key "rencana" in D:\nial_app\register-ibs\rekap.php on line 148
[03-Sep-2022 09:48:08 Asia/Jakarta] PHP Warning:  Undefined array key "tindak_lanjut" in D:\nial_app\register-ibs\rekap.php on line 152
[03-Sep-2022 09:48:08 Asia/Jakarta] PHP Warning:  Undefined array key "keterangan" in D:\nial_app\register-ibs\rekap.php on line 156
[03-Sep-2022 09:48:08 Asia/Jakarta] PHP Warning:  Undefined array key "pukul" in D:\nial_app\register-ibs\rekap.php on line 139
[03-Sep-2022 09:48:08 Asia/Jakarta] PHP Warning:  Undefined array key "kegiatan" in D:\nial_app\register-ibs\rekap.php on line 144
[03-Sep-2022 09:48:08 Asia/Jakarta] PHP Warning:  Undefined array key "rencana" in D:\nial_app\register-ibs\rekap.php on line 148
[03-Sep-2022 09:48:08 Asia/Jakarta] PHP Warning:  Undefined array key "tindak_lanjut" in D:\nial_app\register-ibs\rekap.php on line 152
[03-Sep-2022 09:48:08 Asia/Jakarta] PHP Warning:  Undefined array key "keterangan" in D:\nial_app\register-ibs\rekap.php on line 156
[03-Sep-2022 09:48:08 Asia/Jakarta] PHP Warning:  Undefined array key "pukul" in D:\nial_app\register-ibs\rekap.php on line 139
[03-Sep-2022 09:48:08 Asia/Jakarta] PHP Warning:  Undefined array key "kegiatan" in D:\nial_app\register-ibs\rekap.php on line 144
[03-Sep-2022 09:48:08 Asia/Jakarta] PHP Warning:  Undefined array key "rencana" in D:\nial_app\register-ibs\rekap.php on line 148
[03-Sep-2022 09:48:08 Asia/Jakarta] PHP Warning:  Undefined array key "tindak_lanjut" in D:\nial_app\register-ibs\rekap.php on line 152
[03-Sep-2022 09:48:08 Asia/Jakarta] PHP Warning:  Undefined array key "keterangan" in D:\nial_app\register-ibs\rekap.php on line 156
[03-Sep-2022 09:48:08 Asia/Jakarta] PHP Warning:  Undefined array key "pukul" in D:\nial_app\register-ibs\rekap.php on line 139
[03-Sep-2022 09:48:08 Asia/Jakarta] PHP Warning:  Undefined array key "kegiatan" in D:\nial_app\register-ibs\rekap.php on line 144
[03-Sep-2022 09:48:08 Asia/Jakarta] PHP Warning:  Undefined array key "rencana" in D:\nial_app\register-ibs\rekap.php on line 148
[03-Sep-2022 09:48:08 Asia/Jakarta] PHP Warning:  Undefined array key "tindak_lanjut" in D:\nial_app\register-ibs\rekap.php on line 152
[03-Sep-2022 09:48:08 Asia/Jakarta] PHP Warning:  Undefined array key "keterangan" in D:\nial_app\register-ibs\rekap.php on line 156
[03-Sep-2022 09:48:08 Asia/Jakarta] PHP Warning:  Undefined array key "pukul" in D:\nial_app\register-ibs\rekap.php on line 139
[03-Sep-2022 09:48:08 Asia/Jakarta] PHP Warning:  Undefined array key "kegiatan" in D:\nial_app\register-ibs\rekap.php on line 144
[03-Sep-2022 09:48:08 Asia/Jakarta] PHP Warning:  Undefined array key "rencana" in D:\nial_app\register-ibs\rekap.php on line 148
[03-Sep-2022 09:48:08 Asia/Jakarta] PHP Warning:  Undefined array key "tindak_lanjut" in D:\nial_app\register-ibs\rekap.php on line 152
[03-Sep-2022 09:48:08 Asia/Jakarta] PHP Warning:  Undefined array key "keterangan" in D:\nial_app\register-ibs\rekap.php on line 156
[03-Sep-2022 09:48:08 Asia/Jakarta] PHP Warning:  Undefined array key "pukul" in D:\nial_app\register-ibs\rekap.php on line 139
[03-Sep-2022 09:48:08 Asia/Jakarta] PHP Warning:  Undefined array key "kegiatan" in D:\nial_app\register-ibs\rekap.php on line 144
[03-Sep-2022 09:48:08 Asia/Jakarta] PHP Warning:  Undefined array key "rencana" in D:\nial_app\register-ibs\rekap.php on line 148
[03-Sep-2022 09:48:08 Asia/Jakarta] PHP Warning:  Undefined array key "tindak_lanjut" in D:\nial_app\register-ibs\rekap.php on line 152
[03-Sep-2022 09:48:08 Asia/Jakarta] PHP Warning:  Undefined array key "keterangan" in D:\nial_app\register-ibs\rekap.php on line 156
[03-Sep-2022 09:48:08 Asia/Jakarta] PHP Warning:  Undefined array key "pukul" in D:\nial_app\register-ibs\rekap.php on line 139
[03-Sep-2022 09:48:08 Asia/Jakarta] PHP Warning:  Undefined array key "kegiatan" in D:\nial_app\register-ibs\rekap.php on line 144
[03-Sep-2022 09:48:08 Asia/Jakarta] PHP Warning:  Undefined array key "rencana" in D:\nial_app\register-ibs\rekap.php on line 148
[03-Sep-2022 09:48:08 Asia/Jakarta] PHP Warning:  Undefined array key "tindak_lanjut" in D:\nial_app\register-ibs\rekap.php on line 152
[03-Sep-2022 09:48:08 Asia/Jakarta] PHP Warning:  Undefined array key "keterangan" in D:\nial_app\register-ibs\rekap.php on line 156
[03-Sep-2022 09:48:08 Asia/Jakarta] PHP Warning:  Undefined array key "pukul" in D:\nial_app\register-ibs\rekap.php on line 139
[03-Sep-2022 09:48:08 Asia/Jakarta] PHP Warning:  Undefined array key "kegiatan" in D:\nial_app\register-ibs\rekap.php on line 144
[03-Sep-2022 09:48:08 Asia/Jakarta] PHP Warning:  Undefined array key "rencana" in D:\nial_app\register-ibs\rekap.php on line 148
[03-Sep-2022 09:48:08 Asia/Jakarta] PHP Warning:  Undefined array key "tindak_lanjut" in D:\nial_app\register-ibs\rekap.php on line 152
[03-Sep-2022 09:48:08 Asia/Jakarta] PHP Warning:  Undefined array key "keterangan" in D:\nial_app\register-ibs\rekap.php on line 156
[03-Sep-2022 09:48:08 Asia/Jakarta] PHP Warning:  Undefined array key "pukul" in D:\nial_app\register-ibs\rekap.php on line 139
[03-Sep-2022 09:48:08 Asia/Jakarta] PHP Warning:  Undefined array key "kegiatan" in D:\nial_app\register-ibs\rekap.php on line 144
[03-Sep-2022 09:48:08 Asia/Jakarta] PHP Warning:  Undefined array key "rencana" in D:\nial_app\register-ibs\rekap.php on line 148
[03-Sep-2022 09:48:08 Asia/Jakarta] PHP Warning:  Undefined array key "tindak_lanjut" in D:\nial_app\register-ibs\rekap.php on line 152
[03-Sep-2022 09:48:08 Asia/Jakarta] PHP Warning:  Undefined array key "keterangan" in D:\nial_app\register-ibs\rekap.php on line 156
[03-Sep-2022 09:48:08 Asia/Jakarta] PHP Warning:  Undefined array key "pukul" in D:\nial_app\register-ibs\rekap.php on line 139
[03-Sep-2022 09:48:08 Asia/Jakarta] PHP Warning:  Undefined array key "kegiatan" in D:\nial_app\register-ibs\rekap.php on line 144
[03-Sep-2022 09:48:08 Asia/Jakarta] PHP Warning:  Undefined array key "rencana" in D:\nial_app\register-ibs\rekap.php on line 148
[03-Sep-2022 09:48:08 Asia/Jakarta] PHP Warning:  Undefined array key "tindak_lanjut" in D:\nial_app\register-ibs\rekap.php on line 152
[03-Sep-2022 09:48:08 Asia/Jakarta] PHP Warning:  Undefined array key "keterangan" in D:\nial_app\register-ibs\rekap.php on line 156
[03-Sep-2022 09:48:08 Asia/Jakarta] PHP Warning:  Undefined array key "pukul" in D:\nial_app\register-ibs\rekap.php on line 139
[03-Sep-2022 09:48:08 Asia/Jakarta] PHP Warning:  Undefined array key "kegiatan" in D:\nial_app\register-ibs\rekap.php on line 144
[03-Sep-2022 09:48:08 Asia/Jakarta] PHP Warning:  Undefined array key "rencana" in D:\nial_app\register-ibs\rekap.php on line 148
[03-Sep-2022 09:48:08 Asia/Jakarta] PHP Warning:  Undefined array key "tindak_lanjut" in D:\nial_app\register-ibs\rekap.php on line 152
[03-Sep-2022 09:48:08 Asia/Jakarta] PHP Warning:  Undefined array key "keterangan" in D:\nial_app\register-ibs\rekap.php on line 156
[03-Sep-2022 09:48:08 Asia/Jakarta] PHP Warning:  Undefined array key "pukul" in D:\nial_app\register-ibs\rekap.php on line 139
[03-Sep-2022 09:48:08 Asia/Jakarta] PHP Warning:  Undefined array key "kegiatan" in D:\nial_app\register-ibs\rekap.php on line 144
[03-Sep-2022 09:48:08 Asia/Jakarta] PHP Warning:  Undefined array key "rencana" in D:\nial_app\register-ibs\rekap.php on line 148
[03-Sep-2022 09:48:08 Asia/Jakarta] PHP Warning:  Undefined array key "tindak_lanjut" in D:\nial_app\register-ibs\rekap.php on line 152
[03-Sep-2022 09:48:08 Asia/Jakarta] PHP Warning:  Undefined array key "keterangan" in D:\nial_app\register-ibs\rekap.php on line 156
[03-Sep-2022 09:48:08 Asia/Jakarta] PHP Warning:  Undefined array key "pukul" in D:\nial_app\register-ibs\rekap.php on line 139
[03-Sep-2022 09:48:08 Asia/Jakarta] PHP Warning:  Undefined array key "kegiatan" in D:\nial_app\register-ibs\rekap.php on line 144
[03-Sep-2022 09:48:08 Asia/Jakarta] PHP Warning:  Undefined array key "rencana" in D:\nial_app\register-ibs\rekap.php on line 148
[03-Sep-2022 09:48:08 Asia/Jakarta] PHP Warning:  Undefined array key "tindak_lanjut" in D:\nial_app\register-ibs\rekap.php on line 152
[03-Sep-2022 09:48:08 Asia/Jakarta] PHP Warning:  Undefined array key "keterangan" in D:\nial_app\register-ibs\rekap.php on line 156
[04-Sep-2022 20:01:32 Asia/Jakarta] PHP Warning:  Undefined array key "pukul" in D:\nial_app\register-ibs\rekap.php on line 139
[04-Sep-2022 20:01:32 Asia/Jakarta] PHP Warning:  Undefined array key "kegiatan" in D:\nial_app\register-ibs\rekap.php on line 144
[04-Sep-2022 20:01:32 Asia/Jakarta] PHP Warning:  Undefined array key "rencana" in D:\nial_app\register-ibs\rekap.php on line 148
[04-Sep-2022 20:01:32 Asia/Jakarta] PHP Warning:  Undefined array key "tindak_lanjut" in D:\nial_app\register-ibs\rekap.php on line 152
[04-Sep-2022 20:01:32 Asia/Jakarta] PHP Warning:  Undefined array key "keterangan" in D:\nial_app\register-ibs\rekap.php on line 156
[06-Sep-2022 18:21:10 Asia/Jakarta] PHP Warning:  Undefined array key "pukul" in D:\nial_app\register-ibs\rekap.php on line 139
[06-Sep-2022 18:21:10 Asia/Jakarta] PHP Warning:  Undefined array key "kegiatan" in D:\nial_app\register-ibs\rekap.php on line 144
[06-Sep-2022 18:21:10 Asia/Jakarta] PHP Warning:  Undefined array key "rencana" in D:\nial_app\register-ibs\rekap.php on line 148
[06-Sep-2022 18:21:10 Asia/Jakarta] PHP Warning:  Undefined array key "tindak_lanjut" in D:\nial_app\register-ibs\rekap.php on line 152
[06-Sep-2022 18:21:10 Asia/Jakarta] PHP Warning:  Undefined array key "keterangan" in D:\nial_app\register-ibs\rekap.php on line 156
[06-Sep-2022 18:21:10 Asia/Jakarta] PHP Warning:  Undefined array key "pukul" in D:\nial_app\register-ibs\rekap.php on line 139
[06-Sep-2022 18:21:10 Asia/Jakarta] PHP Warning:  Undefined array key "kegiatan" in D:\nial_app\register-ibs\rekap.php on line 144
[06-Sep-2022 18:21:10 Asia/Jakarta] PHP Warning:  Undefined array key "rencana" in D:\nial_app\register-ibs\rekap.php on line 148
[06-Sep-2022 18:21:10 Asia/Jakarta] PHP Warning:  Undefined array key "tindak_lanjut" in D:\nial_app\register-ibs\rekap.php on line 152
[06-Sep-2022 18:21:10 Asia/Jakarta] PHP Warning:  Undefined array key "keterangan" in D:\nial_app\register-ibs\rekap.php on line 156
[06-Sep-2022 18:21:10 Asia/Jakarta] PHP Warning:  Undefined array key "pukul" in D:\nial_app\register-ibs\rekap.php on line 139
[06-Sep-2022 18:21:10 Asia/Jakarta] PHP Warning:  Undefined array key "kegiatan" in D:\nial_app\register-ibs\rekap.php on line 144
[06-Sep-2022 18:21:10 Asia/Jakarta] PHP Warning:  Undefined array key "rencana" in D:\nial_app\register-ibs\rekap.php on line 148
[06-Sep-2022 18:21:10 Asia/Jakarta] PHP Warning:  Undefined array key "tindak_lanjut" in D:\nial_app\register-ibs\rekap.php on line 152
[06-Sep-2022 18:21:10 Asia/Jakarta] PHP Warning:  Undefined array key "keterangan" in D:\nial_app\register-ibs\rekap.php on line 156
[06-Sep-2022 18:21:10 Asia/Jakarta] PHP Warning:  Undefined array key "pukul" in D:\nial_app\register-ibs\rekap.php on line 139
[06-Sep-2022 18:21:10 Asia/Jakarta] PHP Warning:  Undefined array key "kegiatan" in D:\nial_app\register-ibs\rekap.php on line 144
[06-Sep-2022 18:21:10 Asia/Jakarta] PHP Warning:  Undefined array key "rencana" in D:\nial_app\register-ibs\rekap.php on line 148
[06-Sep-2022 18:21:10 Asia/Jakarta] PHP Warning:  Undefined array key "tindak_lanjut" in D:\nial_app\register-ibs\rekap.php on line 152
[06-Sep-2022 18:21:10 Asia/Jakarta] PHP Warning:  Undefined array key "keterangan" in D:\nial_app\register-ibs\rekap.php on line 156
[06-Sep-2022 18:21:10 Asia/Jakarta] PHP Warning:  Undefined array key "pukul" in D:\nial_app\register-ibs\rekap.php on line 139
[06-Sep-2022 18:21:10 Asia/Jakarta] PHP Warning:  Undefined array key "kegiatan" in D:\nial_app\register-ibs\rekap.php on line 144
[06-Sep-2022 18:21:10 Asia/Jakarta] PHP Warning:  Undefined array key "rencana" in D:\nial_app\register-ibs\rekap.php on line 148
[06-Sep-2022 18:21:10 Asia/Jakarta] PHP Warning:  Undefined array key "tindak_lanjut" in D:\nial_app\register-ibs\rekap.php on line 152
[06-Sep-2022 18:21:10 Asia/Jakarta] PHP Warning:  Undefined array key "keterangan" in D:\nial_app\register-ibs\rekap.php on line 156
[06-Sep-2022 18:21:10 Asia/Jakarta] PHP Warning:  Undefined array key "pukul" in D:\nial_app\register-ibs\rekap.php on line 139
[06-Sep-2022 18:21:10 Asia/Jakarta] PHP Warning:  Undefined array key "kegiatan" in D:\nial_app\register-ibs\rekap.php on line 144
[06-Sep-2022 18:21:10 Asia/Jakarta] PHP Warning:  Undefined array key "rencana" in D:\nial_app\register-ibs\rekap.php on line 148
[06-Sep-2022 18:21:10 Asia/Jakarta] PHP Warning:  Undefined array key "tindak_lanjut" in D:\nial_app\register-ibs\rekap.php on line 152
[06-Sep-2022 18:21:10 Asia/Jakarta] PHP Warning:  Undefined array key "keterangan" in D:\nial_app\register-ibs\rekap.php on line 156
[06-Sep-2022 18:21:10 Asia/Jakarta] PHP Warning:  Undefined array key "pukul" in D:\nial_app\register-ibs\rekap.php on line 139
[06-Sep-2022 18:21:10 Asia/Jakarta] PHP Warning:  Undefined array key "kegiatan" in D:\nial_app\register-ibs\rekap.php on line 144
[06-Sep-2022 18:21:10 Asia/Jakarta] PHP Warning:  Undefined array key "rencana" in D:\nial_app\register-ibs\rekap.php on line 148
[06-Sep-2022 18:21:10 Asia/Jakarta] PHP Warning:  Undefined array key "tindak_lanjut" in D:\nial_app\register-ibs\rekap.php on line 152
[06-Sep-2022 18:21:10 Asia/Jakarta] PHP Warning:  Undefined array key "keterangan" in D:\nial_app\register-ibs\rekap.php on line 156
[06-Sep-2022 18:21:10 Asia/Jakarta] PHP Warning:  Undefined array key "pukul" in D:\nial_app\register-ibs\rekap.php on line 139
[06-Sep-2022 18:21:10 Asia/Jakarta] PHP Warning:  Undefined array key "kegiatan" in D:\nial_app\register-ibs\rekap.php on line 144
[06-Sep-2022 18:21:10 Asia/Jakarta] PHP Warning:  Undefined array key "rencana" in D:\nial_app\register-ibs\rekap.php on line 148
[06-Sep-2022 18:21:10 Asia/Jakarta] PHP Warning:  Undefined array key "tindak_lanjut" in D:\nial_app\register-ibs\rekap.php on line 152
[06-Sep-2022 18:21:10 Asia/Jakarta] PHP Warning:  Undefined array key "keterangan" in D:\nial_app\register-ibs\rekap.php on line 156
[06-Sep-2022 18:21:10 Asia/Jakarta] PHP Warning:  Undefined array key "pukul" in D:\nial_app\register-ibs\rekap.php on line 139
[06-Sep-2022 18:21:10 Asia/Jakarta] PHP Warning:  Undefined array key "kegiatan" in D:\nial_app\register-ibs\rekap.php on line 144
[06-Sep-2022 18:21:10 Asia/Jakarta] PHP Warning:  Undefined array key "rencana" in D:\nial_app\register-ibs\rekap.php on line 148
[06-Sep-2022 18:21:10 Asia/Jakarta] PHP Warning:  Undefined array key "tindak_lanjut" in D:\nial_app\register-ibs\rekap.php on line 152
[06-Sep-2022 18:21:10 Asia/Jakarta] PHP Warning:  Undefined array key "keterangan" in D:\nial_app\register-ibs\rekap.php on line 156
[06-Sep-2022 18:21:10 Asia/Jakarta] PHP Warning:  Undefined array key "pukul" in D:\nial_app\register-ibs\rekap.php on line 139
[06-Sep-2022 18:21:10 Asia/Jakarta] PHP Warning:  Undefined array key "kegiatan" in D:\nial_app\register-ibs\rekap.php on line 144
[06-Sep-2022 18:21:10 Asia/Jakarta] PHP Warning:  Undefined array key "rencana" in D:\nial_app\register-ibs\rekap.php on line 148
[06-Sep-2022 18:21:10 Asia/Jakarta] PHP Warning:  Undefined array key "tindak_lanjut" in D:\nial_app\register-ibs\rekap.php on line 152
[06-Sep-2022 18:21:10 Asia/Jakarta] PHP Warning:  Undefined array key "keterangan" in D:\nial_app\register-ibs\rekap.php on line 156
[06-Sep-2022 18:23:52 Asia/Jakarta] PHP Warning:  Undefined array key "pukul" in D:\nial_app\register-ibs\rekap.php on line 139
[06-Sep-2022 18:23:52 Asia/Jakarta] PHP Warning:  Undefined array key "kegiatan" in D:\nial_app\register-ibs\rekap.php on line 144
[06-Sep-2022 18:23:52 Asia/Jakarta] PHP Warning:  Undefined array key "rencana" in D:\nial_app\register-ibs\rekap.php on line 148
[06-Sep-2022 18:23:52 Asia/Jakarta] PHP Warning:  Undefined array key "tindak_lanjut" in D:\nial_app\register-ibs\rekap.php on line 152
[06-Sep-2022 18:23:52 Asia/Jakarta] PHP Warning:  Undefined array key "keterangan" in D:\nial_app\register-ibs\rekap.php on line 156
[06-Sep-2022 18:23:52 Asia/Jakarta] PHP Warning:  Undefined array key "pukul" in D:\nial_app\register-ibs\rekap.php on line 139
[06-Sep-2022 18:23:52 Asia/Jakarta] PHP Warning:  Undefined array key "kegiatan" in D:\nial_app\register-ibs\rekap.php on line 144
[06-Sep-2022 18:23:52 Asia/Jakarta] PHP Warning:  Undefined array key "rencana" in D:\nial_app\register-ibs\rekap.php on line 148
[06-Sep-2022 18:23:52 Asia/Jakarta] PHP Warning:  Undefined array key "tindak_lanjut" in D:\nial_app\register-ibs\rekap.php on line 152
[06-Sep-2022 18:23:52 Asia/Jakarta] PHP Warning:  Undefined array key "keterangan" in D:\nial_app\register-ibs\rekap.php on line 156
[06-Sep-2022 18:23:52 Asia/Jakarta] PHP Warning:  Undefined array key "pukul" in D:\nial_app\register-ibs\rekap.php on line 139
[06-Sep-2022 18:23:52 Asia/Jakarta] PHP Warning:  Undefined array key "kegiatan" in D:\nial_app\register-ibs\rekap.php on line 144
[06-Sep-2022 18:23:52 Asia/Jakarta] PHP Warning:  Undefined array key "rencana" in D:\nial_app\register-ibs\rekap.php on line 148
[06-Sep-2022 18:23:52 Asia/Jakarta] PHP Warning:  Undefined array key "tindak_lanjut" in D:\nial_app\register-ibs\rekap.php on line 152
[06-Sep-2022 18:23:52 Asia/Jakarta] PHP Warning:  Undefined array key "keterangan" in D:\nial_app\register-ibs\rekap.php on line 156
[06-Sep-2022 18:23:52 Asia/Jakarta] PHP Warning:  Undefined array key "pukul" in D:\nial_app\register-ibs\rekap.php on line 139
[06-Sep-2022 18:23:52 Asia/Jakarta] PHP Warning:  Undefined array key "kegiatan" in D:\nial_app\register-ibs\rekap.php on line 144
[06-Sep-2022 18:23:52 Asia/Jakarta] PHP Warning:  Undefined array key "rencana" in D:\nial_app\register-ibs\rekap.php on line 148
[06-Sep-2022 18:23:52 Asia/Jakarta] PHP Warning:  Undefined array key "tindak_lanjut" in D:\nial_app\register-ibs\rekap.php on line 152
[06-Sep-2022 18:23:52 Asia/Jakarta] PHP Warning:  Undefined array key "keterangan" in D:\nial_app\register-ibs\rekap.php on line 156
[06-Sep-2022 18:23:52 Asia/Jakarta] PHP Warning:  Undefined array key "pukul" in D:\nial_app\register-ibs\rekap.php on line 139
[06-Sep-2022 18:23:52 Asia/Jakarta] PHP Warning:  Undefined array key "kegiatan" in D:\nial_app\register-ibs\rekap.php on line 144
[06-Sep-2022 18:23:52 Asia/Jakarta] PHP Warning:  Undefined array key "rencana" in D:\nial_app\register-ibs\rekap.php on line 148
[06-Sep-2022 18:23:52 Asia/Jakarta] PHP Warning:  Undefined array key "tindak_lanjut" in D:\nial_app\register-ibs\rekap.php on line 152
[06-Sep-2022 18:23:52 Asia/Jakarta] PHP Warning:  Undefined array key "keterangan" in D:\nial_app\register-ibs\rekap.php on line 156
[06-Sep-2022 18:23:52 Asia/Jakarta] PHP Warning:  Undefined array key "pukul" in D:\nial_app\register-ibs\rekap.php on line 139
[06-Sep-2022 18:23:52 Asia/Jakarta] PHP Warning:  Undefined array key "kegiatan" in D:\nial_app\register-ibs\rekap.php on line 144
[06-Sep-2022 18:23:52 Asia/Jakarta] PHP Warning:  Undefined array key "rencana" in D:\nial_app\register-ibs\rekap.php on line 148
[06-Sep-2022 18:23:52 Asia/Jakarta] PHP Warning:  Undefined array key "tindak_lanjut" in D:\nial_app\register-ibs\rekap.php on line 152
[06-Sep-2022 18:23:52 Asia/Jakarta] PHP Warning:  Undefined array key "keterangan" in D:\nial_app\register-ibs\rekap.php on line 156
[06-Sep-2022 18:23:52 Asia/Jakarta] PHP Warning:  Undefined array key "pukul" in D:\nial_app\register-ibs\rekap.php on line 139
[06-Sep-2022 18:23:52 Asia/Jakarta] PHP Warning:  Undefined array key "kegiatan" in D:\nial_app\register-ibs\rekap.php on line 144
[06-Sep-2022 18:23:52 Asia/Jakarta] PHP Warning:  Undefined array key "rencana" in D:\nial_app\register-ibs\rekap.php on line 148
[06-Sep-2022 18:23:52 Asia/Jakarta] PHP Warning:  Undefined array key "tindak_lanjut" in D:\nial_app\register-ibs\rekap.php on line 152
[06-Sep-2022 18:23:52 Asia/Jakarta] PHP Warning:  Undefined array key "keterangan" in D:\nial_app\register-ibs\rekap.php on line 156
[06-Sep-2022 18:30:26 Asia/Jakarta] PHP Warning:  Undefined array key "pukul" in D:\nial_app\register-ibs\rekap.php on line 139
[06-Sep-2022 18:30:26 Asia/Jakarta] PHP Warning:  Undefined array key "kegiatan" in D:\nial_app\register-ibs\rekap.php on line 144
[06-Sep-2022 18:30:26 Asia/Jakarta] PHP Warning:  Undefined array key "rencana" in D:\nial_app\register-ibs\rekap.php on line 148
[06-Sep-2022 18:30:26 Asia/Jakarta] PHP Warning:  Undefined array key "tindak_lanjut" in D:\nial_app\register-ibs\rekap.php on line 152
[06-Sep-2022 18:30:26 Asia/Jakarta] PHP Warning:  Undefined array key "keterangan" in D:\nial_app\register-ibs\rekap.php on line 156
[06-Sep-2022 18:30:26 Asia/Jakarta] PHP Warning:  Undefined array key "pukul" in D:\nial_app\register-ibs\rekap.php on line 139
[06-Sep-2022 18:30:26 Asia/Jakarta] PHP Warning:  Undefined array key "kegiatan" in D:\nial_app\register-ibs\rekap.php on line 144
[06-Sep-2022 18:30:26 Asia/Jakarta] PHP Warning:  Undefined array key "rencana" in D:\nial_app\register-ibs\rekap.php on line 148
[06-Sep-2022 18:30:26 Asia/Jakarta] PHP Warning:  Undefined array key "tindak_lanjut" in D:\nial_app\register-ibs\rekap.php on line 152
[06-Sep-2022 18:30:26 Asia/Jakarta] PHP Warning:  Undefined array key "keterangan" in D:\nial_app\register-ibs\rekap.php on line 156
[06-Sep-2022 18:30:26 Asia/Jakarta] PHP Warning:  Undefined array key "pukul" in D:\nial_app\register-ibs\rekap.php on line 139
[06-Sep-2022 18:30:26 Asia/Jakarta] PHP Warning:  Undefined array key "kegiatan" in D:\nial_app\register-ibs\rekap.php on line 144
[06-Sep-2022 18:30:26 Asia/Jakarta] PHP Warning:  Undefined array key "rencana" in D:\nial_app\register-ibs\rekap.php on line 148
[06-Sep-2022 18:30:26 Asia/Jakarta] PHP Warning:  Undefined array key "tindak_lanjut" in D:\nial_app\register-ibs\rekap.php on line 152
[06-Sep-2022 18:30:26 Asia/Jakarta] PHP Warning:  Undefined array key "keterangan" in D:\nial_app\register-ibs\rekap.php on line 156
[06-Sep-2022 18:30:26 Asia/Jakarta] PHP Warning:  Undefined array key "pukul" in D:\nial_app\register-ibs\rekap.php on line 139
[06-Sep-2022 18:30:26 Asia/Jakarta] PHP Warning:  Undefined array key "kegiatan" in D:\nial_app\register-ibs\rekap.php on line 144
[06-Sep-2022 18:30:26 Asia/Jakarta] PHP Warning:  Undefined array key "rencana" in D:\nial_app\register-ibs\rekap.php on line 148
[06-Sep-2022 18:30:26 Asia/Jakarta] PHP Warning:  Undefined array key "tindak_lanjut" in D:\nial_app\register-ibs\rekap.php on line 152
[06-Sep-2022 18:30:26 Asia/Jakarta] PHP Warning:  Undefined array key "keterangan" in D:\nial_app\register-ibs\rekap.php on line 156
[06-Sep-2022 18:30:26 Asia/Jakarta] PHP Warning:  Undefined array key "pukul" in D:\nial_app\register-ibs\rekap.php on line 139
[06-Sep-2022 18:30:26 Asia/Jakarta] PHP Warning:  Undefined array key "kegiatan" in D:\nial_app\register-ibs\rekap.php on line 144
[06-Sep-2022 18:30:26 Asia/Jakarta] PHP Warning:  Undefined array key "rencana" in D:\nial_app\register-ibs\rekap.php on line 148
[06-Sep-2022 18:30:26 Asia/Jakarta] PHP Warning:  Undefined array key "tindak_lanjut" in D:\nial_app\register-ibs\rekap.php on line 152
[06-Sep-2022 18:30:26 Asia/Jakarta] PHP Warning:  Undefined array key "keterangan" in D:\nial_app\register-ibs\rekap.php on line 156
[06-Sep-2022 18:30:26 Asia/Jakarta] PHP Warning:  Undefined array key "pukul" in D:\nial_app\register-ibs\rekap.php on line 139
[06-Sep-2022 18:30:26 Asia/Jakarta] PHP Warning:  Undefined array key "kegiatan" in D:\nial_app\register-ibs\rekap.php on line 144
[06-Sep-2022 18:30:26 Asia/Jakarta] PHP Warning:  Undefined array key "rencana" in D:\nial_app\register-ibs\rekap.php on line 148
[06-Sep-2022 18:30:26 Asia/Jakarta] PHP Warning:  Undefined array key "tindak_lanjut" in D:\nial_app\register-ibs\rekap.php on line 152
[06-Sep-2022 18:30:26 Asia/Jakarta] PHP Warning:  Undefined array key "keterangan" in D:\nial_app\register-ibs\rekap.php on line 156
[06-Sep-2022 18:30:26 Asia/Jakarta] PHP Warning:  Undefined array key "pukul" in D:\nial_app\register-ibs\rekap.php on line 139
[06-Sep-2022 18:30:26 Asia/Jakarta] PHP Warning:  Undefined array key "kegiatan" in D:\nial_app\register-ibs\rekap.php on line 144
[06-Sep-2022 18:30:26 Asia/Jakarta] PHP Warning:  Undefined array key "rencana" in D:\nial_app\register-ibs\rekap.php on line 148
[06-Sep-2022 18:30:26 Asia/Jakarta] PHP Warning:  Undefined array key "tindak_lanjut" in D:\nial_app\register-ibs\rekap.php on line 152
[06-Sep-2022 18:30:26 Asia/Jakarta] PHP Warning:  Undefined array key "keterangan" in D:\nial_app\register-ibs\rekap.php on line 156
[06-Sep-2022 18:30:26 Asia/Jakarta] PHP Warning:  Undefined array key "pukul" in D:\nial_app\register-ibs\rekap.php on line 139
[06-Sep-2022 18:30:26 Asia/Jakarta] PHP Warning:  Undefined array key "kegiatan" in D:\nial_app\register-ibs\rekap.php on line 144
[06-Sep-2022 18:30:26 Asia/Jakarta] PHP Warning:  Undefined array key "rencana" in D:\nial_app\register-ibs\rekap.php on line 148
[06-Sep-2022 18:30:26 Asia/Jakarta] PHP Warning:  Undefined array key "tindak_lanjut" in D:\nial_app\register-ibs\rekap.php on line 152
[06-Sep-2022 18:30:26 Asia/Jakarta] PHP Warning:  Undefined array key "keterangan" in D:\nial_app\register-ibs\rekap.php on line 156
[06-Sep-2022 18:30:26 Asia/Jakarta] PHP Warning:  Undefined array key "pukul" in D:\nial_app\register-ibs\rekap.php on line 139
[06-Sep-2022 18:30:26 Asia/Jakarta] PHP Warning:  Undefined array key "kegiatan" in D:\nial_app\register-ibs\rekap.php on line 144
[06-Sep-2022 18:30:26 Asia/Jakarta] PHP Warning:  Undefined array key "rencana" in D:\nial_app\register-ibs\rekap.php on line 148
[06-Sep-2022 18:30:26 Asia/Jakarta] PHP Warning:  Undefined array key "tindak_lanjut" in D:\nial_app\register-ibs\rekap.php on line 152
[06-Sep-2022 18:30:26 Asia/Jakarta] PHP Warning:  Undefined array key "keterangan" in D:\nial_app\register-ibs\rekap.php on line 156
[06-Sep-2022 18:30:26 Asia/Jakarta] PHP Warning:  Undefined array key "pukul" in D:\nial_app\register-ibs\rekap.php on line 139
[06-Sep-2022 18:30:26 Asia/Jakarta] PHP Warning:  Undefined array key "kegiatan" in D:\nial_app\register-ibs\rekap.php on line 144
[06-Sep-2022 18:30:26 Asia/Jakarta] PHP Warning:  Undefined array key "rencana" in D:\nial_app\register-ibs\rekap.php on line 148
[06-Sep-2022 18:30:26 Asia/Jakarta] PHP Warning:  Undefined array key "tindak_lanjut" in D:\nial_app\register-ibs\rekap.php on line 152
[06-Sep-2022 18:30:26 Asia/Jakarta] PHP Warning:  Undefined array key "keterangan" in D:\nial_app\register-ibs\rekap.php on line 156
[06-Sep-2022 18:30:26 Asia/Jakarta] PHP Warning:  Undefined array key "pukul" in D:\nial_app\register-ibs\rekap.php on line 139
[06-Sep-2022 18:30:26 Asia/Jakarta] PHP Warning:  Undefined array key "kegiatan" in D:\nial_app\register-ibs\rekap.php on line 144
[06-Sep-2022 18:30:26 Asia/Jakarta] PHP Warning:  Undefined array key "rencana" in D:\nial_app\register-ibs\rekap.php on line 148
[06-Sep-2022 18:30:26 Asia/Jakarta] PHP Warning:  Undefined array key "tindak_lanjut" in D:\nial_app\register-ibs\rekap.php on line 152
[06-Sep-2022 18:30:26 Asia/Jakarta] PHP Warning:  Undefined array key "keterangan" in D:\nial_app\register-ibs\rekap.php on line 156
[06-Sep-2022 18:30:26 Asia/Jakarta] PHP Warning:  Undefined array key "pukul" in D:\nial_app\register-ibs\rekap.php on line 139
[06-Sep-2022 18:30:26 Asia/Jakarta] PHP Warning:  Undefined array key "kegiatan" in D:\nial_app\register-ibs\rekap.php on line 144
[06-Sep-2022 18:30:26 Asia/Jakarta] PHP Warning:  Undefined array key "rencana" in D:\nial_app\register-ibs\rekap.php on line 148
[06-Sep-2022 18:30:26 Asia/Jakarta] PHP Warning:  Undefined array key "tindak_lanjut" in D:\nial_app\register-ibs\rekap.php on line 152
[06-Sep-2022 18:30:26 Asia/Jakarta] PHP Warning:  Undefined array key "keterangan" in D:\nial_app\register-ibs\rekap.php on line 156
[06-Sep-2022 18:30:26 Asia/Jakarta] PHP Warning:  Undefined array key "pukul" in D:\nial_app\register-ibs\rekap.php on line 139
[06-Sep-2022 18:30:26 Asia/Jakarta] PHP Warning:  Undefined array key "kegiatan" in D:\nial_app\register-ibs\rekap.php on line 144
[06-Sep-2022 18:30:26 Asia/Jakarta] PHP Warning:  Undefined array key "rencana" in D:\nial_app\register-ibs\rekap.php on line 148
[06-Sep-2022 18:30:26 Asia/Jakarta] PHP Warning:  Undefined array key "tindak_lanjut" in D:\nial_app\register-ibs\rekap.php on line 152
[06-Sep-2022 18:30:26 Asia/Jakarta] PHP Warning:  Undefined array key "keterangan" in D:\nial_app\register-ibs\rekap.php on line 156
[06-Sep-2022 21:50:04 Asia/Jakarta] PHP Warning:  Undefined array key "pukul" in D:\nial_app\register-ibs\rekap.php on line 139
[06-Sep-2022 21:50:04 Asia/Jakarta] PHP Warning:  Undefined array key "kegiatan" in D:\nial_app\register-ibs\rekap.php on line 144
[06-Sep-2022 21:50:04 Asia/Jakarta] PHP Warning:  Undefined array key "rencana" in D:\nial_app\register-ibs\rekap.php on line 148
[06-Sep-2022 21:50:04 Asia/Jakarta] PHP Warning:  Undefined array key "tindak_lanjut" in D:\nial_app\register-ibs\rekap.php on line 152
[06-Sep-2022 21:50:04 Asia/Jakarta] PHP Warning:  Undefined array key "keterangan" in D:\nial_app\register-ibs\rekap.php on line 156
[06-Sep-2022 21:50:04 Asia/Jakarta] PHP Warning:  Undefined array key "pukul" in D:\nial_app\register-ibs\rekap.php on line 139
[06-Sep-2022 21:50:04 Asia/Jakarta] PHP Warning:  Undefined array key "kegiatan" in D:\nial_app\register-ibs\rekap.php on line 144
[06-Sep-2022 21:50:04 Asia/Jakarta] PHP Warning:  Undefined array key "rencana" in D:\nial_app\register-ibs\rekap.php on line 148
[06-Sep-2022 21:50:04 Asia/Jakarta] PHP Warning:  Undefined array key "tindak_lanjut" in D:\nial_app\register-ibs\rekap.php on line 152
[06-Sep-2022 21:50:04 Asia/Jakarta] PHP Warning:  Undefined array key "keterangan" in D:\nial_app\register-ibs\rekap.php on line 156
[06-Sep-2022 21:50:04 Asia/Jakarta] PHP Warning:  Undefined array key "pukul" in D:\nial_app\register-ibs\rekap.php on line 139
[06-Sep-2022 21:50:04 Asia/Jakarta] PHP Warning:  Undefined array key "kegiatan" in D:\nial_app\register-ibs\rekap.php on line 144
[06-Sep-2022 21:50:04 Asia/Jakarta] PHP Warning:  Undefined array key "rencana" in D:\nial_app\register-ibs\rekap.php on line 148
[06-Sep-2022 21:50:04 Asia/Jakarta] PHP Warning:  Undefined array key "tindak_lanjut" in D:\nial_app\register-ibs\rekap.php on line 152
[06-Sep-2022 21:50:04 Asia/Jakarta] PHP Warning:  Undefined array key "keterangan" in D:\nial_app\register-ibs\rekap.php on line 156
[06-Sep-2022 21:50:04 Asia/Jakarta] PHP Warning:  Undefined array key "pukul" in D:\nial_app\register-ibs\rekap.php on line 139
[06-Sep-2022 21:50:04 Asia/Jakarta] PHP Warning:  Undefined array key "kegiatan" in D:\nial_app\register-ibs\rekap.php on line 144
[06-Sep-2022 21:50:04 Asia/Jakarta] PHP Warning:  Undefined array key "rencana" in D:\nial_app\register-ibs\rekap.php on line 148
[06-Sep-2022 21:50:04 Asia/Jakarta] PHP Warning:  Undefined array key "tindak_lanjut" in D:\nial_app\register-ibs\rekap.php on line 152
[06-Sep-2022 21:50:04 Asia/Jakarta] PHP Warning:  Undefined array key "keterangan" in D:\nial_app\register-ibs\rekap.php on line 156
[06-Sep-2022 21:50:04 Asia/Jakarta] PHP Warning:  Undefined array key "pukul" in D:\nial_app\register-ibs\rekap.php on line 139
[06-Sep-2022 21:50:04 Asia/Jakarta] PHP Warning:  Undefined array key "kegiatan" in D:\nial_app\register-ibs\rekap.php on line 144
[06-Sep-2022 21:50:04 Asia/Jakarta] PHP Warning:  Undefined array key "rencana" in D:\nial_app\register-ibs\rekap.php on line 148
[06-Sep-2022 21:50:04 Asia/Jakarta] PHP Warning:  Undefined array key "tindak_lanjut" in D:\nial_app\register-ibs\rekap.php on line 152
[06-Sep-2022 21:50:04 Asia/Jakarta] PHP Warning:  Undefined array key "keterangan" in D:\nial_app\register-ibs\rekap.php on line 156
[06-Sep-2022 21:50:04 Asia/Jakarta] PHP Warning:  Undefined array key "pukul" in D:\nial_app\register-ibs\rekap.php on line 139
[06-Sep-2022 21:50:04 Asia/Jakarta] PHP Warning:  Undefined array key "kegiatan" in D:\nial_app\register-ibs\rekap.php on line 144
[06-Sep-2022 21:50:04 Asia/Jakarta] PHP Warning:  Undefined array key "rencana" in D:\nial_app\register-ibs\rekap.php on line 148
[06-Sep-2022 21:50:04 Asia/Jakarta] PHP Warning:  Undefined array key "tindak_lanjut" in D:\nial_app\register-ibs\rekap.php on line 152
[06-Sep-2022 21:50:04 Asia/Jakarta] PHP Warning:  Undefined array key "keterangan" in D:\nial_app\register-ibs\rekap.php on line 156
[06-Sep-2022 21:50:04 Asia/Jakarta] PHP Warning:  Undefined array key "pukul" in D:\nial_app\register-ibs\rekap.php on line 139
[06-Sep-2022 21:50:04 Asia/Jakarta] PHP Warning:  Undefined array key "kegiatan" in D:\nial_app\register-ibs\rekap.php on line 144
[06-Sep-2022 21:50:04 Asia/Jakarta] PHP Warning:  Undefined array key "rencana" in D:\nial_app\register-ibs\rekap.php on line 148
[06-Sep-2022 21:50:04 Asia/Jakarta] PHP Warning:  Undefined array key "tindak_lanjut" in D:\nial_app\register-ibs\rekap.php on line 152
[06-Sep-2022 21:50:04 Asia/Jakarta] PHP Warning:  Undefined array key "keterangan" in D:\nial_app\register-ibs\rekap.php on line 156
[06-Sep-2022 21:50:04 Asia/Jakarta] PHP Warning:  Undefined array key "pukul" in D:\nial_app\register-ibs\rekap.php on line 139
[06-Sep-2022 21:50:04 Asia/Jakarta] PHP Warning:  Undefined array key "kegiatan" in D:\nial_app\register-ibs\rekap.php on line 144
[06-Sep-2022 21:50:04 Asia/Jakarta] PHP Warning:  Undefined array key "rencana" in D:\nial_app\register-ibs\rekap.php on line 148
[06-Sep-2022 21:50:04 Asia/Jakarta] PHP Warning:  Undefined array key "tindak_lanjut" in D:\nial_app\register-ibs\rekap.php on line 152
[06-Sep-2022 21:50:04 Asia/Jakarta] PHP Warning:  Undefined array key "keterangan" in D:\nial_app\register-ibs\rekap.php on line 156
[06-Sep-2022 21:50:04 Asia/Jakarta] PHP Warning:  Undefined array key "pukul" in D:\nial_app\register-ibs\rekap.php on line 139
[06-Sep-2022 21:50:04 Asia/Jakarta] PHP Warning:  Undefined array key "kegiatan" in D:\nial_app\register-ibs\rekap.php on line 144
[06-Sep-2022 21:50:04 Asia/Jakarta] PHP Warning:  Undefined array key "rencana" in D:\nial_app\register-ibs\rekap.php on line 148
[06-Sep-2022 21:50:04 Asia/Jakarta] PHP Warning:  Undefined array key "tindak_lanjut" in D:\nial_app\register-ibs\rekap.php on line 152
[06-Sep-2022 21:50:04 Asia/Jakarta] PHP Warning:  Undefined array key "keterangan" in D:\nial_app\register-ibs\rekap.php on line 156
[06-Sep-2022 21:50:04 Asia/Jakarta] PHP Warning:  Undefined array key "pukul" in D:\nial_app\register-ibs\rekap.php on line 139
[06-Sep-2022 21:50:04 Asia/Jakarta] PHP Warning:  Undefined array key "kegiatan" in D:\nial_app\register-ibs\rekap.php on line 144
[06-Sep-2022 21:50:04 Asia/Jakarta] PHP Warning:  Undefined array key "rencana" in D:\nial_app\register-ibs\rekap.php on line 148
[06-Sep-2022 21:50:04 Asia/Jakarta] PHP Warning:  Undefined array key "tindak_lanjut" in D:\nial_app\register-ibs\rekap.php on line 152
[06-Sep-2022 21:50:04 Asia/Jakarta] PHP Warning:  Undefined array key "keterangan" in D:\nial_app\register-ibs\rekap.php on line 156
[06-Sep-2022 21:50:04 Asia/Jakarta] PHP Warning:  Undefined array key "pukul" in D:\nial_app\register-ibs\rekap.php on line 139
[06-Sep-2022 21:50:04 Asia/Jakarta] PHP Warning:  Undefined array key "kegiatan" in D:\nial_app\register-ibs\rekap.php on line 144
[06-Sep-2022 21:50:04 Asia/Jakarta] PHP Warning:  Undefined array key "rencana" in D:\nial_app\register-ibs\rekap.php on line 148
[06-Sep-2022 21:50:04 Asia/Jakarta] PHP Warning:  Undefined array key "tindak_lanjut" in D:\nial_app\register-ibs\rekap.php on line 152
[06-Sep-2022 21:50:04 Asia/Jakarta] PHP Warning:  Undefined array key "keterangan" in D:\nial_app\register-ibs\rekap.php on line 156
[06-Sep-2022 21:50:04 Asia/Jakarta] PHP Warning:  Undefined array key "pukul" in D:\nial_app\register-ibs\rekap.php on line 139
[06-Sep-2022 21:50:04 Asia/Jakarta] PHP Warning:  Undefined array key "kegiatan" in D:\nial_app\register-ibs\rekap.php on line 144
[06-Sep-2022 21:50:04 Asia/Jakarta] PHP Warning:  Undefined array key "rencana" in D:\nial_app\register-ibs\rekap.php on line 148
[06-Sep-2022 21:50:04 Asia/Jakarta] PHP Warning:  Undefined array key "tindak_lanjut" in D:\nial_app\register-ibs\rekap.php on line 152
[06-Sep-2022 21:50:04 Asia/Jakarta] PHP Warning:  Undefined array key "keterangan" in D:\nial_app\register-ibs\rekap.php on line 156
[06-Sep-2022 21:50:04 Asia/Jakarta] PHP Warning:  Undefined array key "pukul" in D:\nial_app\register-ibs\rekap.php on line 139
[06-Sep-2022 21:50:04 Asia/Jakarta] PHP Warning:  Undefined array key "kegiatan" in D:\nial_app\register-ibs\rekap.php on line 144
[06-Sep-2022 21:50:04 Asia/Jakarta] PHP Warning:  Undefined array key "rencana" in D:\nial_app\register-ibs\rekap.php on line 148
[06-Sep-2022 21:50:04 Asia/Jakarta] PHP Warning:  Undefined array key "tindak_lanjut" in D:\nial_app\register-ibs\rekap.php on line 152
[06-Sep-2022 21:50:04 Asia/Jakarta] PHP Warning:  Undefined array key "keterangan" in D:\nial_app\register-ibs\rekap.php on line 156
[07-Sep-2022 18:45:18 Asia/Jakarta] PHP Warning:  Undefined array key "pukul" in D:\nial_app\register-ibs\rekap.php on line 139
[07-Sep-2022 18:45:18 Asia/Jakarta] PHP Warning:  Undefined array key "kegiatan" in D:\nial_app\register-ibs\rekap.php on line 144
[07-Sep-2022 18:45:18 Asia/Jakarta] PHP Warning:  Undefined array key "rencana" in D:\nial_app\register-ibs\rekap.php on line 148
[07-Sep-2022 18:45:18 Asia/Jakarta] PHP Warning:  Undefined array key "tindak_lanjut" in D:\nial_app\register-ibs\rekap.php on line 152
[07-Sep-2022 18:45:18 Asia/Jakarta] PHP Warning:  Undefined array key "keterangan" in D:\nial_app\register-ibs\rekap.php on line 156
[07-Sep-2022 18:45:18 Asia/Jakarta] PHP Warning:  Undefined array key "pukul" in D:\nial_app\register-ibs\rekap.php on line 139
[07-Sep-2022 18:45:18 Asia/Jakarta] PHP Warning:  Undefined array key "kegiatan" in D:\nial_app\register-ibs\rekap.php on line 144
[07-Sep-2022 18:45:18 Asia/Jakarta] PHP Warning:  Undefined array key "rencana" in D:\nial_app\register-ibs\rekap.php on line 148
[07-Sep-2022 18:45:18 Asia/Jakarta] PHP Warning:  Undefined array key "tindak_lanjut" in D:\nial_app\register-ibs\rekap.php on line 152
[07-Sep-2022 18:45:18 Asia/Jakarta] PHP Warning:  Undefined array key "keterangan" in D:\nial_app\register-ibs\rekap.php on line 156
[07-Sep-2022 18:45:18 Asia/Jakarta] PHP Warning:  Undefined array key "pukul" in D:\nial_app\register-ibs\rekap.php on line 139
[07-Sep-2022 18:45:18 Asia/Jakarta] PHP Warning:  Undefined array key "kegiatan" in D:\nial_app\register-ibs\rekap.php on line 144
[07-Sep-2022 18:45:18 Asia/Jakarta] PHP Warning:  Undefined array key "rencana" in D:\nial_app\register-ibs\rekap.php on line 148
[07-Sep-2022 18:45:18 Asia/Jakarta] PHP Warning:  Undefined array key "tindak_lanjut" in D:\nial_app\register-ibs\rekap.php on line 152
[07-Sep-2022 18:45:18 Asia/Jakarta] PHP Warning:  Undefined array key "keterangan" in D:\nial_app\register-ibs\rekap.php on line 156
[07-Sep-2022 18:45:18 Asia/Jakarta] PHP Warning:  Undefined array key "pukul" in D:\nial_app\register-ibs\rekap.php on line 139
[07-Sep-2022 18:45:18 Asia/Jakarta] PHP Warning:  Undefined array key "kegiatan" in D:\nial_app\register-ibs\rekap.php on line 144
[07-Sep-2022 18:45:18 Asia/Jakarta] PHP Warning:  Undefined array key "rencana" in D:\nial_app\register-ibs\rekap.php on line 148
[07-Sep-2022 18:45:18 Asia/Jakarta] PHP Warning:  Undefined array key "tindak_lanjut" in D:\nial_app\register-ibs\rekap.php on line 152
[07-Sep-2022 18:45:18 Asia/Jakarta] PHP Warning:  Undefined array key "keterangan" in D:\nial_app\register-ibs\rekap.php on line 156
[07-Sep-2022 18:45:18 Asia/Jakarta] PHP Warning:  Undefined array key "pukul" in D:\nial_app\register-ibs\rekap.php on line 139
[07-Sep-2022 18:45:18 Asia/Jakarta] PHP Warning:  Undefined array key "kegiatan" in D:\nial_app\register-ibs\rekap.php on line 144
[07-Sep-2022 18:45:18 Asia/Jakarta] PHP Warning:  Undefined array key "rencana" in D:\nial_app\register-ibs\rekap.php on line 148
[07-Sep-2022 18:45:18 Asia/Jakarta] PHP Warning:  Undefined array key "tindak_lanjut" in D:\nial_app\register-ibs\rekap.php on line 152
[07-Sep-2022 18:45:18 Asia/Jakarta] PHP Warning:  Undefined array key "keterangan" in D:\nial_app\register-ibs\rekap.php on line 156
[07-Sep-2022 18:45:18 Asia/Jakarta] PHP Warning:  Undefined array key "pukul" in D:\nial_app\register-ibs\rekap.php on line 139
[07-Sep-2022 18:45:18 Asia/Jakarta] PHP Warning:  Undefined array key "kegiatan" in D:\nial_app\register-ibs\rekap.php on line 144
[07-Sep-2022 18:45:18 Asia/Jakarta] PHP Warning:  Undefined array key "rencana" in D:\nial_app\register-ibs\rekap.php on line 148
[07-Sep-2022 18:45:18 Asia/Jakarta] PHP Warning:  Undefined array key "tindak_lanjut" in D:\nial_app\register-ibs\rekap.php on line 152
[07-Sep-2022 18:45:18 Asia/Jakarta] PHP Warning:  Undefined array key "keterangan" in D:\nial_app\register-ibs\rekap.php on line 156
[07-Sep-2022 22:06:42 Asia/Jakarta] PHP Warning:  Undefined array key "pukul" in D:\nial_app\register-ibs\rekap.php on line 139
[07-Sep-2022 22:06:42 Asia/Jakarta] PHP Warning:  Undefined array key "kegiatan" in D:\nial_app\register-ibs\rekap.php on line 144
[07-Sep-2022 22:06:42 Asia/Jakarta] PHP Warning:  Undefined array key "rencana" in D:\nial_app\register-ibs\rekap.php on line 148
[07-Sep-2022 22:06:42 Asia/Jakarta] PHP Warning:  Undefined array key "tindak_lanjut" in D:\nial_app\register-ibs\rekap.php on line 152
[07-Sep-2022 22:06:42 Asia/Jakarta] PHP Warning:  Undefined array key "keterangan" in D:\nial_app\register-ibs\rekap.php on line 156
[08-Sep-2022 10:13:17 Asia/Jakarta] PHP Warning:  Undefined array key "pukul" in D:\nial_app\register-ibs\rekap.php on line 139
[08-Sep-2022 10:13:17 Asia/Jakarta] PHP Warning:  Undefined array key "kegiatan" in D:\nial_app\register-ibs\rekap.php on line 144
[08-Sep-2022 10:13:17 Asia/Jakarta] PHP Warning:  Undefined array key "rencana" in D:\nial_app\register-ibs\rekap.php on line 148
[08-Sep-2022 10:13:17 Asia/Jakarta] PHP Warning:  Undefined array key "tindak_lanjut" in D:\nial_app\register-ibs\rekap.php on line 152
[08-Sep-2022 10:13:17 Asia/Jakarta] PHP Warning:  Undefined array key "keterangan" in D:\nial_app\register-ibs\rekap.php on line 156
[08-Sep-2022 10:13:17 Asia/Jakarta] PHP Warning:  Undefined array key "pukul" in D:\nial_app\register-ibs\rekap.php on line 139
[08-Sep-2022 10:13:17 Asia/Jakarta] PHP Warning:  Undefined array key "kegiatan" in D:\nial_app\register-ibs\rekap.php on line 144
[08-Sep-2022 10:13:17 Asia/Jakarta] PHP Warning:  Undefined array key "rencana" in D:\nial_app\register-ibs\rekap.php on line 148
[08-Sep-2022 10:13:17 Asia/Jakarta] PHP Warning:  Undefined array key "tindak_lanjut" in D:\nial_app\register-ibs\rekap.php on line 152
[08-Sep-2022 10:13:17 Asia/Jakarta] PHP Warning:  Undefined array key "keterangan" in D:\nial_app\register-ibs\rekap.php on line 156
[08-Sep-2022 10:13:17 Asia/Jakarta] PHP Warning:  Undefined array key "pukul" in D:\nial_app\register-ibs\rekap.php on line 139
[08-Sep-2022 10:13:17 Asia/Jakarta] PHP Warning:  Undefined array key "kegiatan" in D:\nial_app\register-ibs\rekap.php on line 144
[08-Sep-2022 10:13:17 Asia/Jakarta] PHP Warning:  Undefined array key "rencana" in D:\nial_app\register-ibs\rekap.php on line 148
[08-Sep-2022 10:13:17 Asia/Jakarta] PHP Warning:  Undefined array key "tindak_lanjut" in D:\nial_app\register-ibs\rekap.php on line 152
[08-Sep-2022 10:13:17 Asia/Jakarta] PHP Warning:  Undefined array key "keterangan" in D:\nial_app\register-ibs\rekap.php on line 156
[08-Sep-2022 10:13:17 Asia/Jakarta] PHP Warning:  Undefined array key "pukul" in D:\nial_app\register-ibs\rekap.php on line 139
[08-Sep-2022 10:13:17 Asia/Jakarta] PHP Warning:  Undefined array key "kegiatan" in D:\nial_app\register-ibs\rekap.php on line 144
[08-Sep-2022 10:13:17 Asia/Jakarta] PHP Warning:  Undefined array key "rencana" in D:\nial_app\register-ibs\rekap.php on line 148
[08-Sep-2022 10:13:17 Asia/Jakarta] PHP Warning:  Undefined array key "tindak_lanjut" in D:\nial_app\register-ibs\rekap.php on line 152
[08-Sep-2022 10:13:17 Asia/Jakarta] PHP Warning:  Undefined array key "keterangan" in D:\nial_app\register-ibs\rekap.php on line 156
[08-Sep-2022 10:13:17 Asia/Jakarta] PHP Warning:  Undefined array key "pukul" in D:\nial_app\register-ibs\rekap.php on line 139
[08-Sep-2022 10:13:17 Asia/Jakarta] PHP Warning:  Undefined array key "kegiatan" in D:\nial_app\register-ibs\rekap.php on line 144
[08-Sep-2022 10:13:17 Asia/Jakarta] PHP Warning:  Undefined array key "rencana" in D:\nial_app\register-ibs\rekap.php on line 148
[08-Sep-2022 10:13:17 Asia/Jakarta] PHP Warning:  Undefined array key "tindak_lanjut" in D:\nial_app\register-ibs\rekap.php on line 152
[08-Sep-2022 10:13:17 Asia/Jakarta] PHP Warning:  Undefined array key "keterangan" in D:\nial_app\register-ibs\rekap.php on line 156
[08-Sep-2022 10:20:51 Asia/Jakarta] PHP Warning:  Undefined array key "pukul" in D:\nial_app\register-ibs\rekap.php on line 139
[08-Sep-2022 10:20:51 Asia/Jakarta] PHP Warning:  Undefined array key "kegiatan" in D:\nial_app\register-ibs\rekap.php on line 144
[08-Sep-2022 10:20:51 Asia/Jakarta] PHP Warning:  Undefined array key "rencana" in D:\nial_app\register-ibs\rekap.php on line 148
[08-Sep-2022 10:20:51 Asia/Jakarta] PHP Warning:  Undefined array key "tindak_lanjut" in D:\nial_app\register-ibs\rekap.php on line 152
[08-Sep-2022 10:20:51 Asia/Jakarta] PHP Warning:  Undefined array key "keterangan" in D:\nial_app\register-ibs\rekap.php on line 156
[08-Sep-2022 10:20:51 Asia/Jakarta] PHP Warning:  Undefined array key "pukul" in D:\nial_app\register-ibs\rekap.php on line 139
[08-Sep-2022 10:20:51 Asia/Jakarta] PHP Warning:  Undefined array key "kegiatan" in D:\nial_app\register-ibs\rekap.php on line 144
[08-Sep-2022 10:20:51 Asia/Jakarta] PHP Warning:  Undefined array key "rencana" in D:\nial_app\register-ibs\rekap.php on line 148
[08-Sep-2022 10:20:51 Asia/Jakarta] PHP Warning:  Undefined array key "tindak_lanjut" in D:\nial_app\register-ibs\rekap.php on line 152
[08-Sep-2022 10:20:51 Asia/Jakarta] PHP Warning:  Undefined array key "keterangan" in D:\nial_app\register-ibs\rekap.php on line 156
[08-Sep-2022 10:20:51 Asia/Jakarta] PHP Warning:  Undefined array key "pukul" in D:\nial_app\register-ibs\rekap.php on line 139
[08-Sep-2022 10:20:51 Asia/Jakarta] PHP Warning:  Undefined array key "kegiatan" in D:\nial_app\register-ibs\rekap.php on line 144
[08-Sep-2022 10:20:51 Asia/Jakarta] PHP Warning:  Undefined array key "rencana" in D:\nial_app\register-ibs\rekap.php on line 148
[08-Sep-2022 10:20:51 Asia/Jakarta] PHP Warning:  Undefined array key "tindak_lanjut" in D:\nial_app\register-ibs\rekap.php on line 152
[08-Sep-2022 10:20:51 Asia/Jakarta] PHP Warning:  Undefined array key "keterangan" in D:\nial_app\register-ibs\rekap.php on line 156
[08-Sep-2022 10:20:51 Asia/Jakarta] PHP Warning:  Undefined array key "pukul" in D:\nial_app\register-ibs\rekap.php on line 139
[08-Sep-2022 10:20:51 Asia/Jakarta] PHP Warning:  Undefined array key "kegiatan" in D:\nial_app\register-ibs\rekap.php on line 144
[08-Sep-2022 10:20:51 Asia/Jakarta] PHP Warning:  Undefined array key "rencana" in D:\nial_app\register-ibs\rekap.php on line 148
[08-Sep-2022 10:20:51 Asia/Jakarta] PHP Warning:  Undefined array key "tindak_lanjut" in D:\nial_app\register-ibs\rekap.php on line 152
[08-Sep-2022 10:20:51 Asia/Jakarta] PHP Warning:  Undefined array key "keterangan" in D:\nial_app\register-ibs\rekap.php on line 156
[08-Sep-2022 10:20:51 Asia/Jakarta] PHP Warning:  Undefined array key "pukul" in D:\nial_app\register-ibs\rekap.php on line 139
[08-Sep-2022 10:20:51 Asia/Jakarta] PHP Warning:  Undefined array key "kegiatan" in D:\nial_app\register-ibs\rekap.php on line 144
[08-Sep-2022 10:20:51 Asia/Jakarta] PHP Warning:  Undefined array key "rencana" in D:\nial_app\register-ibs\rekap.php on line 148
[08-Sep-2022 10:20:51 Asia/Jakarta] PHP Warning:  Undefined array key "tindak_lanjut" in D:\nial_app\register-ibs\rekap.php on line 152
[08-Sep-2022 10:20:51 Asia/Jakarta] PHP Warning:  Undefined array key "keterangan" in D:\nial_app\register-ibs\rekap.php on line 156
[08-Sep-2022 10:20:51 Asia/Jakarta] PHP Warning:  Undefined array key "pukul" in D:\nial_app\register-ibs\rekap.php on line 139
[08-Sep-2022 10:20:51 Asia/Jakarta] PHP Warning:  Undefined array key "kegiatan" in D:\nial_app\register-ibs\rekap.php on line 144
[08-Sep-2022 10:20:51 Asia/Jakarta] PHP Warning:  Undefined array key "rencana" in D:\nial_app\register-ibs\rekap.php on line 148
[08-Sep-2022 10:20:51 Asia/Jakarta] PHP Warning:  Undefined array key "tindak_lanjut" in D:\nial_app\register-ibs\rekap.php on line 152
[08-Sep-2022 10:20:51 Asia/Jakarta] PHP Warning:  Undefined array key "keterangan" in D:\nial_app\register-ibs\rekap.php on line 156
[08-Sep-2022 10:20:51 Asia/Jakarta] PHP Warning:  Undefined array key "pukul" in D:\nial_app\register-ibs\rekap.php on line 139
[08-Sep-2022 10:20:51 Asia/Jakarta] PHP Warning:  Undefined array key "kegiatan" in D:\nial_app\register-ibs\rekap.php on line 144
[08-Sep-2022 10:20:51 Asia/Jakarta] PHP Warning:  Undefined array key "rencana" in D:\nial_app\register-ibs\rekap.php on line 148
[08-Sep-2022 10:20:51 Asia/Jakarta] PHP Warning:  Undefined array key "tindak_lanjut" in D:\nial_app\register-ibs\rekap.php on line 152
[08-Sep-2022 10:20:51 Asia/Jakarta] PHP Warning:  Undefined array key "keterangan" in D:\nial_app\register-ibs\rekap.php on line 156
[08-Sep-2022 10:20:51 Asia/Jakarta] PHP Warning:  Undefined array key "pukul" in D:\nial_app\register-ibs\rekap.php on line 139
[08-Sep-2022 10:20:51 Asia/Jakarta] PHP Warning:  Undefined array key "kegiatan" in D:\nial_app\register-ibs\rekap.php on line 144
[08-Sep-2022 10:20:51 Asia/Jakarta] PHP Warning:  Undefined array key "rencana" in D:\nial_app\register-ibs\rekap.php on line 148
[08-Sep-2022 10:20:51 Asia/Jakarta] PHP Warning:  Undefined array key "tindak_lanjut" in D:\nial_app\register-ibs\rekap.php on line 152
[08-Sep-2022 10:20:51 Asia/Jakarta] PHP Warning:  Undefined array key "keterangan" in D:\nial_app\register-ibs\rekap.php on line 156
[08-Sep-2022 10:24:48 Asia/Jakarta] PHP Warning:  Undefined array key "pukul" in D:\nial_app\register-ibs\rekap.php on line 139
[08-Sep-2022 10:24:48 Asia/Jakarta] PHP Warning:  Undefined array key "kegiatan" in D:\nial_app\register-ibs\rekap.php on line 144
[08-Sep-2022 10:24:48 Asia/Jakarta] PHP Warning:  Undefined array key "rencana" in D:\nial_app\register-ibs\rekap.php on line 148
[08-Sep-2022 10:24:48 Asia/Jakarta] PHP Warning:  Undefined array key "tindak_lanjut" in D:\nial_app\register-ibs\rekap.php on line 152
[08-Sep-2022 10:24:48 Asia/Jakarta] PHP Warning:  Undefined array key "keterangan" in D:\nial_app\register-ibs\rekap.php on line 156
[08-Sep-2022 10:24:48 Asia/Jakarta] PHP Warning:  Undefined array key "pukul" in D:\nial_app\register-ibs\rekap.php on line 139
[08-Sep-2022 10:24:48 Asia/Jakarta] PHP Warning:  Undefined array key "kegiatan" in D:\nial_app\register-ibs\rekap.php on line 144
[08-Sep-2022 10:24:48 Asia/Jakarta] PHP Warning:  Undefined array key "rencana" in D:\nial_app\register-ibs\rekap.php on line 148
[08-Sep-2022 10:24:48 Asia/Jakarta] PHP Warning:  Undefined array key "tindak_lanjut" in D:\nial_app\register-ibs\rekap.php on line 152
[08-Sep-2022 10:24:48 Asia/Jakarta] PHP Warning:  Undefined array key "keterangan" in D:\nial_app\register-ibs\rekap.php on line 156
[08-Sep-2022 10:24:48 Asia/Jakarta] PHP Warning:  Undefined array key "pukul" in D:\nial_app\register-ibs\rekap.php on line 139
[08-Sep-2022 10:24:48 Asia/Jakarta] PHP Warning:  Undefined array key "kegiatan" in D:\nial_app\register-ibs\rekap.php on line 144
[08-Sep-2022 10:24:48 Asia/Jakarta] PHP Warning:  Undefined array key "rencana" in D:\nial_app\register-ibs\rekap.php on line 148
[08-Sep-2022 10:24:48 Asia/Jakarta] PHP Warning:  Undefined array key "tindak_lanjut" in D:\nial_app\register-ibs\rekap.php on line 152
[08-Sep-2022 10:24:48 Asia/Jakarta] PHP Warning:  Undefined array key "keterangan" in D:\nial_app\register-ibs\rekap.php on line 156
[08-Sep-2022 10:24:48 Asia/Jakarta] PHP Warning:  Undefined array key "pukul" in D:\nial_app\register-ibs\rekap.php on line 139
[08-Sep-2022 10:24:48 Asia/Jakarta] PHP Warning:  Undefined array key "kegiatan" in D:\nial_app\register-ibs\rekap.php on line 144
[08-Sep-2022 10:24:48 Asia/Jakarta] PHP Warning:  Undefined array key "rencana" in D:\nial_app\register-ibs\rekap.php on line 148
[08-Sep-2022 10:24:48 Asia/Jakarta] PHP Warning:  Undefined array key "tindak_lanjut" in D:\nial_app\register-ibs\rekap.php on line 152
[08-Sep-2022 10:24:48 Asia/Jakarta] PHP Warning:  Undefined array key "keterangan" in D:\nial_app\register-ibs\rekap.php on line 156
[08-Sep-2022 10:24:48 Asia/Jakarta] PHP Warning:  Undefined array key "pukul" in D:\nial_app\register-ibs\rekap.php on line 139
[08-Sep-2022 10:24:48 Asia/Jakarta] PHP Warning:  Undefined array key "kegiatan" in D:\nial_app\register-ibs\rekap.php on line 144
[08-Sep-2022 10:24:48 Asia/Jakarta] PHP Warning:  Undefined array key "rencana" in D:\nial_app\register-ibs\rekap.php on line 148
[08-Sep-2022 10:24:48 Asia/Jakarta] PHP Warning:  Undefined array key "tindak_lanjut" in D:\nial_app\register-ibs\rekap.php on line 152
[08-Sep-2022 10:24:48 Asia/Jakarta] PHP Warning:  Undefined array key "keterangan" in D:\nial_app\register-ibs\rekap.php on line 156
[08-Sep-2022 10:24:48 Asia/Jakarta] PHP Warning:  Undefined array key "pukul" in D:\nial_app\register-ibs\rekap.php on line 139
[08-Sep-2022 10:24:48 Asia/Jakarta] PHP Warning:  Undefined array key "kegiatan" in D:\nial_app\register-ibs\rekap.php on line 144
[08-Sep-2022 10:24:48 Asia/Jakarta] PHP Warning:  Undefined array key "rencana" in D:\nial_app\register-ibs\rekap.php on line 148
[08-Sep-2022 10:24:48 Asia/Jakarta] PHP Warning:  Undefined array key "tindak_lanjut" in D:\nial_app\register-ibs\rekap.php on line 152
[08-Sep-2022 10:24:48 Asia/Jakarta] PHP Warning:  Undefined array key "keterangan" in D:\nial_app\register-ibs\rekap.php on line 156
[08-Sep-2022 10:24:48 Asia/Jakarta] PHP Warning:  Undefined array key "pukul" in D:\nial_app\register-ibs\rekap.php on line 139
[08-Sep-2022 10:24:48 Asia/Jakarta] PHP Warning:  Undefined array key "kegiatan" in D:\nial_app\register-ibs\rekap.php on line 144
[08-Sep-2022 10:24:48 Asia/Jakarta] PHP Warning:  Undefined array key "rencana" in D:\nial_app\register-ibs\rekap.php on line 148
[08-Sep-2022 10:24:48 Asia/Jakarta] PHP Warning:  Undefined array key "tindak_lanjut" in D:\nial_app\register-ibs\rekap.php on line 152
[08-Sep-2022 10:24:48 Asia/Jakarta] PHP Warning:  Undefined array key "keterangan" in D:\nial_app\register-ibs\rekap.php on line 156
[08-Sep-2022 10:24:48 Asia/Jakarta] PHP Warning:  Undefined array key "pukul" in D:\nial_app\register-ibs\rekap.php on line 139
[08-Sep-2022 10:24:48 Asia/Jakarta] PHP Warning:  Undefined array key "kegiatan" in D:\nial_app\register-ibs\rekap.php on line 144
[08-Sep-2022 10:24:48 Asia/Jakarta] PHP Warning:  Undefined array key "rencana" in D:\nial_app\register-ibs\rekap.php on line 148
[08-Sep-2022 10:24:48 Asia/Jakarta] PHP Warning:  Undefined array key "tindak_lanjut" in D:\nial_app\register-ibs\rekap.php on line 152
[08-Sep-2022 10:24:48 Asia/Jakarta] PHP Warning:  Undefined array key "keterangan" in D:\nial_app\register-ibs\rekap.php on line 156
[08-Sep-2022 10:24:48 Asia/Jakarta] PHP Warning:  Undefined array key "pukul" in D:\nial_app\register-ibs\rekap.php on line 139
[08-Sep-2022 10:24:48 Asia/Jakarta] PHP Warning:  Undefined array key "kegiatan" in D:\nial_app\register-ibs\rekap.php on line 144
[08-Sep-2022 10:24:48 Asia/Jakarta] PHP Warning:  Undefined array key "rencana" in D:\nial_app\register-ibs\rekap.php on line 148
[08-Sep-2022 10:24:48 Asia/Jakarta] PHP Warning:  Undefined array key "tindak_lanjut" in D:\nial_app\register-ibs\rekap.php on line 152
[08-Sep-2022 10:24:48 Asia/Jakarta] PHP Warning:  Undefined array key "keterangan" in D:\nial_app\register-ibs\rekap.php on line 156
[08-Sep-2022 10:24:48 Asia/Jakarta] PHP Warning:  Undefined array key "pukul" in D:\nial_app\register-ibs\rekap.php on line 139
[08-Sep-2022 10:24:48 Asia/Jakarta] PHP Warning:  Undefined array key "kegiatan" in D:\nial_app\register-ibs\rekap.php on line 144
[08-Sep-2022 10:24:48 Asia/Jakarta] PHP Warning:  Undefined array key "rencana" in D:\nial_app\register-ibs\rekap.php on line 148
[08-Sep-2022 10:24:48 Asia/Jakarta] PHP Warning:  Undefined array key "tindak_lanjut" in D:\nial_app\register-ibs\rekap.php on line 152
[08-Sep-2022 10:24:48 Asia/Jakarta] PHP Warning:  Undefined array key "keterangan" in D:\nial_app\register-ibs\rekap.php on line 156
[08-Sep-2022 10:24:48 Asia/Jakarta] PHP Warning:  Undefined array key "pukul" in D:\nial_app\register-ibs\rekap.php on line 139
[08-Sep-2022 10:24:48 Asia/Jakarta] PHP Warning:  Undefined array key "kegiatan" in D:\nial_app\register-ibs\rekap.php on line 144
[08-Sep-2022 10:24:48 Asia/Jakarta] PHP Warning:  Undefined array key "rencana" in D:\nial_app\register-ibs\rekap.php on line 148
[08-Sep-2022 10:24:48 Asia/Jakarta] PHP Warning:  Undefined array key "tindak_lanjut" in D:\nial_app\register-ibs\rekap.php on line 152
[08-Sep-2022 10:24:48 Asia/Jakarta] PHP Warning:  Undefined array key "keterangan" in D:\nial_app\register-ibs\rekap.php on line 156
[08-Sep-2022 10:24:48 Asia/Jakarta] PHP Warning:  Undefined array key "pukul" in D:\nial_app\register-ibs\rekap.php on line 139
[08-Sep-2022 10:24:48 Asia/Jakarta] PHP Warning:  Undefined array key "kegiatan" in D:\nial_app\register-ibs\rekap.php on line 144
[08-Sep-2022 10:24:48 Asia/Jakarta] PHP Warning:  Undefined array key "rencana" in D:\nial_app\register-ibs\rekap.php on line 148
[08-Sep-2022 10:24:48 Asia/Jakarta] PHP Warning:  Undefined array key "tindak_lanjut" in D:\nial_app\register-ibs\rekap.php on line 152
[08-Sep-2022 10:24:48 Asia/Jakarta] PHP Warning:  Undefined array key "keterangan" in D:\nial_app\register-ibs\rekap.php on line 156
[08-Sep-2022 10:24:48 Asia/Jakarta] PHP Warning:  Undefined array key "pukul" in D:\nial_app\register-ibs\rekap.php on line 139
[08-Sep-2022 10:24:48 Asia/Jakarta] PHP Warning:  Undefined array key "kegiatan" in D:\nial_app\register-ibs\rekap.php on line 144
[08-Sep-2022 10:24:48 Asia/Jakarta] PHP Warning:  Undefined array key "rencana" in D:\nial_app\register-ibs\rekap.php on line 148
[08-Sep-2022 10:24:48 Asia/Jakarta] PHP Warning:  Undefined array key "tindak_lanjut" in D:\nial_app\register-ibs\rekap.php on line 152
[08-Sep-2022 10:24:48 Asia/Jakarta] PHP Warning:  Undefined array key "keterangan" in D:\nial_app\register-ibs\rekap.php on line 156
[08-Sep-2022 10:24:48 Asia/Jakarta] PHP Warning:  Undefined array key "pukul" in D:\nial_app\register-ibs\rekap.php on line 139
[08-Sep-2022 10:24:48 Asia/Jakarta] PHP Warning:  Undefined array key "kegiatan" in D:\nial_app\register-ibs\rekap.php on line 144
[08-Sep-2022 10:24:48 Asia/Jakarta] PHP Warning:  Undefined array key "rencana" in D:\nial_app\register-ibs\rekap.php on line 148
[08-Sep-2022 10:24:48 Asia/Jakarta] PHP Warning:  Undefined array key "tindak_lanjut" in D:\nial_app\register-ibs\rekap.php on line 152
[08-Sep-2022 10:24:48 Asia/Jakarta] PHP Warning:  Undefined array key "keterangan" in D:\nial_app\register-ibs\rekap.php on line 156
[08-Sep-2022 10:24:48 Asia/Jakarta] PHP Warning:  Undefined array key "pukul" in D:\nial_app\register-ibs\rekap.php on line 139
[08-Sep-2022 10:24:48 Asia/Jakarta] PHP Warning:  Undefined array key "kegiatan" in D:\nial_app\register-ibs\rekap.php on line 144
[08-Sep-2022 10:24:48 Asia/Jakarta] PHP Warning:  Undefined array key "rencana" in D:\nial_app\register-ibs\rekap.php on line 148
[08-Sep-2022 10:24:48 Asia/Jakarta] PHP Warning:  Undefined array key "tindak_lanjut" in D:\nial_app\register-ibs\rekap.php on line 152
[08-Sep-2022 10:24:48 Asia/Jakarta] PHP Warning:  Undefined array key "keterangan" in D:\nial_app\register-ibs\rekap.php on line 156
[08-Sep-2022 10:24:48 Asia/Jakarta] PHP Warning:  Undefined array key "pukul" in D:\nial_app\register-ibs\rekap.php on line 139
[08-Sep-2022 10:24:48 Asia/Jakarta] PHP Warning:  Undefined array key "kegiatan" in D:\nial_app\register-ibs\rekap.php on line 144
[08-Sep-2022 10:24:48 Asia/Jakarta] PHP Warning:  Undefined array key "rencana" in D:\nial_app\register-ibs\rekap.php on line 148
[08-Sep-2022 10:24:48 Asia/Jakarta] PHP Warning:  Undefined array key "tindak_lanjut" in D:\nial_app\register-ibs\rekap.php on line 152
[08-Sep-2022 10:24:48 Asia/Jakarta] PHP Warning:  Undefined array key "keterangan" in D:\nial_app\register-ibs\rekap.php on line 156
[08-Sep-2022 11:21:43 Asia/Jakarta] PHP Warning:  Undefined array key "pukul" in D:\nial_app\register-ibs\rekap.php on line 139
[08-Sep-2022 11:21:43 Asia/Jakarta] PHP Warning:  Undefined array key "kegiatan" in D:\nial_app\register-ibs\rekap.php on line 144
[08-Sep-2022 11:21:43 Asia/Jakarta] PHP Warning:  Undefined array key "rencana" in D:\nial_app\register-ibs\rekap.php on line 148
[08-Sep-2022 11:21:43 Asia/Jakarta] PHP Warning:  Undefined array key "tindak_lanjut" in D:\nial_app\register-ibs\rekap.php on line 152
[08-Sep-2022 11:21:43 Asia/Jakarta] PHP Warning:  Undefined array key "keterangan" in D:\nial_app\register-ibs\rekap.php on line 156
[08-Sep-2022 11:22:16 Asia/Jakarta] PHP Warning:  Undefined array key "pukul" in D:\nial_app\register-ibs\rekap.php on line 139
[08-Sep-2022 11:22:16 Asia/Jakarta] PHP Warning:  Undefined array key "kegiatan" in D:\nial_app\register-ibs\rekap.php on line 144
[08-Sep-2022 11:22:16 Asia/Jakarta] PHP Warning:  Undefined array key "rencana" in D:\nial_app\register-ibs\rekap.php on line 148
[08-Sep-2022 11:22:16 Asia/Jakarta] PHP Warning:  Undefined array key "tindak_lanjut" in D:\nial_app\register-ibs\rekap.php on line 152
[08-Sep-2022 11:22:16 Asia/Jakarta] PHP Warning:  Undefined array key "keterangan" in D:\nial_app\register-ibs\rekap.php on line 156
[08-Sep-2022 11:23:19 Asia/Jakarta] PHP Warning:  Undefined array key "pukul" in D:\nial_app\register-ibs\rekap.php on line 139
[08-Sep-2022 11:23:19 Asia/Jakarta] PHP Warning:  Undefined array key "kegiatan" in D:\nial_app\register-ibs\rekap.php on line 144
[08-Sep-2022 11:23:19 Asia/Jakarta] PHP Warning:  Undefined array key "rencana" in D:\nial_app\register-ibs\rekap.php on line 148
[08-Sep-2022 11:23:19 Asia/Jakarta] PHP Warning:  Undefined array key "tindak_lanjut" in D:\nial_app\register-ibs\rekap.php on line 152
[08-Sep-2022 11:23:19 Asia/Jakarta] PHP Warning:  Undefined array key "keterangan" in D:\nial_app\register-ibs\rekap.php on line 156
[08-Sep-2022 11:23:19 Asia/Jakarta] PHP Warning:  Undefined array key "pukul" in D:\nial_app\register-ibs\rekap.php on line 139
[08-Sep-2022 11:23:19 Asia/Jakarta] PHP Warning:  Undefined array key "kegiatan" in D:\nial_app\register-ibs\rekap.php on line 144
[08-Sep-2022 11:23:19 Asia/Jakarta] PHP Warning:  Undefined array key "rencana" in D:\nial_app\register-ibs\rekap.php on line 148
[08-Sep-2022 11:23:19 Asia/Jakarta] PHP Warning:  Undefined array key "tindak_lanjut" in D:\nial_app\register-ibs\rekap.php on line 152
[08-Sep-2022 11:23:19 Asia/Jakarta] PHP Warning:  Undefined array key "keterangan" in D:\nial_app\register-ibs\rekap.php on line 156
[08-Sep-2022 11:23:19 Asia/Jakarta] PHP Warning:  Undefined array key "pukul" in D:\nial_app\register-ibs\rekap.php on line 139
[08-Sep-2022 11:23:19 Asia/Jakarta] PHP Warning:  Undefined array key "kegiatan" in D:\nial_app\register-ibs\rekap.php on line 144
[08-Sep-2022 11:23:19 Asia/Jakarta] PHP Warning:  Undefined array key "rencana" in D:\nial_app\register-ibs\rekap.php on line 148
[08-Sep-2022 11:23:19 Asia/Jakarta] PHP Warning:  Undefined array key "tindak_lanjut" in D:\nial_app\register-ibs\rekap.php on line 152
[08-Sep-2022 11:23:19 Asia/Jakarta] PHP Warning:  Undefined array key "keterangan" in D:\nial_app\register-ibs\rekap.php on line 156
[08-Sep-2022 11:23:19 Asia/Jakarta] PHP Warning:  Undefined array key "pukul" in D:\nial_app\register-ibs\rekap.php on line 139
[08-Sep-2022 11:23:19 Asia/Jakarta] PHP Warning:  Undefined array key "kegiatan" in D:\nial_app\register-ibs\rekap.php on line 144
[08-Sep-2022 11:23:19 Asia/Jakarta] PHP Warning:  Undefined array key "rencana" in D:\nial_app\register-ibs\rekap.php on line 148
[08-Sep-2022 11:23:19 Asia/Jakarta] PHP Warning:  Undefined array key "tindak_lanjut" in D:\nial_app\register-ibs\rekap.php on line 152
[08-Sep-2022 11:23:19 Asia/Jakarta] PHP Warning:  Undefined array key "keterangan" in D:\nial_app\register-ibs\rekap.php on line 156
[08-Sep-2022 11:23:19 Asia/Jakarta] PHP Warning:  Undefined array key "pukul" in D:\nial_app\register-ibs\rekap.php on line 139
[08-Sep-2022 11:23:19 Asia/Jakarta] PHP Warning:  Undefined array key "kegiatan" in D:\nial_app\register-ibs\rekap.php on line 144
[08-Sep-2022 11:23:19 Asia/Jakarta] PHP Warning:  Undefined array key "rencana" in D:\nial_app\register-ibs\rekap.php on line 148
[08-Sep-2022 11:23:19 Asia/Jakarta] PHP Warning:  Undefined array key "tindak_lanjut" in D:\nial_app\register-ibs\rekap.php on line 152
[08-Sep-2022 11:23:19 Asia/Jakarta] PHP Warning:  Undefined array key "keterangan" in D:\nial_app\register-ibs\rekap.php on line 156
[08-Sep-2022 11:23:19 Asia/Jakarta] PHP Warning:  Undefined array key "pukul" in D:\nial_app\register-ibs\rekap.php on line 139
[08-Sep-2022 11:23:19 Asia/Jakarta] PHP Warning:  Undefined array key "kegiatan" in D:\nial_app\register-ibs\rekap.php on line 144
[08-Sep-2022 11:23:19 Asia/Jakarta] PHP Warning:  Undefined array key "rencana" in D:\nial_app\register-ibs\rekap.php on line 148
[08-Sep-2022 11:23:19 Asia/Jakarta] PHP Warning:  Undefined array key "tindak_lanjut" in D:\nial_app\register-ibs\rekap.php on line 152
[08-Sep-2022 11:23:19 Asia/Jakarta] PHP Warning:  Undefined array key "keterangan" in D:\nial_app\register-ibs\rekap.php on line 156
[08-Sep-2022 11:23:19 Asia/Jakarta] PHP Warning:  Undefined array key "pukul" in D:\nial_app\register-ibs\rekap.php on line 139
[08-Sep-2022 11:23:19 Asia/Jakarta] PHP Warning:  Undefined array key "kegiatan" in D:\nial_app\register-ibs\rekap.php on line 144
[08-Sep-2022 11:23:19 Asia/Jakarta] PHP Warning:  Undefined array key "rencana" in D:\nial_app\register-ibs\rekap.php on line 148
[08-Sep-2022 11:23:19 Asia/Jakarta] PHP Warning:  Undefined array key "tindak_lanjut" in D:\nial_app\register-ibs\rekap.php on line 152
[08-Sep-2022 11:23:19 Asia/Jakarta] PHP Warning:  Undefined array key "keterangan" in D:\nial_app\register-ibs\rekap.php on line 156
[08-Sep-2022 11:23:39 Asia/Jakarta] PHP Warning:  Undefined array key "pukul" in D:\nial_app\register-ibs\rekap.php on line 139
[08-Sep-2022 11:23:39 Asia/Jakarta] PHP Warning:  Undefined array key "kegiatan" in D:\nial_app\register-ibs\rekap.php on line 144
[08-Sep-2022 11:23:39 Asia/Jakarta] PHP Warning:  Undefined array key "rencana" in D:\nial_app\register-ibs\rekap.php on line 148
[08-Sep-2022 11:23:39 Asia/Jakarta] PHP Warning:  Undefined array key "tindak_lanjut" in D:\nial_app\register-ibs\rekap.php on line 152
[08-Sep-2022 11:23:39 Asia/Jakarta] PHP Warning:  Undefined array key "keterangan" in D:\nial_app\register-ibs\rekap.php on line 156
[08-Sep-2022 11:23:39 Asia/Jakarta] PHP Warning:  Undefined array key "pukul" in D:\nial_app\register-ibs\rekap.php on line 139
[08-Sep-2022 11:23:39 Asia/Jakarta] PHP Warning:  Undefined array key "kegiatan" in D:\nial_app\register-ibs\rekap.php on line 144
[08-Sep-2022 11:23:39 Asia/Jakarta] PHP Warning:  Undefined array key "rencana" in D:\nial_app\register-ibs\rekap.php on line 148
[08-Sep-2022 11:23:39 Asia/Jakarta] PHP Warning:  Undefined array key "tindak_lanjut" in D:\nial_app\register-ibs\rekap.php on line 152
[08-Sep-2022 11:23:39 Asia/Jakarta] PHP Warning:  Undefined array key "keterangan" in D:\nial_app\register-ibs\rekap.php on line 156
[08-Sep-2022 11:23:39 Asia/Jakarta] PHP Warning:  Undefined array key "pukul" in D:\nial_app\register-ibs\rekap.php on line 139
[08-Sep-2022 11:23:39 Asia/Jakarta] PHP Warning:  Undefined array key "kegiatan" in D:\nial_app\register-ibs\rekap.php on line 144
[08-Sep-2022 11:23:39 Asia/Jakarta] PHP Warning:  Undefined array key "rencana" in D:\nial_app\register-ibs\rekap.php on line 148
[08-Sep-2022 11:23:39 Asia/Jakarta] PHP Warning:  Undefined array key "tindak_lanjut" in D:\nial_app\register-ibs\rekap.php on line 152
[08-Sep-2022 11:23:39 Asia/Jakarta] PHP Warning:  Undefined array key "keterangan" in D:\nial_app\register-ibs\rekap.php on line 156
[08-Sep-2022 11:23:39 Asia/Jakarta] PHP Warning:  Undefined array key "pukul" in D:\nial_app\register-ibs\rekap.php on line 139
[08-Sep-2022 11:23:39 Asia/Jakarta] PHP Warning:  Undefined array key "kegiatan" in D:\nial_app\register-ibs\rekap.php on line 144
[08-Sep-2022 11:23:39 Asia/Jakarta] PHP Warning:  Undefined array key "rencana" in D:\nial_app\register-ibs\rekap.php on line 148
[08-Sep-2022 11:23:39 Asia/Jakarta] PHP Warning:  Undefined array key "tindak_lanjut" in D:\nial_app\register-ibs\rekap.php on line 152
[08-Sep-2022 11:23:39 Asia/Jakarta] PHP Warning:  Undefined array key "keterangan" in D:\nial_app\register-ibs\rekap.php on line 156
[08-Sep-2022 11:23:39 Asia/Jakarta] PHP Warning:  Undefined array key "pukul" in D:\nial_app\register-ibs\rekap.php on line 139
[08-Sep-2022 11:23:39 Asia/Jakarta] PHP Warning:  Undefined array key "kegiatan" in D:\nial_app\register-ibs\rekap.php on line 144
[08-Sep-2022 11:23:39 Asia/Jakarta] PHP Warning:  Undefined array key "rencana" in D:\nial_app\register-ibs\rekap.php on line 148
[08-Sep-2022 11:23:39 Asia/Jakarta] PHP Warning:  Undefined array key "tindak_lanjut" in D:\nial_app\register-ibs\rekap.php on line 152
[08-Sep-2022 11:23:39 Asia/Jakarta] PHP Warning:  Undefined array key "keterangan" in D:\nial_app\register-ibs\rekap.php on line 156
[08-Sep-2022 11:23:39 Asia/Jakarta] PHP Warning:  Undefined array key "pukul" in D:\nial_app\register-ibs\rekap.php on line 139
[08-Sep-2022 11:23:39 Asia/Jakarta] PHP Warning:  Undefined array key "kegiatan" in D:\nial_app\register-ibs\rekap.php on line 144
[08-Sep-2022 11:23:39 Asia/Jakarta] PHP Warning:  Undefined array key "rencana" in D:\nial_app\register-ibs\rekap.php on line 148
[08-Sep-2022 11:23:39 Asia/Jakarta] PHP Warning:  Undefined array key "tindak_lanjut" in D:\nial_app\register-ibs\rekap.php on line 152
[08-Sep-2022 11:23:39 Asia/Jakarta] PHP Warning:  Undefined array key "keterangan" in D:\nial_app\register-ibs\rekap.php on line 156
[08-Sep-2022 11:23:39 Asia/Jakarta] PHP Warning:  Undefined array key "pukul" in D:\nial_app\register-ibs\rekap.php on line 139
[08-Sep-2022 11:23:39 Asia/Jakarta] PHP Warning:  Undefined array key "kegiatan" in D:\nial_app\register-ibs\rekap.php on line 144
[08-Sep-2022 11:23:39 Asia/Jakarta] PHP Warning:  Undefined array key "rencana" in D:\nial_app\register-ibs\rekap.php on line 148
[08-Sep-2022 11:23:39 Asia/Jakarta] PHP Warning:  Undefined array key "tindak_lanjut" in D:\nial_app\register-ibs\rekap.php on line 152
[08-Sep-2022 11:23:39 Asia/Jakarta] PHP Warning:  Undefined array key "keterangan" in D:\nial_app\register-ibs\rekap.php on line 156
[08-Sep-2022 11:23:39 Asia/Jakarta] PHP Warning:  Undefined array key "pukul" in D:\nial_app\register-ibs\rekap.php on line 139
[08-Sep-2022 11:23:39 Asia/Jakarta] PHP Warning:  Undefined array key "kegiatan" in D:\nial_app\register-ibs\rekap.php on line 144
[08-Sep-2022 11:23:39 Asia/Jakarta] PHP Warning:  Undefined array key "rencana" in D:\nial_app\register-ibs\rekap.php on line 148
[08-Sep-2022 11:23:39 Asia/Jakarta] PHP Warning:  Undefined array key "tindak_lanjut" in D:\nial_app\register-ibs\rekap.php on line 152
[08-Sep-2022 11:23:39 Asia/Jakarta] PHP Warning:  Undefined array key "keterangan" in D:\nial_app\register-ibs\rekap.php on line 156
[08-Sep-2022 11:23:39 Asia/Jakarta] PHP Warning:  Undefined array key "pukul" in D:\nial_app\register-ibs\rekap.php on line 139
[08-Sep-2022 11:23:39 Asia/Jakarta] PHP Warning:  Undefined array key "kegiatan" in D:\nial_app\register-ibs\rekap.php on line 144
[08-Sep-2022 11:23:39 Asia/Jakarta] PHP Warning:  Undefined array key "rencana" in D:\nial_app\register-ibs\rekap.php on line 148
[08-Sep-2022 11:23:39 Asia/Jakarta] PHP Warning:  Undefined array key "tindak_lanjut" in D:\nial_app\register-ibs\rekap.php on line 152
[08-Sep-2022 11:23:39 Asia/Jakarta] PHP Warning:  Undefined array key "keterangan" in D:\nial_app\register-ibs\rekap.php on line 156
[08-Sep-2022 11:23:39 Asia/Jakarta] PHP Warning:  Undefined array key "pukul" in D:\nial_app\register-ibs\rekap.php on line 139
[08-Sep-2022 11:23:39 Asia/Jakarta] PHP Warning:  Undefined array key "kegiatan" in D:\nial_app\register-ibs\rekap.php on line 144
[08-Sep-2022 11:23:39 Asia/Jakarta] PHP Warning:  Undefined array key "rencana" in D:\nial_app\register-ibs\rekap.php on line 148
[08-Sep-2022 11:23:39 Asia/Jakarta] PHP Warning:  Undefined array key "tindak_lanjut" in D:\nial_app\register-ibs\rekap.php on line 152
[08-Sep-2022 11:23:39 Asia/Jakarta] PHP Warning:  Undefined array key "keterangan" in D:\nial_app\register-ibs\rekap.php on line 156
[08-Sep-2022 11:23:39 Asia/Jakarta] PHP Warning:  Undefined array key "pukul" in D:\nial_app\register-ibs\rekap.php on line 139
[08-Sep-2022 11:23:39 Asia/Jakarta] PHP Warning:  Undefined array key "kegiatan" in D:\nial_app\register-ibs\rekap.php on line 144
[08-Sep-2022 11:23:39 Asia/Jakarta] PHP Warning:  Undefined array key "rencana" in D:\nial_app\register-ibs\rekap.php on line 148
[08-Sep-2022 11:23:39 Asia/Jakarta] PHP Warning:  Undefined array key "tindak_lanjut" in D:\nial_app\register-ibs\rekap.php on line 152
[08-Sep-2022 11:23:39 Asia/Jakarta] PHP Warning:  Undefined array key "keterangan" in D:\nial_app\register-ibs\rekap.php on line 156
[08-Sep-2022 11:23:39 Asia/Jakarta] PHP Warning:  Undefined array key "pukul" in D:\nial_app\register-ibs\rekap.php on line 139
[08-Sep-2022 11:23:39 Asia/Jakarta] PHP Warning:  Undefined array key "kegiatan" in D:\nial_app\register-ibs\rekap.php on line 144
[08-Sep-2022 11:23:39 Asia/Jakarta] PHP Warning:  Undefined array key "rencana" in D:\nial_app\register-ibs\rekap.php on line 148
[08-Sep-2022 11:23:39 Asia/Jakarta] PHP Warning:  Undefined array key "tindak_lanjut" in D:\nial_app\register-ibs\rekap.php on line 152
[08-Sep-2022 11:23:39 Asia/Jakarta] PHP Warning:  Undefined array key "keterangan" in D:\nial_app\register-ibs\rekap.php on line 156
[08-Sep-2022 11:23:39 Asia/Jakarta] PHP Warning:  Undefined array key "pukul" in D:\nial_app\register-ibs\rekap.php on line 139
[08-Sep-2022 11:23:39 Asia/Jakarta] PHP Warning:  Undefined array key "kegiatan" in D:\nial_app\register-ibs\rekap.php on line 144
[08-Sep-2022 11:23:39 Asia/Jakarta] PHP Warning:  Undefined array key "rencana" in D:\nial_app\register-ibs\rekap.php on line 148
[08-Sep-2022 11:23:39 Asia/Jakarta] PHP Warning:  Undefined array key "tindak_lanjut" in D:\nial_app\register-ibs\rekap.php on line 152
[08-Sep-2022 11:23:39 Asia/Jakarta] PHP Warning:  Undefined array key "keterangan" in D:\nial_app\register-ibs\rekap.php on line 156
[08-Sep-2022 11:23:39 Asia/Jakarta] PHP Warning:  Undefined array key "pukul" in D:\nial_app\register-ibs\rekap.php on line 139
[08-Sep-2022 11:23:39 Asia/Jakarta] PHP Warning:  Undefined array key "kegiatan" in D:\nial_app\register-ibs\rekap.php on line 144
[08-Sep-2022 11:23:39 Asia/Jakarta] PHP Warning:  Undefined array key "rencana" in D:\nial_app\register-ibs\rekap.php on line 148
[08-Sep-2022 11:23:39 Asia/Jakarta] PHP Warning:  Undefined array key "tindak_lanjut" in D:\nial_app\register-ibs\rekap.php on line 152
[08-Sep-2022 11:23:39 Asia/Jakarta] PHP Warning:  Undefined array key "keterangan" in D:\nial_app\register-ibs\rekap.php on line 156
[08-Sep-2022 11:23:39 Asia/Jakarta] PHP Warning:  Undefined array key "pukul" in D:\nial_app\register-ibs\rekap.php on line 139
[08-Sep-2022 11:23:39 Asia/Jakarta] PHP Warning:  Undefined array key "kegiatan" in D:\nial_app\register-ibs\rekap.php on line 144
[08-Sep-2022 11:23:39 Asia/Jakarta] PHP Warning:  Undefined array key "rencana" in D:\nial_app\register-ibs\rekap.php on line 148
[08-Sep-2022 11:23:39 Asia/Jakarta] PHP Warning:  Undefined array key "tindak_lanjut" in D:\nial_app\register-ibs\rekap.php on line 152
[08-Sep-2022 11:23:39 Asia/Jakarta] PHP Warning:  Undefined array key "keterangan" in D:\nial_app\register-ibs\rekap.php on line 156
[08-Sep-2022 11:23:39 Asia/Jakarta] PHP Warning:  Undefined array key "pukul" in D:\nial_app\register-ibs\rekap.php on line 139
[08-Sep-2022 11:23:39 Asia/Jakarta] PHP Warning:  Undefined array key "kegiatan" in D:\nial_app\register-ibs\rekap.php on line 144
[08-Sep-2022 11:23:39 Asia/Jakarta] PHP Warning:  Undefined array key "rencana" in D:\nial_app\register-ibs\rekap.php on line 148
[08-Sep-2022 11:23:39 Asia/Jakarta] PHP Warning:  Undefined array key "tindak_lanjut" in D:\nial_app\register-ibs\rekap.php on line 152
[08-Sep-2022 11:23:39 Asia/Jakarta] PHP Warning:  Undefined array key "keterangan" in D:\nial_app\register-ibs\rekap.php on line 156
[08-Sep-2022 11:24:13 Asia/Jakarta] PHP Warning:  Undefined array key "pukul" in D:\nial_app\register-ibs\rekap.php on line 139
[08-Sep-2022 11:24:13 Asia/Jakarta] PHP Warning:  Undefined array key "kegiatan" in D:\nial_app\register-ibs\rekap.php on line 144
[08-Sep-2022 11:24:13 Asia/Jakarta] PHP Warning:  Undefined array key "rencana" in D:\nial_app\register-ibs\rekap.php on line 148
[08-Sep-2022 11:24:13 Asia/Jakarta] PHP Warning:  Undefined array key "tindak_lanjut" in D:\nial_app\register-ibs\rekap.php on line 152
[08-Sep-2022 11:24:13 Asia/Jakarta] PHP Warning:  Undefined array key "keterangan" in D:\nial_app\register-ibs\rekap.php on line 156
[08-Sep-2022 11:44:43 Asia/Jakarta] PHP Warning:  Undefined array key "pukul" in D:\nial_app\register-ibs\rekap.php on line 139
[08-Sep-2022 11:44:43 Asia/Jakarta] PHP Warning:  Undefined array key "kegiatan" in D:\nial_app\register-ibs\rekap.php on line 144
[08-Sep-2022 11:44:43 Asia/Jakarta] PHP Warning:  Undefined array key "rencana" in D:\nial_app\register-ibs\rekap.php on line 148
[08-Sep-2022 11:44:43 Asia/Jakarta] PHP Warning:  Undefined array key "tindak_lanjut" in D:\nial_app\register-ibs\rekap.php on line 152
[08-Sep-2022 11:44:43 Asia/Jakarta] PHP Warning:  Undefined array key "keterangan" in D:\nial_app\register-ibs\rekap.php on line 156
[08-Sep-2022 11:44:43 Asia/Jakarta] PHP Warning:  Undefined array key "pukul" in D:\nial_app\register-ibs\rekap.php on line 139
[08-Sep-2022 11:44:43 Asia/Jakarta] PHP Warning:  Undefined array key "kegiatan" in D:\nial_app\register-ibs\rekap.php on line 144
[08-Sep-2022 11:44:43 Asia/Jakarta] PHP Warning:  Undefined array key "rencana" in D:\nial_app\register-ibs\rekap.php on line 148
[08-Sep-2022 11:44:43 Asia/Jakarta] PHP Warning:  Undefined array key "tindak_lanjut" in D:\nial_app\register-ibs\rekap.php on line 152
[08-Sep-2022 11:44:43 Asia/Jakarta] PHP Warning:  Undefined array key "keterangan" in D:\nial_app\register-ibs\rekap.php on line 156
[08-Sep-2022 11:44:43 Asia/Jakarta] PHP Warning:  Undefined array key "pukul" in D:\nial_app\register-ibs\rekap.php on line 139
[08-Sep-2022 11:44:43 Asia/Jakarta] PHP Warning:  Undefined array key "kegiatan" in D:\nial_app\register-ibs\rekap.php on line 144
[08-Sep-2022 11:44:43 Asia/Jakarta] PHP Warning:  Undefined array key "rencana" in D:\nial_app\register-ibs\rekap.php on line 148
[08-Sep-2022 11:44:43 Asia/Jakarta] PHP Warning:  Undefined array key "tindak_lanjut" in D:\nial_app\register-ibs\rekap.php on line 152
[08-Sep-2022 11:44:43 Asia/Jakarta] PHP Warning:  Undefined array key "keterangan" in D:\nial_app\register-ibs\rekap.php on line 156
[08-Sep-2022 12:01:07 Asia/Jakarta] PHP Warning:  Undefined array key "pukul" in D:\nial_app\register-ibs\rekap.php on line 139
[08-Sep-2022 12:01:07 Asia/Jakarta] PHP Warning:  Undefined array key "kegiatan" in D:\nial_app\register-ibs\rekap.php on line 144
[08-Sep-2022 12:01:07 Asia/Jakarta] PHP Warning:  Undefined array key "rencana" in D:\nial_app\register-ibs\rekap.php on line 148
[08-Sep-2022 12:01:07 Asia/Jakarta] PHP Warning:  Undefined array key "tindak_lanjut" in D:\nial_app\register-ibs\rekap.php on line 152
[08-Sep-2022 12:01:07 Asia/Jakarta] PHP Warning:  Undefined array key "keterangan" in D:\nial_app\register-ibs\rekap.php on line 156
[08-Sep-2022 12:01:07 Asia/Jakarta] PHP Warning:  Undefined array key "pukul" in D:\nial_app\register-ibs\rekap.php on line 139
[08-Sep-2022 12:01:07 Asia/Jakarta] PHP Warning:  Undefined array key "kegiatan" in D:\nial_app\register-ibs\rekap.php on line 144
[08-Sep-2022 12:01:07 Asia/Jakarta] PHP Warning:  Undefined array key "rencana" in D:\nial_app\register-ibs\rekap.php on line 148
[08-Sep-2022 12:01:07 Asia/Jakarta] PHP Warning:  Undefined array key "tindak_lanjut" in D:\nial_app\register-ibs\rekap.php on line 152
[08-Sep-2022 12:01:07 Asia/Jakarta] PHP Warning:  Undefined array key "keterangan" in D:\nial_app\register-ibs\rekap.php on line 156
[08-Sep-2022 12:01:07 Asia/Jakarta] PHP Warning:  Undefined array key "pukul" in D:\nial_app\register-ibs\rekap.php on line 139
[08-Sep-2022 12:01:07 Asia/Jakarta] PHP Warning:  Undefined array key "kegiatan" in D:\nial_app\register-ibs\rekap.php on line 144
[08-Sep-2022 12:01:07 Asia/Jakarta] PHP Warning:  Undefined array key "rencana" in D:\nial_app\register-ibs\rekap.php on line 148
[08-Sep-2022 12:01:07 Asia/Jakarta] PHP Warning:  Undefined array key "tindak_lanjut" in D:\nial_app\register-ibs\rekap.php on line 152
[08-Sep-2022 12:01:07 Asia/Jakarta] PHP Warning:  Undefined array key "keterangan" in D:\nial_app\register-ibs\rekap.php on line 156
[08-Sep-2022 12:01:07 Asia/Jakarta] PHP Warning:  Undefined array key "pukul" in D:\nial_app\register-ibs\rekap.php on line 139
[08-Sep-2022 12:01:07 Asia/Jakarta] PHP Warning:  Undefined array key "kegiatan" in D:\nial_app\register-ibs\rekap.php on line 144
[08-Sep-2022 12:01:07 Asia/Jakarta] PHP Warning:  Undefined array key "rencana" in D:\nial_app\register-ibs\rekap.php on line 148
[08-Sep-2022 12:01:07 Asia/Jakarta] PHP Warning:  Undefined array key "tindak_lanjut" in D:\nial_app\register-ibs\rekap.php on line 152
[08-Sep-2022 12:01:07 Asia/Jakarta] PHP Warning:  Undefined array key "keterangan" in D:\nial_app\register-ibs\rekap.php on line 156
[08-Sep-2022 12:01:07 Asia/Jakarta] PHP Warning:  Undefined array key "pukul" in D:\nial_app\register-ibs\rekap.php on line 139
[08-Sep-2022 12:01:07 Asia/Jakarta] PHP Warning:  Undefined array key "kegiatan" in D:\nial_app\register-ibs\rekap.php on line 144
[08-Sep-2022 12:01:07 Asia/Jakarta] PHP Warning:  Undefined array key "rencana" in D:\nial_app\register-ibs\rekap.php on line 148
[08-Sep-2022 12:01:07 Asia/Jakarta] PHP Warning:  Undefined array key "tindak_lanjut" in D:\nial_app\register-ibs\rekap.php on line 152
[08-Sep-2022 12:01:07 Asia/Jakarta] PHP Warning:  Undefined array key "keterangan" in D:\nial_app\register-ibs\rekap.php on line 156
[08-Sep-2022 12:19:05 Asia/Jakarta] PHP Warning:  Undefined array key "pukul" in D:\nial_app\register-ibs\rekap.php on line 139
[08-Sep-2022 12:19:05 Asia/Jakarta] PHP Warning:  Undefined array key "kegiatan" in D:\nial_app\register-ibs\rekap.php on line 144
[08-Sep-2022 12:19:05 Asia/Jakarta] PHP Warning:  Undefined array key "rencana" in D:\nial_app\register-ibs\rekap.php on line 148
[08-Sep-2022 12:19:05 Asia/Jakarta] PHP Warning:  Undefined array key "tindak_lanjut" in D:\nial_app\register-ibs\rekap.php on line 152
[08-Sep-2022 12:19:05 Asia/Jakarta] PHP Warning:  Undefined array key "keterangan" in D:\nial_app\register-ibs\rekap.php on line 156
[08-Sep-2022 14:03:19 Asia/Jakarta] PHP Warning:  Undefined array key "pukul" in D:\nial_app\register-ibs\rekap.php on line 139
[08-Sep-2022 14:03:19 Asia/Jakarta] PHP Warning:  Undefined array key "kegiatan" in D:\nial_app\register-ibs\rekap.php on line 144
[08-Sep-2022 14:03:19 Asia/Jakarta] PHP Warning:  Undefined array key "rencana" in D:\nial_app\register-ibs\rekap.php on line 148
[08-Sep-2022 14:03:19 Asia/Jakarta] PHP Warning:  Undefined array key "tindak_lanjut" in D:\nial_app\register-ibs\rekap.php on line 152
[08-Sep-2022 14:03:19 Asia/Jakarta] PHP Warning:  Undefined array key "keterangan" in D:\nial_app\register-ibs\rekap.php on line 156
[08-Sep-2022 14:03:19 Asia/Jakarta] PHP Warning:  Undefined array key "pukul" in D:\nial_app\register-ibs\rekap.php on line 139
[08-Sep-2022 14:03:19 Asia/Jakarta] PHP Warning:  Undefined array key "kegiatan" in D:\nial_app\register-ibs\rekap.php on line 144
[08-Sep-2022 14:03:19 Asia/Jakarta] PHP Warning:  Undefined array key "rencana" in D:\nial_app\register-ibs\rekap.php on line 148
[08-Sep-2022 14:03:19 Asia/Jakarta] PHP Warning:  Undefined array key "tindak_lanjut" in D:\nial_app\register-ibs\rekap.php on line 152
[08-Sep-2022 14:03:19 Asia/Jakarta] PHP Warning:  Undefined array key "keterangan" in D:\nial_app\register-ibs\rekap.php on line 156
[08-Sep-2022 14:03:19 Asia/Jakarta] PHP Warning:  Undefined array key "pukul" in D:\nial_app\register-ibs\rekap.php on line 139
[08-Sep-2022 14:03:19 Asia/Jakarta] PHP Warning:  Undefined array key "kegiatan" in D:\nial_app\register-ibs\rekap.php on line 144
[08-Sep-2022 14:03:19 Asia/Jakarta] PHP Warning:  Undefined array key "rencana" in D:\nial_app\register-ibs\rekap.php on line 148
[08-Sep-2022 14:03:19 Asia/Jakarta] PHP Warning:  Undefined array key "tindak_lanjut" in D:\nial_app\register-ibs\rekap.php on line 152
[08-Sep-2022 14:03:19 Asia/Jakarta] PHP Warning:  Undefined array key "keterangan" in D:\nial_app\register-ibs\rekap.php on line 156
[08-Sep-2022 14:03:19 Asia/Jakarta] PHP Warning:  Undefined array key "pukul" in D:\nial_app\register-ibs\rekap.php on line 139
[08-Sep-2022 14:03:19 Asia/Jakarta] PHP Warning:  Undefined array key "kegiatan" in D:\nial_app\register-ibs\rekap.php on line 144
[08-Sep-2022 14:03:19 Asia/Jakarta] PHP Warning:  Undefined array key "rencana" in D:\nial_app\register-ibs\rekap.php on line 148
[08-Sep-2022 14:03:19 Asia/Jakarta] PHP Warning:  Undefined array key "tindak_lanjut" in D:\nial_app\register-ibs\rekap.php on line 152
[08-Sep-2022 14:03:19 Asia/Jakarta] PHP Warning:  Undefined array key "keterangan" in D:\nial_app\register-ibs\rekap.php on line 156
[08-Sep-2022 14:03:19 Asia/Jakarta] PHP Warning:  Undefined array key "pukul" in D:\nial_app\register-ibs\rekap.php on line 139
[08-Sep-2022 14:03:19 Asia/Jakarta] PHP Warning:  Undefined array key "kegiatan" in D:\nial_app\register-ibs\rekap.php on line 144
[08-Sep-2022 14:03:19 Asia/Jakarta] PHP Warning:  Undefined array key "rencana" in D:\nial_app\register-ibs\rekap.php on line 148
[08-Sep-2022 14:03:19 Asia/Jakarta] PHP Warning:  Undefined array key "tindak_lanjut" in D:\nial_app\register-ibs\rekap.php on line 152
[08-Sep-2022 14:03:19 Asia/Jakarta] PHP Warning:  Undefined array key "keterangan" in D:\nial_app\register-ibs\rekap.php on line 156
[08-Sep-2022 14:03:19 Asia/Jakarta] PHP Warning:  Undefined array key "pukul" in D:\nial_app\register-ibs\rekap.php on line 139
[08-Sep-2022 14:03:19 Asia/Jakarta] PHP Warning:  Undefined array key "kegiatan" in D:\nial_app\register-ibs\rekap.php on line 144
[08-Sep-2022 14:03:19 Asia/Jakarta] PHP Warning:  Undefined array key "rencana" in D:\nial_app\register-ibs\rekap.php on line 148
[08-Sep-2022 14:03:19 Asia/Jakarta] PHP Warning:  Undefined array key "tindak_lanjut" in D:\nial_app\register-ibs\rekap.php on line 152
[08-Sep-2022 14:03:19 Asia/Jakarta] PHP Warning:  Undefined array key "keterangan" in D:\nial_app\register-ibs\rekap.php on line 156
[08-Sep-2022 14:03:19 Asia/Jakarta] PHP Warning:  Undefined array key "pukul" in D:\nial_app\register-ibs\rekap.php on line 139
[08-Sep-2022 14:03:19 Asia/Jakarta] PHP Warning:  Undefined array key "kegiatan" in D:\nial_app\register-ibs\rekap.php on line 144
[08-Sep-2022 14:03:19 Asia/Jakarta] PHP Warning:  Undefined array key "rencana" in D:\nial_app\register-ibs\rekap.php on line 148
[08-Sep-2022 14:03:19 Asia/Jakarta] PHP Warning:  Undefined array key "tindak_lanjut" in D:\nial_app\register-ibs\rekap.php on line 152
[08-Sep-2022 14:03:19 Asia/Jakarta] PHP Warning:  Undefined array key "keterangan" in D:\nial_app\register-ibs\rekap.php on line 156
[08-Sep-2022 14:03:19 Asia/Jakarta] PHP Warning:  Undefined array key "pukul" in D:\nial_app\register-ibs\rekap.php on line 139
[08-Sep-2022 14:03:19 Asia/Jakarta] PHP Warning:  Undefined array key "kegiatan" in D:\nial_app\register-ibs\rekap.php on line 144
[08-Sep-2022 14:03:19 Asia/Jakarta] PHP Warning:  Undefined array key "rencana" in D:\nial_app\register-ibs\rekap.php on line 148
[08-Sep-2022 14:03:19 Asia/Jakarta] PHP Warning:  Undefined array key "tindak_lanjut" in D:\nial_app\register-ibs\rekap.php on line 152
[08-Sep-2022 14:03:19 Asia/Jakarta] PHP Warning:  Undefined array key "keterangan" in D:\nial_app\register-ibs\rekap.php on line 156
[08-Sep-2022 14:03:19 Asia/Jakarta] PHP Warning:  Undefined array key "pukul" in D:\nial_app\register-ibs\rekap.php on line 139
[08-Sep-2022 14:03:19 Asia/Jakarta] PHP Warning:  Undefined array key "kegiatan" in D:\nial_app\register-ibs\rekap.php on line 144
[08-Sep-2022 14:03:19 Asia/Jakarta] PHP Warning:  Undefined array key "rencana" in D:\nial_app\register-ibs\rekap.php on line 148
[08-Sep-2022 14:03:19 Asia/Jakarta] PHP Warning:  Undefined array key "tindak_lanjut" in D:\nial_app\register-ibs\rekap.php on line 152
[08-Sep-2022 14:03:19 Asia/Jakarta] PHP Warning:  Undefined array key "keterangan" in D:\nial_app\register-ibs\rekap.php on line 156
[08-Sep-2022 14:03:19 Asia/Jakarta] PHP Warning:  Undefined array key "pukul" in D:\nial_app\register-ibs\rekap.php on line 139
[08-Sep-2022 14:03:19 Asia/Jakarta] PHP Warning:  Undefined array key "kegiatan" in D:\nial_app\register-ibs\rekap.php on line 144
[08-Sep-2022 14:03:19 Asia/Jakarta] PHP Warning:  Undefined array key "rencana" in D:\nial_app\register-ibs\rekap.php on line 148
[08-Sep-2022 14:03:19 Asia/Jakarta] PHP Warning:  Undefined array key "tindak_lanjut" in D:\nial_app\register-ibs\rekap.php on line 152
[08-Sep-2022 14:03:19 Asia/Jakarta] PHP Warning:  Undefined array key "keterangan" in D:\nial_app\register-ibs\rekap.php on line 156
[08-Sep-2022 14:03:19 Asia/Jakarta] PHP Warning:  Undefined array key "pukul" in D:\nial_app\register-ibs\rekap.php on line 139
[08-Sep-2022 14:03:19 Asia/Jakarta] PHP Warning:  Undefined array key "kegiatan" in D:\nial_app\register-ibs\rekap.php on line 144
[08-Sep-2022 14:03:19 Asia/Jakarta] PHP Warning:  Undefined array key "rencana" in D:\nial_app\register-ibs\rekap.php on line 148
[08-Sep-2022 14:03:19 Asia/Jakarta] PHP Warning:  Undefined array key "tindak_lanjut" in D:\nial_app\register-ibs\rekap.php on line 152
[08-Sep-2022 14:03:19 Asia/Jakarta] PHP Warning:  Undefined array key "keterangan" in D:\nial_app\register-ibs\rekap.php on line 156
[08-Sep-2022 14:03:19 Asia/Jakarta] PHP Warning:  Undefined array key "pukul" in D:\nial_app\register-ibs\rekap.php on line 139
[08-Sep-2022 14:03:19 Asia/Jakarta] PHP Warning:  Undefined array key "kegiatan" in D:\nial_app\register-ibs\rekap.php on line 144
[08-Sep-2022 14:03:19 Asia/Jakarta] PHP Warning:  Undefined array key "rencana" in D:\nial_app\register-ibs\rekap.php on line 148
[08-Sep-2022 14:03:19 Asia/Jakarta] PHP Warning:  Undefined array key "tindak_lanjut" in D:\nial_app\register-ibs\rekap.php on line 152
[08-Sep-2022 14:03:19 Asia/Jakarta] PHP Warning:  Undefined array key "keterangan" in D:\nial_app\register-ibs\rekap.php on line 156
[08-Sep-2022 14:03:19 Asia/Jakarta] PHP Warning:  Undefined array key "pukul" in D:\nial_app\register-ibs\rekap.php on line 139
[08-Sep-2022 14:03:19 Asia/Jakarta] PHP Warning:  Undefined array key "kegiatan" in D:\nial_app\register-ibs\rekap.php on line 144
[08-Sep-2022 14:03:19 Asia/Jakarta] PHP Warning:  Undefined array key "rencana" in D:\nial_app\register-ibs\rekap.php on line 148
[08-Sep-2022 14:03:19 Asia/Jakarta] PHP Warning:  Undefined array key "tindak_lanjut" in D:\nial_app\register-ibs\rekap.php on line 152
[08-Sep-2022 14:03:19 Asia/Jakarta] PHP Warning:  Undefined array key "keterangan" in D:\nial_app\register-ibs\rekap.php on line 156
[08-Sep-2022 14:04:09 Asia/Jakarta] PHP Warning:  Undefined array key "pukul" in D:\nial_app\register-ibs\rekap.php on line 139
[08-Sep-2022 14:04:09 Asia/Jakarta] PHP Warning:  Undefined array key "kegiatan" in D:\nial_app\register-ibs\rekap.php on line 144
[08-Sep-2022 14:04:09 Asia/Jakarta] PHP Warning:  Undefined array key "rencana" in D:\nial_app\register-ibs\rekap.php on line 148
[08-Sep-2022 14:04:09 Asia/Jakarta] PHP Warning:  Undefined array key "tindak_lanjut" in D:\nial_app\register-ibs\rekap.php on line 152
[08-Sep-2022 14:04:09 Asia/Jakarta] PHP Warning:  Undefined array key "keterangan" in D:\nial_app\register-ibs\rekap.php on line 156
[08-Sep-2022 14:04:09 Asia/Jakarta] PHP Warning:  Undefined array key "pukul" in D:\nial_app\register-ibs\rekap.php on line 139
[08-Sep-2022 14:04:09 Asia/Jakarta] PHP Warning:  Undefined array key "kegiatan" in D:\nial_app\register-ibs\rekap.php on line 144
[08-Sep-2022 14:04:09 Asia/Jakarta] PHP Warning:  Undefined array key "rencana" in D:\nial_app\register-ibs\rekap.php on line 148
[08-Sep-2022 14:04:09 Asia/Jakarta] PHP Warning:  Undefined array key "tindak_lanjut" in D:\nial_app\register-ibs\rekap.php on line 152
[08-Sep-2022 14:04:09 Asia/Jakarta] PHP Warning:  Undefined array key "keterangan" in D:\nial_app\register-ibs\rekap.php on line 156
[08-Sep-2022 14:04:09 Asia/Jakarta] PHP Warning:  Undefined array key "pukul" in D:\nial_app\register-ibs\rekap.php on line 139
[08-Sep-2022 14:04:09 Asia/Jakarta] PHP Warning:  Undefined array key "kegiatan" in D:\nial_app\register-ibs\rekap.php on line 144
[08-Sep-2022 14:04:09 Asia/Jakarta] PHP Warning:  Undefined array key "rencana" in D:\nial_app\register-ibs\rekap.php on line 148
[08-Sep-2022 14:04:09 Asia/Jakarta] PHP Warning:  Undefined array key "tindak_lanjut" in D:\nial_app\register-ibs\rekap.php on line 152
[08-Sep-2022 14:04:09 Asia/Jakarta] PHP Warning:  Undefined array key "keterangan" in D:\nial_app\register-ibs\rekap.php on line 156
[08-Sep-2022 14:04:09 Asia/Jakarta] PHP Warning:  Undefined array key "pukul" in D:\nial_app\register-ibs\rekap.php on line 139
[08-Sep-2022 14:04:09 Asia/Jakarta] PHP Warning:  Undefined array key "kegiatan" in D:\nial_app\register-ibs\rekap.php on line 144
[08-Sep-2022 14:04:09 Asia/Jakarta] PHP Warning:  Undefined array key "rencana" in D:\nial_app\register-ibs\rekap.php on line 148
[08-Sep-2022 14:04:09 Asia/Jakarta] PHP Warning:  Undefined array key "tindak_lanjut" in D:\nial_app\register-ibs\rekap.php on line 152
[08-Sep-2022 14:04:09 Asia/Jakarta] PHP Warning:  Undefined array key "keterangan" in D:\nial_app\register-ibs\rekap.php on line 156
[08-Sep-2022 14:04:09 Asia/Jakarta] PHP Warning:  Undefined array key "pukul" in D:\nial_app\register-ibs\rekap.php on line 139
[08-Sep-2022 14:04:09 Asia/Jakarta] PHP Warning:  Undefined array key "kegiatan" in D:\nial_app\register-ibs\rekap.php on line 144
[08-Sep-2022 14:04:09 Asia/Jakarta] PHP Warning:  Undefined array key "rencana" in D:\nial_app\register-ibs\rekap.php on line 148
[08-Sep-2022 14:04:09 Asia/Jakarta] PHP Warning:  Undefined array key "tindak_lanjut" in D:\nial_app\register-ibs\rekap.php on line 152
[08-Sep-2022 14:04:09 Asia/Jakarta] PHP Warning:  Undefined array key "keterangan" in D:\nial_app\register-ibs\rekap.php on line 156
[08-Sep-2022 14:04:09 Asia/Jakarta] PHP Warning:  Undefined array key "pukul" in D:\nial_app\register-ibs\rekap.php on line 139
[08-Sep-2022 14:04:09 Asia/Jakarta] PHP Warning:  Undefined array key "kegiatan" in D:\nial_app\register-ibs\rekap.php on line 144
[08-Sep-2022 14:04:09 Asia/Jakarta] PHP Warning:  Undefined array key "rencana" in D:\nial_app\register-ibs\rekap.php on line 148
[08-Sep-2022 14:04:09 Asia/Jakarta] PHP Warning:  Undefined array key "tindak_lanjut" in D:\nial_app\register-ibs\rekap.php on line 152
[08-Sep-2022 14:04:09 Asia/Jakarta] PHP Warning:  Undefined array key "keterangan" in D:\nial_app\register-ibs\rekap.php on line 156
[08-Sep-2022 14:04:26 Asia/Jakarta] PHP Warning:  Undefined array key "pukul" in D:\nial_app\register-ibs\rekap.php on line 139
[08-Sep-2022 14:04:26 Asia/Jakarta] PHP Warning:  Undefined array key "kegiatan" in D:\nial_app\register-ibs\rekap.php on line 144
[08-Sep-2022 14:04:26 Asia/Jakarta] PHP Warning:  Undefined array key "rencana" in D:\nial_app\register-ibs\rekap.php on line 148
[08-Sep-2022 14:04:26 Asia/Jakarta] PHP Warning:  Undefined array key "tindak_lanjut" in D:\nial_app\register-ibs\rekap.php on line 152
[08-Sep-2022 14:04:26 Asia/Jakarta] PHP Warning:  Undefined array key "keterangan" in D:\nial_app\register-ibs\rekap.php on line 156
[08-Sep-2022 14:04:26 Asia/Jakarta] PHP Warning:  Undefined array key "pukul" in D:\nial_app\register-ibs\rekap.php on line 139
[08-Sep-2022 14:04:26 Asia/Jakarta] PHP Warning:  Undefined array key "kegiatan" in D:\nial_app\register-ibs\rekap.php on line 144
[08-Sep-2022 14:04:26 Asia/Jakarta] PHP Warning:  Undefined array key "rencana" in D:\nial_app\register-ibs\rekap.php on line 148
[08-Sep-2022 14:04:26 Asia/Jakarta] PHP Warning:  Undefined array key "tindak_lanjut" in D:\nial_app\register-ibs\rekap.php on line 152
[08-Sep-2022 14:04:26 Asia/Jakarta] PHP Warning:  Undefined array key "keterangan" in D:\nial_app\register-ibs\rekap.php on line 156
[08-Sep-2022 14:04:26 Asia/Jakarta] PHP Warning:  Undefined array key "pukul" in D:\nial_app\register-ibs\rekap.php on line 139
[08-Sep-2022 14:04:26 Asia/Jakarta] PHP Warning:  Undefined array key "kegiatan" in D:\nial_app\register-ibs\rekap.php on line 144
[08-Sep-2022 14:04:26 Asia/Jakarta] PHP Warning:  Undefined array key "rencana" in D:\nial_app\register-ibs\rekap.php on line 148
[08-Sep-2022 14:04:26 Asia/Jakarta] PHP Warning:  Undefined array key "tindak_lanjut" in D:\nial_app\register-ibs\rekap.php on line 152
[08-Sep-2022 14:04:26 Asia/Jakarta] PHP Warning:  Undefined array key "keterangan" in D:\nial_app\register-ibs\rekap.php on line 156
[08-Sep-2022 14:04:26 Asia/Jakarta] PHP Warning:  Undefined array key "pukul" in D:\nial_app\register-ibs\rekap.php on line 139
[08-Sep-2022 14:04:26 Asia/Jakarta] PHP Warning:  Undefined array key "kegiatan" in D:\nial_app\register-ibs\rekap.php on line 144
[08-Sep-2022 14:04:26 Asia/Jakarta] PHP Warning:  Undefined array key "rencana" in D:\nial_app\register-ibs\rekap.php on line 148
[08-Sep-2022 14:04:26 Asia/Jakarta] PHP Warning:  Undefined array key "tindak_lanjut" in D:\nial_app\register-ibs\rekap.php on line 152
[08-Sep-2022 14:04:26 Asia/Jakarta] PHP Warning:  Undefined array key "keterangan" in D:\nial_app\register-ibs\rekap.php on line 156
[08-Sep-2022 14:04:26 Asia/Jakarta] PHP Warning:  Undefined array key "pukul" in D:\nial_app\register-ibs\rekap.php on line 139
[08-Sep-2022 14:04:26 Asia/Jakarta] PHP Warning:  Undefined array key "kegiatan" in D:\nial_app\register-ibs\rekap.php on line 144
[08-Sep-2022 14:04:26 Asia/Jakarta] PHP Warning:  Undefined array key "rencana" in D:\nial_app\register-ibs\rekap.php on line 148
[08-Sep-2022 14:04:26 Asia/Jakarta] PHP Warning:  Undefined array key "tindak_lanjut" in D:\nial_app\register-ibs\rekap.php on line 152
[08-Sep-2022 14:04:26 Asia/Jakarta] PHP Warning:  Undefined array key "keterangan" in D:\nial_app\register-ibs\rekap.php on line 156
[08-Sep-2022 14:04:26 Asia/Jakarta] PHP Warning:  Undefined array key "pukul" in D:\nial_app\register-ibs\rekap.php on line 139
[08-Sep-2022 14:04:26 Asia/Jakarta] PHP Warning:  Undefined array key "kegiatan" in D:\nial_app\register-ibs\rekap.php on line 144
[08-Sep-2022 14:04:26 Asia/Jakarta] PHP Warning:  Undefined array key "rencana" in D:\nial_app\register-ibs\rekap.php on line 148
[08-Sep-2022 14:04:26 Asia/Jakarta] PHP Warning:  Undefined array key "tindak_lanjut" in D:\nial_app\register-ibs\rekap.php on line 152
[08-Sep-2022 14:04:26 Asia/Jakarta] PHP Warning:  Undefined array key "keterangan" in D:\nial_app\register-ibs\rekap.php on line 156
[08-Sep-2022 14:04:26 Asia/Jakarta] PHP Warning:  Undefined array key "pukul" in D:\nial_app\register-ibs\rekap.php on line 139
[08-Sep-2022 14:04:26 Asia/Jakarta] PHP Warning:  Undefined array key "kegiatan" in D:\nial_app\register-ibs\rekap.php on line 144
[08-Sep-2022 14:04:26 Asia/Jakarta] PHP Warning:  Undefined array key "rencana" in D:\nial_app\register-ibs\rekap.php on line 148
[08-Sep-2022 14:04:26 Asia/Jakarta] PHP Warning:  Undefined array key "tindak_lanjut" in D:\nial_app\register-ibs\rekap.php on line 152
[08-Sep-2022 14:04:26 Asia/Jakarta] PHP Warning:  Undefined array key "keterangan" in D:\nial_app\register-ibs\rekap.php on line 156
[08-Sep-2022 14:04:26 Asia/Jakarta] PHP Warning:  Undefined array key "pukul" in D:\nial_app\register-ibs\rekap.php on line 139
[08-Sep-2022 14:04:26 Asia/Jakarta] PHP Warning:  Undefined array key "kegiatan" in D:\nial_app\register-ibs\rekap.php on line 144
[08-Sep-2022 14:04:26 Asia/Jakarta] PHP Warning:  Undefined array key "rencana" in D:\nial_app\register-ibs\rekap.php on line 148
[08-Sep-2022 14:04:26 Asia/Jakarta] PHP Warning:  Undefined array key "tindak_lanjut" in D:\nial_app\register-ibs\rekap.php on line 152
[08-Sep-2022 14:04:26 Asia/Jakarta] PHP Warning:  Undefined array key "keterangan" in D:\nial_app\register-ibs\rekap.php on line 156
[08-Sep-2022 14:04:26 Asia/Jakarta] PHP Warning:  Undefined array key "pukul" in D:\nial_app\register-ibs\rekap.php on line 139
[08-Sep-2022 14:04:26 Asia/Jakarta] PHP Warning:  Undefined array key "kegiatan" in D:\nial_app\register-ibs\rekap.php on line 144
[08-Sep-2022 14:04:26 Asia/Jakarta] PHP Warning:  Undefined array key "rencana" in D:\nial_app\register-ibs\rekap.php on line 148
[08-Sep-2022 14:04:26 Asia/Jakarta] PHP Warning:  Undefined array key "tindak_lanjut" in D:\nial_app\register-ibs\rekap.php on line 152
[08-Sep-2022 14:04:26 Asia/Jakarta] PHP Warning:  Undefined array key "keterangan" in D:\nial_app\register-ibs\rekap.php on line 156
[08-Sep-2022 14:04:26 Asia/Jakarta] PHP Warning:  Undefined array key "pukul" in D:\nial_app\register-ibs\rekap.php on line 139
[08-Sep-2022 14:04:26 Asia/Jakarta] PHP Warning:  Undefined array key "kegiatan" in D:\nial_app\register-ibs\rekap.php on line 144
[08-Sep-2022 14:04:26 Asia/Jakarta] PHP Warning:  Undefined array key "rencana" in D:\nial_app\register-ibs\rekap.php on line 148
[08-Sep-2022 14:04:26 Asia/Jakarta] PHP Warning:  Undefined array key "tindak_lanjut" in D:\nial_app\register-ibs\rekap.php on line 152
[08-Sep-2022 14:04:26 Asia/Jakarta] PHP Warning:  Undefined array key "keterangan" in D:\nial_app\register-ibs\rekap.php on line 156
[08-Sep-2022 14:04:26 Asia/Jakarta] PHP Warning:  Undefined array key "pukul" in D:\nial_app\register-ibs\rekap.php on line 139
[08-Sep-2022 14:04:26 Asia/Jakarta] PHP Warning:  Undefined array key "kegiatan" in D:\nial_app\register-ibs\rekap.php on line 144
[08-Sep-2022 14:04:26 Asia/Jakarta] PHP Warning:  Undefined array key "rencana" in D:\nial_app\register-ibs\rekap.php on line 148
[08-Sep-2022 14:04:26 Asia/Jakarta] PHP Warning:  Undefined array key "tindak_lanjut" in D:\nial_app\register-ibs\rekap.php on line 152
[08-Sep-2022 14:04:26 Asia/Jakarta] PHP Warning:  Undefined array key "keterangan" in D:\nial_app\register-ibs\rekap.php on line 156
[08-Sep-2022 14:04:26 Asia/Jakarta] PHP Warning:  Undefined array key "pukul" in D:\nial_app\register-ibs\rekap.php on line 139
[08-Sep-2022 14:04:26 Asia/Jakarta] PHP Warning:  Undefined array key "kegiatan" in D:\nial_app\register-ibs\rekap.php on line 144
[08-Sep-2022 14:04:26 Asia/Jakarta] PHP Warning:  Undefined array key "rencana" in D:\nial_app\register-ibs\rekap.php on line 148
[08-Sep-2022 14:04:26 Asia/Jakarta] PHP Warning:  Undefined array key "tindak_lanjut" in D:\nial_app\register-ibs\rekap.php on line 152
[08-Sep-2022 14:04:26 Asia/Jakarta] PHP Warning:  Undefined array key "keterangan" in D:\nial_app\register-ibs\rekap.php on line 156
[08-Sep-2022 14:04:26 Asia/Jakarta] PHP Warning:  Undefined array key "pukul" in D:\nial_app\register-ibs\rekap.php on line 139
[08-Sep-2022 14:04:26 Asia/Jakarta] PHP Warning:  Undefined array key "kegiatan" in D:\nial_app\register-ibs\rekap.php on line 144
[08-Sep-2022 14:04:26 Asia/Jakarta] PHP Warning:  Undefined array key "rencana" in D:\nial_app\register-ibs\rekap.php on line 148
[08-Sep-2022 14:04:26 Asia/Jakarta] PHP Warning:  Undefined array key "tindak_lanjut" in D:\nial_app\register-ibs\rekap.php on line 152
[08-Sep-2022 14:04:26 Asia/Jakarta] PHP Warning:  Undefined array key "keterangan" in D:\nial_app\register-ibs\rekap.php on line 156
[08-Sep-2022 14:04:26 Asia/Jakarta] PHP Warning:  Undefined array key "pukul" in D:\nial_app\register-ibs\rekap.php on line 139
[08-Sep-2022 14:04:26 Asia/Jakarta] PHP Warning:  Undefined array key "kegiatan" in D:\nial_app\register-ibs\rekap.php on line 144
[08-Sep-2022 14:04:26 Asia/Jakarta] PHP Warning:  Undefined array key "rencana" in D:\nial_app\register-ibs\rekap.php on line 148
[08-Sep-2022 14:04:26 Asia/Jakarta] PHP Warning:  Undefined array key "tindak_lanjut" in D:\nial_app\register-ibs\rekap.php on line 152
[08-Sep-2022 14:04:26 Asia/Jakarta] PHP Warning:  Undefined array key "keterangan" in D:\nial_app\register-ibs\rekap.php on line 156
[08-Sep-2022 14:04:26 Asia/Jakarta] PHP Warning:  Undefined array key "pukul" in D:\nial_app\register-ibs\rekap.php on line 139
[08-Sep-2022 14:04:26 Asia/Jakarta] PHP Warning:  Undefined array key "kegiatan" in D:\nial_app\register-ibs\rekap.php on line 144
[08-Sep-2022 14:04:26 Asia/Jakarta] PHP Warning:  Undefined array key "rencana" in D:\nial_app\register-ibs\rekap.php on line 148
[08-Sep-2022 14:04:26 Asia/Jakarta] PHP Warning:  Undefined array key "tindak_lanjut" in D:\nial_app\register-ibs\rekap.php on line 152
[08-Sep-2022 14:04:26 Asia/Jakarta] PHP Warning:  Undefined array key "keterangan" in D:\nial_app\register-ibs\rekap.php on line 156
[08-Sep-2022 14:04:26 Asia/Jakarta] PHP Warning:  Undefined array key "pukul" in D:\nial_app\register-ibs\rekap.php on line 139
[08-Sep-2022 14:04:26 Asia/Jakarta] PHP Warning:  Undefined array key "kegiatan" in D:\nial_app\register-ibs\rekap.php on line 144
[08-Sep-2022 14:04:26 Asia/Jakarta] PHP Warning:  Undefined array key "rencana" in D:\nial_app\register-ibs\rekap.php on line 148
[08-Sep-2022 14:04:26 Asia/Jakarta] PHP Warning:  Undefined array key "tindak_lanjut" in D:\nial_app\register-ibs\rekap.php on line 152
[08-Sep-2022 14:04:26 Asia/Jakarta] PHP Warning:  Undefined array key "keterangan" in D:\nial_app\register-ibs\rekap.php on line 156
[08-Sep-2022 14:04:26 Asia/Jakarta] PHP Warning:  Undefined array key "pukul" in D:\nial_app\register-ibs\rekap.php on line 139
[08-Sep-2022 14:04:26 Asia/Jakarta] PHP Warning:  Undefined array key "kegiatan" in D:\nial_app\register-ibs\rekap.php on line 144
[08-Sep-2022 14:04:26 Asia/Jakarta] PHP Warning:  Undefined array key "rencana" in D:\nial_app\register-ibs\rekap.php on line 148
[08-Sep-2022 14:04:26 Asia/Jakarta] PHP Warning:  Undefined array key "tindak_lanjut" in D:\nial_app\register-ibs\rekap.php on line 152
[08-Sep-2022 14:04:26 Asia/Jakarta] PHP Warning:  Undefined array key "keterangan" in D:\nial_app\register-ibs\rekap.php on line 156
[08-Sep-2022 14:04:26 Asia/Jakarta] PHP Warning:  Undefined array key "pukul" in D:\nial_app\register-ibs\rekap.php on line 139
[08-Sep-2022 14:04:26 Asia/Jakarta] PHP Warning:  Undefined array key "kegiatan" in D:\nial_app\register-ibs\rekap.php on line 144
[08-Sep-2022 14:04:26 Asia/Jakarta] PHP Warning:  Undefined array key "rencana" in D:\nial_app\register-ibs\rekap.php on line 148
[08-Sep-2022 14:04:26 Asia/Jakarta] PHP Warning:  Undefined array key "tindak_lanjut" in D:\nial_app\register-ibs\rekap.php on line 152
[08-Sep-2022 14:04:26 Asia/Jakarta] PHP Warning:  Undefined array key "keterangan" in D:\nial_app\register-ibs\rekap.php on line 156
[08-Sep-2022 14:04:26 Asia/Jakarta] PHP Warning:  Undefined array key "pukul" in D:\nial_app\register-ibs\rekap.php on line 139
[08-Sep-2022 14:04:26 Asia/Jakarta] PHP Warning:  Undefined array key "kegiatan" in D:\nial_app\register-ibs\rekap.php on line 144
[08-Sep-2022 14:04:26 Asia/Jakarta] PHP Warning:  Undefined array key "rencana" in D:\nial_app\register-ibs\rekap.php on line 148
[08-Sep-2022 14:04:26 Asia/Jakarta] PHP Warning:  Undefined array key "tindak_lanjut" in D:\nial_app\register-ibs\rekap.php on line 152
[08-Sep-2022 14:04:26 Asia/Jakarta] PHP Warning:  Undefined array key "keterangan" in D:\nial_app\register-ibs\rekap.php on line 156
[08-Sep-2022 14:04:26 Asia/Jakarta] PHP Warning:  Undefined array key "pukul" in D:\nial_app\register-ibs\rekap.php on line 139
[08-Sep-2022 14:04:26 Asia/Jakarta] PHP Warning:  Undefined array key "kegiatan" in D:\nial_app\register-ibs\rekap.php on line 144
[08-Sep-2022 14:04:26 Asia/Jakarta] PHP Warning:  Undefined array key "rencana" in D:\nial_app\register-ibs\rekap.php on line 148
[08-Sep-2022 14:04:26 Asia/Jakarta] PHP Warning:  Undefined array key "tindak_lanjut" in D:\nial_app\register-ibs\rekap.php on line 152
[08-Sep-2022 14:04:26 Asia/Jakarta] PHP Warning:  Undefined array key "keterangan" in D:\nial_app\register-ibs\rekap.php on line 156
[08-Sep-2022 14:04:26 Asia/Jakarta] PHP Warning:  Undefined array key "pukul" in D:\nial_app\register-ibs\rekap.php on line 139
[08-Sep-2022 14:04:26 Asia/Jakarta] PHP Warning:  Undefined array key "kegiatan" in D:\nial_app\register-ibs\rekap.php on line 144
[08-Sep-2022 14:04:26 Asia/Jakarta] PHP Warning:  Undefined array key "rencana" in D:\nial_app\register-ibs\rekap.php on line 148
[08-Sep-2022 14:04:26 Asia/Jakarta] PHP Warning:  Undefined array key "tindak_lanjut" in D:\nial_app\register-ibs\rekap.php on line 152
[08-Sep-2022 14:04:26 Asia/Jakarta] PHP Warning:  Undefined array key "keterangan" in D:\nial_app\register-ibs\rekap.php on line 156
[08-Sep-2022 14:04:26 Asia/Jakarta] PHP Warning:  Undefined array key "pukul" in D:\nial_app\register-ibs\rekap.php on line 139
[08-Sep-2022 14:04:26 Asia/Jakarta] PHP Warning:  Undefined array key "kegiatan" in D:\nial_app\register-ibs\rekap.php on line 144
[08-Sep-2022 14:04:26 Asia/Jakarta] PHP Warning:  Undefined array key "rencana" in D:\nial_app\register-ibs\rekap.php on line 148
[08-Sep-2022 14:04:26 Asia/Jakarta] PHP Warning:  Undefined array key "tindak_lanjut" in D:\nial_app\register-ibs\rekap.php on line 152
[08-Sep-2022 14:04:26 Asia/Jakarta] PHP Warning:  Undefined array key "keterangan" in D:\nial_app\register-ibs\rekap.php on line 156
[08-Sep-2022 14:04:26 Asia/Jakarta] PHP Warning:  Undefined array key "pukul" in D:\nial_app\register-ibs\rekap.php on line 139
[08-Sep-2022 14:04:26 Asia/Jakarta] PHP Warning:  Undefined array key "kegiatan" in D:\nial_app\register-ibs\rekap.php on line 144
[08-Sep-2022 14:04:26 Asia/Jakarta] PHP Warning:  Undefined array key "rencana" in D:\nial_app\register-ibs\rekap.php on line 148
[08-Sep-2022 14:04:26 Asia/Jakarta] PHP Warning:  Undefined array key "tindak_lanjut" in D:\nial_app\register-ibs\rekap.php on line 152
[08-Sep-2022 14:04:26 Asia/Jakarta] PHP Warning:  Undefined array key "keterangan" in D:\nial_app\register-ibs\rekap.php on line 156
[08-Sep-2022 14:04:26 Asia/Jakarta] PHP Warning:  Undefined array key "pukul" in D:\nial_app\register-ibs\rekap.php on line 139
[08-Sep-2022 14:04:26 Asia/Jakarta] PHP Warning:  Undefined array key "kegiatan" in D:\nial_app\register-ibs\rekap.php on line 144
[08-Sep-2022 14:04:26 Asia/Jakarta] PHP Warning:  Undefined array key "rencana" in D:\nial_app\register-ibs\rekap.php on line 148
[08-Sep-2022 14:04:26 Asia/Jakarta] PHP Warning:  Undefined array key "tindak_lanjut" in D:\nial_app\register-ibs\rekap.php on line 152
[08-Sep-2022 14:04:26 Asia/Jakarta] PHP Warning:  Undefined array key "keterangan" in D:\nial_app\register-ibs\rekap.php on line 156
[08-Sep-2022 14:04:26 Asia/Jakarta] PHP Warning:  Undefined array key "pukul" in D:\nial_app\register-ibs\rekap.php on line 139
[08-Sep-2022 14:04:26 Asia/Jakarta] PHP Warning:  Undefined array key "kegiatan" in D:\nial_app\register-ibs\rekap.php on line 144
[08-Sep-2022 14:04:26 Asia/Jakarta] PHP Warning:  Undefined array key "rencana" in D:\nial_app\register-ibs\rekap.php on line 148
[08-Sep-2022 14:04:26 Asia/Jakarta] PHP Warning:  Undefined array key "tindak_lanjut" in D:\nial_app\register-ibs\rekap.php on line 152
[08-Sep-2022 14:04:26 Asia/Jakarta] PHP Warning:  Undefined array key "keterangan" in D:\nial_app\register-ibs\rekap.php on line 156
[08-Sep-2022 14:04:26 Asia/Jakarta] PHP Warning:  Undefined array key "pukul" in D:\nial_app\register-ibs\rekap.php on line 139
[08-Sep-2022 14:04:26 Asia/Jakarta] PHP Warning:  Undefined array key "kegiatan" in D:\nial_app\register-ibs\rekap.php on line 144
[08-Sep-2022 14:04:26 Asia/Jakarta] PHP Warning:  Undefined array key "rencana" in D:\nial_app\register-ibs\rekap.php on line 148
[08-Sep-2022 14:04:26 Asia/Jakarta] PHP Warning:  Undefined array key "tindak_lanjut" in D:\nial_app\register-ibs\rekap.php on line 152
[08-Sep-2022 14:04:26 Asia/Jakarta] PHP Warning:  Undefined array key "keterangan" in D:\nial_app\register-ibs\rekap.php on line 156
[08-Sep-2022 14:04:26 Asia/Jakarta] PHP Warning:  Undefined array key "pukul" in D:\nial_app\register-ibs\rekap.php on line 139
[08-Sep-2022 14:04:26 Asia/Jakarta] PHP Warning:  Undefined array key "kegiatan" in D:\nial_app\register-ibs\rekap.php on line 144
[08-Sep-2022 14:04:26 Asia/Jakarta] PHP Warning:  Undefined array key "rencana" in D:\nial_app\register-ibs\rekap.php on line 148
[08-Sep-2022 14:04:26 Asia/Jakarta] PHP Warning:  Undefined array key "tindak_lanjut" in D:\nial_app\register-ibs\rekap.php on line 152
[08-Sep-2022 14:04:26 Asia/Jakarta] PHP Warning:  Undefined array key "keterangan" in D:\nial_app\register-ibs\rekap.php on line 156
[08-Sep-2022 14:04:26 Asia/Jakarta] PHP Warning:  Undefined array key "pukul" in D:\nial_app\register-ibs\rekap.php on line 139
[08-Sep-2022 14:04:26 Asia/Jakarta] PHP Warning:  Undefined array key "kegiatan" in D:\nial_app\register-ibs\rekap.php on line 144
[08-Sep-2022 14:04:26 Asia/Jakarta] PHP Warning:  Undefined array key "rencana" in D:\nial_app\register-ibs\rekap.php on line 148
[08-Sep-2022 14:04:26 Asia/Jakarta] PHP Warning:  Undefined array key "tindak_lanjut" in D:\nial_app\register-ibs\rekap.php on line 152
[08-Sep-2022 14:04:26 Asia/Jakarta] PHP Warning:  Undefined array key "keterangan" in D:\nial_app\register-ibs\rekap.php on line 156
[08-Sep-2022 14:06:26 Asia/Jakarta] PHP Warning:  Undefined array key "pukul" in D:\nial_app\register-ibs\rekap.php on line 139
[08-Sep-2022 14:06:26 Asia/Jakarta] PHP Warning:  Undefined array key "kegiatan" in D:\nial_app\register-ibs\rekap.php on line 144
[08-Sep-2022 14:06:26 Asia/Jakarta] PHP Warning:  Undefined array key "rencana" in D:\nial_app\register-ibs\rekap.php on line 148
[08-Sep-2022 14:06:26 Asia/Jakarta] PHP Warning:  Undefined array key "tindak_lanjut" in D:\nial_app\register-ibs\rekap.php on line 152
[08-Sep-2022 14:06:26 Asia/Jakarta] PHP Warning:  Undefined array key "keterangan" in D:\nial_app\register-ibs\rekap.php on line 156
[08-Sep-2022 14:06:26 Asia/Jakarta] PHP Warning:  Undefined array key "pukul" in D:\nial_app\register-ibs\rekap.php on line 139
[08-Sep-2022 14:06:26 Asia/Jakarta] PHP Warning:  Undefined array key "kegiatan" in D:\nial_app\register-ibs\rekap.php on line 144
[08-Sep-2022 14:06:26 Asia/Jakarta] PHP Warning:  Undefined array key "rencana" in D:\nial_app\register-ibs\rekap.php on line 148
[08-Sep-2022 14:06:26 Asia/Jakarta] PHP Warning:  Undefined array key "tindak_lanjut" in D:\nial_app\register-ibs\rekap.php on line 152
[08-Sep-2022 14:06:26 Asia/Jakarta] PHP Warning:  Undefined array key "keterangan" in D:\nial_app\register-ibs\rekap.php on line 156
[08-Sep-2022 14:06:26 Asia/Jakarta] PHP Warning:  Undefined array key "pukul" in D:\nial_app\register-ibs\rekap.php on line 139
[08-Sep-2022 14:06:26 Asia/Jakarta] PHP Warning:  Undefined array key "kegiatan" in D:\nial_app\register-ibs\rekap.php on line 144
[08-Sep-2022 14:06:26 Asia/Jakarta] PHP Warning:  Undefined array key "rencana" in D:\nial_app\register-ibs\rekap.php on line 148
[08-Sep-2022 14:06:26 Asia/Jakarta] PHP Warning:  Undefined array key "tindak_lanjut" in D:\nial_app\register-ibs\rekap.php on line 152
[08-Sep-2022 14:06:26 Asia/Jakarta] PHP Warning:  Undefined array key "keterangan" in D:\nial_app\register-ibs\rekap.php on line 156
[08-Sep-2022 14:06:26 Asia/Jakarta] PHP Warning:  Undefined array key "pukul" in D:\nial_app\register-ibs\rekap.php on line 139
[08-Sep-2022 14:06:26 Asia/Jakarta] PHP Warning:  Undefined array key "kegiatan" in D:\nial_app\register-ibs\rekap.php on line 144
[08-Sep-2022 14:06:26 Asia/Jakarta] PHP Warning:  Undefined array key "rencana" in D:\nial_app\register-ibs\rekap.php on line 148
[08-Sep-2022 14:06:26 Asia/Jakarta] PHP Warning:  Undefined array key "tindak_lanjut" in D:\nial_app\register-ibs\rekap.php on line 152
[08-Sep-2022 14:06:26 Asia/Jakarta] PHP Warning:  Undefined array key "keterangan" in D:\nial_app\register-ibs\rekap.php on line 156
[08-Sep-2022 14:06:26 Asia/Jakarta] PHP Warning:  Undefined array key "pukul" in D:\nial_app\register-ibs\rekap.php on line 139
[08-Sep-2022 14:06:26 Asia/Jakarta] PHP Warning:  Undefined array key "kegiatan" in D:\nial_app\register-ibs\rekap.php on line 144
[08-Sep-2022 14:06:26 Asia/Jakarta] PHP Warning:  Undefined array key "rencana" in D:\nial_app\register-ibs\rekap.php on line 148
[08-Sep-2022 14:06:26 Asia/Jakarta] PHP Warning:  Undefined array key "tindak_lanjut" in D:\nial_app\register-ibs\rekap.php on line 152
[08-Sep-2022 14:06:26 Asia/Jakarta] PHP Warning:  Undefined array key "keterangan" in D:\nial_app\register-ibs\rekap.php on line 156
[08-Sep-2022 14:23:20 Asia/Jakarta] PHP Warning:  Undefined array key "pukul" in D:\nial_app\register-ibs\rekap.php on line 139
[08-Sep-2022 14:23:20 Asia/Jakarta] PHP Warning:  Undefined array key "kegiatan" in D:\nial_app\register-ibs\rekap.php on line 144
[08-Sep-2022 14:23:20 Asia/Jakarta] PHP Warning:  Undefined array key "rencana" in D:\nial_app\register-ibs\rekap.php on line 148
[08-Sep-2022 14:23:20 Asia/Jakarta] PHP Warning:  Undefined array key "tindak_lanjut" in D:\nial_app\register-ibs\rekap.php on line 152
[08-Sep-2022 14:23:20 Asia/Jakarta] PHP Warning:  Undefined array key "keterangan" in D:\nial_app\register-ibs\rekap.php on line 156
[08-Sep-2022 14:31:41 Asia/Jakarta] PHP Warning:  Undefined array key "pukul" in D:\nial_app\register-ibs\rekap.php on line 139
[08-Sep-2022 14:31:41 Asia/Jakarta] PHP Warning:  Undefined array key "kegiatan" in D:\nial_app\register-ibs\rekap.php on line 144
[08-Sep-2022 14:31:41 Asia/Jakarta] PHP Warning:  Undefined array key "rencana" in D:\nial_app\register-ibs\rekap.php on line 148
[08-Sep-2022 14:31:41 Asia/Jakarta] PHP Warning:  Undefined array key "tindak_lanjut" in D:\nial_app\register-ibs\rekap.php on line 152
[08-Sep-2022 14:31:41 Asia/Jakarta] PHP Warning:  Undefined array key "keterangan" in D:\nial_app\register-ibs\rekap.php on line 156
[08-Sep-2022 15:18:07 Asia/Jakarta] PHP Warning:  Undefined array key "pukul" in D:\nial_app\register-ibs\rekap.php on line 139
[08-Sep-2022 15:18:07 Asia/Jakarta] PHP Warning:  Undefined array key "kegiatan" in D:\nial_app\register-ibs\rekap.php on line 144
[08-Sep-2022 15:18:07 Asia/Jakarta] PHP Warning:  Undefined array key "rencana" in D:\nial_app\register-ibs\rekap.php on line 148
[08-Sep-2022 15:18:07 Asia/Jakarta] PHP Warning:  Undefined array key "tindak_lanjut" in D:\nial_app\register-ibs\rekap.php on line 152
[08-Sep-2022 15:18:07 Asia/Jakarta] PHP Warning:  Undefined array key "keterangan" in D:\nial_app\register-ibs\rekap.php on line 156
[08-Sep-2022 15:18:07 Asia/Jakarta] PHP Warning:  Undefined array key "pukul" in D:\nial_app\register-ibs\rekap.php on line 139
[08-Sep-2022 15:18:07 Asia/Jakarta] PHP Warning:  Undefined array key "kegiatan" in D:\nial_app\register-ibs\rekap.php on line 144
[08-Sep-2022 15:18:07 Asia/Jakarta] PHP Warning:  Undefined array key "rencana" in D:\nial_app\register-ibs\rekap.php on line 148
[08-Sep-2022 15:18:07 Asia/Jakarta] PHP Warning:  Undefined array key "tindak_lanjut" in D:\nial_app\register-ibs\rekap.php on line 152
[08-Sep-2022 15:18:07 Asia/Jakarta] PHP Warning:  Undefined array key "keterangan" in D:\nial_app\register-ibs\rekap.php on line 156
[08-Sep-2022 15:18:07 Asia/Jakarta] PHP Warning:  Undefined array key "pukul" in D:\nial_app\register-ibs\rekap.php on line 139
[08-Sep-2022 15:18:07 Asia/Jakarta] PHP Warning:  Undefined array key "kegiatan" in D:\nial_app\register-ibs\rekap.php on line 144
[08-Sep-2022 15:18:07 Asia/Jakarta] PHP Warning:  Undefined array key "rencana" in D:\nial_app\register-ibs\rekap.php on line 148
[08-Sep-2022 15:18:07 Asia/Jakarta] PHP Warning:  Undefined array key "tindak_lanjut" in D:\nial_app\register-ibs\rekap.php on line 152
[08-Sep-2022 15:18:07 Asia/Jakarta] PHP Warning:  Undefined array key "keterangan" in D:\nial_app\register-ibs\rekap.php on line 156
[08-Sep-2022 15:18:07 Asia/Jakarta] PHP Warning:  Undefined array key "pukul" in D:\nial_app\register-ibs\rekap.php on line 139
[08-Sep-2022 15:18:07 Asia/Jakarta] PHP Warning:  Undefined array key "kegiatan" in D:\nial_app\register-ibs\rekap.php on line 144
[08-Sep-2022 15:18:07 Asia/Jakarta] PHP Warning:  Undefined array key "rencana" in D:\nial_app\register-ibs\rekap.php on line 148
[08-Sep-2022 15:18:07 Asia/Jakarta] PHP Warning:  Undefined array key "tindak_lanjut" in D:\nial_app\register-ibs\rekap.php on line 152
[08-Sep-2022 15:18:07 Asia/Jakarta] PHP Warning:  Undefined array key "keterangan" in D:\nial_app\register-ibs\rekap.php on line 156
[08-Sep-2022 15:18:07 Asia/Jakarta] PHP Warning:  Undefined array key "pukul" in D:\nial_app\register-ibs\rekap.php on line 139
[08-Sep-2022 15:18:07 Asia/Jakarta] PHP Warning:  Undefined array key "kegiatan" in D:\nial_app\register-ibs\rekap.php on line 144
[08-Sep-2022 15:18:07 Asia/Jakarta] PHP Warning:  Undefined array key "rencana" in D:\nial_app\register-ibs\rekap.php on line 148
[08-Sep-2022 15:18:07 Asia/Jakarta] PHP Warning:  Undefined array key "tindak_lanjut" in D:\nial_app\register-ibs\rekap.php on line 152
[08-Sep-2022 15:18:07 Asia/Jakarta] PHP Warning:  Undefined array key "keterangan" in D:\nial_app\register-ibs\rekap.php on line 156
[08-Sep-2022 15:18:07 Asia/Jakarta] PHP Warning:  Undefined array key "pukul" in D:\nial_app\register-ibs\rekap.php on line 139
[08-Sep-2022 15:18:07 Asia/Jakarta] PHP Warning:  Undefined array key "kegiatan" in D:\nial_app\register-ibs\rekap.php on line 144
[08-Sep-2022 15:18:07 Asia/Jakarta] PHP Warning:  Undefined array key "rencana" in D:\nial_app\register-ibs\rekap.php on line 148
[08-Sep-2022 15:18:07 Asia/Jakarta] PHP Warning:  Undefined array key "tindak_lanjut" in D:\nial_app\register-ibs\rekap.php on line 152
[08-Sep-2022 15:18:07 Asia/Jakarta] PHP Warning:  Undefined array key "keterangan" in D:\nial_app\register-ibs\rekap.php on line 156
[08-Sep-2022 15:18:07 Asia/Jakarta] PHP Warning:  Undefined array key "pukul" in D:\nial_app\register-ibs\rekap.php on line 139
[08-Sep-2022 15:18:07 Asia/Jakarta] PHP Warning:  Undefined array key "kegiatan" in D:\nial_app\register-ibs\rekap.php on line 144
[08-Sep-2022 15:18:07 Asia/Jakarta] PHP Warning:  Undefined array key "rencana" in D:\nial_app\register-ibs\rekap.php on line 148
[08-Sep-2022 15:18:07 Asia/Jakarta] PHP Warning:  Undefined array key "tindak_lanjut" in D:\nial_app\register-ibs\rekap.php on line 152
[08-Sep-2022 15:18:07 Asia/Jakarta] PHP Warning:  Undefined array key "keterangan" in D:\nial_app\register-ibs\rekap.php on line 156
[08-Sep-2022 15:18:07 Asia/Jakarta] PHP Warning:  Undefined array key "pukul" in D:\nial_app\register-ibs\rekap.php on line 139
[08-Sep-2022 15:18:07 Asia/Jakarta] PHP Warning:  Undefined array key "kegiatan" in D:\nial_app\register-ibs\rekap.php on line 144
[08-Sep-2022 15:18:07 Asia/Jakarta] PHP Warning:  Undefined array key "rencana" in D:\nial_app\register-ibs\rekap.php on line 148
[08-Sep-2022 15:18:07 Asia/Jakarta] PHP Warning:  Undefined array key "tindak_lanjut" in D:\nial_app\register-ibs\rekap.php on line 152
[08-Sep-2022 15:18:07 Asia/Jakarta] PHP Warning:  Undefined array key "keterangan" in D:\nial_app\register-ibs\rekap.php on line 156
[09-Sep-2022 12:52:11 Asia/Jakarta] PHP Warning:  Undefined array key "pukul" in D:\nial_app\register-ibs\rekap.php on line 139
[09-Sep-2022 12:52:11 Asia/Jakarta] PHP Warning:  Undefined array key "kegiatan" in D:\nial_app\register-ibs\rekap.php on line 144
[09-Sep-2022 12:52:12 Asia/Jakarta] PHP Warning:  Undefined array key "rencana" in D:\nial_app\register-ibs\rekap.php on line 148
[09-Sep-2022 12:52:12 Asia/Jakarta] PHP Warning:  Undefined array key "tindak_lanjut" in D:\nial_app\register-ibs\rekap.php on line 152
[09-Sep-2022 12:52:12 Asia/Jakarta] PHP Warning:  Undefined array key "keterangan" in D:\nial_app\register-ibs\rekap.php on line 156
[09-Sep-2022 12:52:12 Asia/Jakarta] PHP Warning:  Undefined array key "pukul" in D:\nial_app\register-ibs\rekap.php on line 139
[09-Sep-2022 12:52:12 Asia/Jakarta] PHP Warning:  Undefined array key "kegiatan" in D:\nial_app\register-ibs\rekap.php on line 144
[09-Sep-2022 12:52:12 Asia/Jakarta] PHP Warning:  Undefined array key "rencana" in D:\nial_app\register-ibs\rekap.php on line 148
[09-Sep-2022 12:52:12 Asia/Jakarta] PHP Warning:  Undefined array key "tindak_lanjut" in D:\nial_app\register-ibs\rekap.php on line 152
[09-Sep-2022 12:52:12 Asia/Jakarta] PHP Warning:  Undefined array key "keterangan" in D:\nial_app\register-ibs\rekap.php on line 156
[09-Sep-2022 12:52:12 Asia/Jakarta] PHP Warning:  Undefined array key "pukul" in D:\nial_app\register-ibs\rekap.php on line 139
[09-Sep-2022 12:52:12 Asia/Jakarta] PHP Warning:  Undefined array key "kegiatan" in D:\nial_app\register-ibs\rekap.php on line 144
[09-Sep-2022 12:52:12 Asia/Jakarta] PHP Warning:  Undefined array key "rencana" in D:\nial_app\register-ibs\rekap.php on line 148
[09-Sep-2022 12:52:12 Asia/Jakarta] PHP Warning:  Undefined array key "tindak_lanjut" in D:\nial_app\register-ibs\rekap.php on line 152
[09-Sep-2022 12:52:12 Asia/Jakarta] PHP Warning:  Undefined array key "keterangan" in D:\nial_app\register-ibs\rekap.php on line 156
[09-Sep-2022 12:52:12 Asia/Jakarta] PHP Warning:  Undefined array key "pukul" in D:\nial_app\register-ibs\rekap.php on line 139
[09-Sep-2022 12:52:12 Asia/Jakarta] PHP Warning:  Undefined array key "kegiatan" in D:\nial_app\register-ibs\rekap.php on line 144
[09-Sep-2022 12:52:12 Asia/Jakarta] PHP Warning:  Undefined array key "rencana" in D:\nial_app\register-ibs\rekap.php on line 148
[09-Sep-2022 12:52:12 Asia/Jakarta] PHP Warning:  Undefined array key "tindak_lanjut" in D:\nial_app\register-ibs\rekap.php on line 152
[09-Sep-2022 12:52:12 Asia/Jakarta] PHP Warning:  Undefined array key "keterangan" in D:\nial_app\register-ibs\rekap.php on line 156
[09-Sep-2022 12:52:12 Asia/Jakarta] PHP Warning:  Undefined array key "pukul" in D:\nial_app\register-ibs\rekap.php on line 139
[09-Sep-2022 12:52:12 Asia/Jakarta] PHP Warning:  Undefined array key "kegiatan" in D:\nial_app\register-ibs\rekap.php on line 144
[09-Sep-2022 12:52:12 Asia/Jakarta] PHP Warning:  Undefined array key "rencana" in D:\nial_app\register-ibs\rekap.php on line 148
[09-Sep-2022 12:52:12 Asia/Jakarta] PHP Warning:  Undefined array key "tindak_lanjut" in D:\nial_app\register-ibs\rekap.php on line 152
[09-Sep-2022 12:52:12 Asia/Jakarta] PHP Warning:  Undefined array key "keterangan" in D:\nial_app\register-ibs\rekap.php on line 156
[09-Sep-2022 12:52:12 Asia/Jakarta] PHP Warning:  Undefined array key "pukul" in D:\nial_app\register-ibs\rekap.php on line 139
[09-Sep-2022 12:52:12 Asia/Jakarta] PHP Warning:  Undefined array key "kegiatan" in D:\nial_app\register-ibs\rekap.php on line 144
[09-Sep-2022 12:52:12 Asia/Jakarta] PHP Warning:  Undefined array key "rencana" in D:\nial_app\register-ibs\rekap.php on line 148
[09-Sep-2022 12:52:12 Asia/Jakarta] PHP Warning:  Undefined array key "tindak_lanjut" in D:\nial_app\register-ibs\rekap.php on line 152
[09-Sep-2022 12:52:12 Asia/Jakarta] PHP Warning:  Undefined array key "keterangan" in D:\nial_app\register-ibs\rekap.php on line 156
[09-Sep-2022 12:52:12 Asia/Jakarta] PHP Warning:  Undefined array key "pukul" in D:\nial_app\register-ibs\rekap.php on line 139
[09-Sep-2022 12:52:12 Asia/Jakarta] PHP Warning:  Undefined array key "kegiatan" in D:\nial_app\register-ibs\rekap.php on line 144
[09-Sep-2022 12:52:12 Asia/Jakarta] PHP Warning:  Undefined array key "rencana" in D:\nial_app\register-ibs\rekap.php on line 148
[09-Sep-2022 12:52:12 Asia/Jakarta] PHP Warning:  Undefined array key "tindak_lanjut" in D:\nial_app\register-ibs\rekap.php on line 152
[09-Sep-2022 12:52:12 Asia/Jakarta] PHP Warning:  Undefined array key "keterangan" in D:\nial_app\register-ibs\rekap.php on line 156
[09-Sep-2022 12:52:12 Asia/Jakarta] PHP Warning:  Undefined array key "pukul" in D:\nial_app\register-ibs\rekap.php on line 139
[09-Sep-2022 12:52:12 Asia/Jakarta] PHP Warning:  Undefined array key "kegiatan" in D:\nial_app\register-ibs\rekap.php on line 144
[09-Sep-2022 12:52:12 Asia/Jakarta] PHP Warning:  Undefined array key "rencana" in D:\nial_app\register-ibs\rekap.php on line 148
[09-Sep-2022 12:52:12 Asia/Jakarta] PHP Warning:  Undefined array key "tindak_lanjut" in D:\nial_app\register-ibs\rekap.php on line 152
[09-Sep-2022 12:52:12 Asia/Jakarta] PHP Warning:  Undefined array key "keterangan" in D:\nial_app\register-ibs\rekap.php on line 156
[09-Sep-2022 12:52:12 Asia/Jakarta] PHP Warning:  Undefined array key "pukul" in D:\nial_app\register-ibs\rekap.php on line 139
[09-Sep-2022 12:52:12 Asia/Jakarta] PHP Warning:  Undefined array key "kegiatan" in D:\nial_app\register-ibs\rekap.php on line 144
[09-Sep-2022 12:52:12 Asia/Jakarta] PHP Warning:  Undefined array key "rencana" in D:\nial_app\register-ibs\rekap.php on line 148
[09-Sep-2022 12:52:12 Asia/Jakarta] PHP Warning:  Undefined array key "tindak_lanjut" in D:\nial_app\register-ibs\rekap.php on line 152
[09-Sep-2022 12:52:12 Asia/Jakarta] PHP Warning:  Undefined array key "keterangan" in D:\nial_app\register-ibs\rekap.php on line 156
[09-Sep-2022 12:52:12 Asia/Jakarta] PHP Warning:  Undefined array key "pukul" in D:\nial_app\register-ibs\rekap.php on line 139
[09-Sep-2022 12:52:12 Asia/Jakarta] PHP Warning:  Undefined array key "kegiatan" in D:\nial_app\register-ibs\rekap.php on line 144
[09-Sep-2022 12:52:12 Asia/Jakarta] PHP Warning:  Undefined array key "rencana" in D:\nial_app\register-ibs\rekap.php on line 148
[09-Sep-2022 12:52:12 Asia/Jakarta] PHP Warning:  Undefined array key "tindak_lanjut" in D:\nial_app\register-ibs\rekap.php on line 152
[09-Sep-2022 12:52:12 Asia/Jakarta] PHP Warning:  Undefined array key "keterangan" in D:\nial_app\register-ibs\rekap.php on line 156
[09-Sep-2022 12:52:12 Asia/Jakarta] PHP Warning:  Undefined array key "pukul" in D:\nial_app\register-ibs\rekap.php on line 139
[09-Sep-2022 12:52:12 Asia/Jakarta] PHP Warning:  Undefined array key "kegiatan" in D:\nial_app\register-ibs\rekap.php on line 144
[09-Sep-2022 12:52:12 Asia/Jakarta] PHP Warning:  Undefined array key "rencana" in D:\nial_app\register-ibs\rekap.php on line 148
[09-Sep-2022 12:52:12 Asia/Jakarta] PHP Warning:  Undefined array key "tindak_lanjut" in D:\nial_app\register-ibs\rekap.php on line 152
[09-Sep-2022 12:52:12 Asia/Jakarta] PHP Warning:  Undefined array key "keterangan" in D:\nial_app\register-ibs\rekap.php on line 156
[09-Sep-2022 12:52:12 Asia/Jakarta] PHP Warning:  Undefined array key "pukul" in D:\nial_app\register-ibs\rekap.php on line 139
[09-Sep-2022 12:52:12 Asia/Jakarta] PHP Warning:  Undefined array key "kegiatan" in D:\nial_app\register-ibs\rekap.php on line 144
[09-Sep-2022 12:52:12 Asia/Jakarta] PHP Warning:  Undefined array key "rencana" in D:\nial_app\register-ibs\rekap.php on line 148
[09-Sep-2022 12:52:12 Asia/Jakarta] PHP Warning:  Undefined array key "tindak_lanjut" in D:\nial_app\register-ibs\rekap.php on line 152
[09-Sep-2022 12:52:12 Asia/Jakarta] PHP Warning:  Undefined array key "keterangan" in D:\nial_app\register-ibs\rekap.php on line 156
[09-Sep-2022 12:52:12 Asia/Jakarta] PHP Warning:  Undefined array key "pukul" in D:\nial_app\register-ibs\rekap.php on line 139
[09-Sep-2022 12:52:12 Asia/Jakarta] PHP Warning:  Undefined array key "kegiatan" in D:\nial_app\register-ibs\rekap.php on line 144
[09-Sep-2022 12:52:12 Asia/Jakarta] PHP Warning:  Undefined array key "rencana" in D:\nial_app\register-ibs\rekap.php on line 148
[09-Sep-2022 12:52:12 Asia/Jakarta] PHP Warning:  Undefined array key "tindak_lanjut" in D:\nial_app\register-ibs\rekap.php on line 152
[09-Sep-2022 12:52:12 Asia/Jakarta] PHP Warning:  Undefined array key "keterangan" in D:\nial_app\register-ibs\rekap.php on line 156
[09-Sep-2022 12:52:12 Asia/Jakarta] PHP Warning:  Undefined array key "pukul" in D:\nial_app\register-ibs\rekap.php on line 139
[09-Sep-2022 12:52:12 Asia/Jakarta] PHP Warning:  Undefined array key "kegiatan" in D:\nial_app\register-ibs\rekap.php on line 144
[09-Sep-2022 12:52:12 Asia/Jakarta] PHP Warning:  Undefined array key "rencana" in D:\nial_app\register-ibs\rekap.php on line 148
[09-Sep-2022 12:52:12 Asia/Jakarta] PHP Warning:  Undefined array key "tindak_lanjut" in D:\nial_app\register-ibs\rekap.php on line 152
[09-Sep-2022 12:52:12 Asia/Jakarta] PHP Warning:  Undefined array key "keterangan" in D:\nial_app\register-ibs\rekap.php on line 156
[09-Sep-2022 12:52:12 Asia/Jakarta] PHP Warning:  Undefined array key "pukul" in D:\nial_app\register-ibs\rekap.php on line 139
[09-Sep-2022 12:52:12 Asia/Jakarta] PHP Warning:  Undefined array key "kegiatan" in D:\nial_app\register-ibs\rekap.php on line 144
[09-Sep-2022 12:52:12 Asia/Jakarta] PHP Warning:  Undefined array key "rencana" in D:\nial_app\register-ibs\rekap.php on line 148
[09-Sep-2022 12:52:12 Asia/Jakarta] PHP Warning:  Undefined array key "tindak_lanjut" in D:\nial_app\register-ibs\rekap.php on line 152
[09-Sep-2022 12:52:12 Asia/Jakarta] PHP Warning:  Undefined array key "keterangan" in D:\nial_app\register-ibs\rekap.php on line 156
[09-Sep-2022 12:52:12 Asia/Jakarta] PHP Warning:  Undefined array key "pukul" in D:\nial_app\register-ibs\rekap.php on line 139
[09-Sep-2022 12:52:12 Asia/Jakarta] PHP Warning:  Undefined array key "kegiatan" in D:\nial_app\register-ibs\rekap.php on line 144
[09-Sep-2022 12:52:12 Asia/Jakarta] PHP Warning:  Undefined array key "rencana" in D:\nial_app\register-ibs\rekap.php on line 148
[09-Sep-2022 12:52:12 Asia/Jakarta] PHP Warning:  Undefined array key "tindak_lanjut" in D:\nial_app\register-ibs\rekap.php on line 152
[09-Sep-2022 12:52:12 Asia/Jakarta] PHP Warning:  Undefined array key "keterangan" in D:\nial_app\register-ibs\rekap.php on line 156
[09-Sep-2022 14:48:10 Asia/Jakarta] PHP Warning:  Undefined array key "pukul" in D:\nial_app\register-ibs\rekap.php on line 139
[09-Sep-2022 14:48:10 Asia/Jakarta] PHP Warning:  Undefined array key "kegiatan" in D:\nial_app\register-ibs\rekap.php on line 144
[09-Sep-2022 14:48:10 Asia/Jakarta] PHP Warning:  Undefined array key "rencana" in D:\nial_app\register-ibs\rekap.php on line 148
[09-Sep-2022 14:48:10 Asia/Jakarta] PHP Warning:  Undefined array key "tindak_lanjut" in D:\nial_app\register-ibs\rekap.php on line 152
[09-Sep-2022 14:48:10 Asia/Jakarta] PHP Warning:  Undefined array key "keterangan" in D:\nial_app\register-ibs\rekap.php on line 156
[09-Sep-2022 14:48:10 Asia/Jakarta] PHP Warning:  Undefined array key "pukul" in D:\nial_app\register-ibs\rekap.php on line 139
[09-Sep-2022 14:48:10 Asia/Jakarta] PHP Warning:  Undefined array key "kegiatan" in D:\nial_app\register-ibs\rekap.php on line 144
[09-Sep-2022 14:48:10 Asia/Jakarta] PHP Warning:  Undefined array key "rencana" in D:\nial_app\register-ibs\rekap.php on line 148
[09-Sep-2022 14:48:10 Asia/Jakarta] PHP Warning:  Undefined array key "tindak_lanjut" in D:\nial_app\register-ibs\rekap.php on line 152
[09-Sep-2022 14:48:10 Asia/Jakarta] PHP Warning:  Undefined array key "keterangan" in D:\nial_app\register-ibs\rekap.php on line 156
[09-Sep-2022 14:48:10 Asia/Jakarta] PHP Warning:  Undefined array key "pukul" in D:\nial_app\register-ibs\rekap.php on line 139
[09-Sep-2022 14:48:10 Asia/Jakarta] PHP Warning:  Undefined array key "kegiatan" in D:\nial_app\register-ibs\rekap.php on line 144
[09-Sep-2022 14:48:10 Asia/Jakarta] PHP Warning:  Undefined array key "rencana" in D:\nial_app\register-ibs\rekap.php on line 148
[09-Sep-2022 14:48:10 Asia/Jakarta] PHP Warning:  Undefined array key "tindak_lanjut" in D:\nial_app\register-ibs\rekap.php on line 152
[09-Sep-2022 14:48:10 Asia/Jakarta] PHP Warning:  Undefined array key "keterangan" in D:\nial_app\register-ibs\rekap.php on line 156
[09-Sep-2022 14:48:10 Asia/Jakarta] PHP Warning:  Undefined array key "pukul" in D:\nial_app\register-ibs\rekap.php on line 139
[09-Sep-2022 14:48:10 Asia/Jakarta] PHP Warning:  Undefined array key "kegiatan" in D:\nial_app\register-ibs\rekap.php on line 144
[09-Sep-2022 14:48:10 Asia/Jakarta] PHP Warning:  Undefined array key "rencana" in D:\nial_app\register-ibs\rekap.php on line 148
[09-Sep-2022 14:48:10 Asia/Jakarta] PHP Warning:  Undefined array key "tindak_lanjut" in D:\nial_app\register-ibs\rekap.php on line 152
[09-Sep-2022 14:48:10 Asia/Jakarta] PHP Warning:  Undefined array key "keterangan" in D:\nial_app\register-ibs\rekap.php on line 156
[09-Sep-2022 14:48:10 Asia/Jakarta] PHP Warning:  Undefined array key "pukul" in D:\nial_app\register-ibs\rekap.php on line 139
[09-Sep-2022 14:48:10 Asia/Jakarta] PHP Warning:  Undefined array key "kegiatan" in D:\nial_app\register-ibs\rekap.php on line 144
[09-Sep-2022 14:48:10 Asia/Jakarta] PHP Warning:  Undefined array key "rencana" in D:\nial_app\register-ibs\rekap.php on line 148
[09-Sep-2022 14:48:10 Asia/Jakarta] PHP Warning:  Undefined array key "tindak_lanjut" in D:\nial_app\register-ibs\rekap.php on line 152
[09-Sep-2022 14:48:10 Asia/Jakarta] PHP Warning:  Undefined array key "keterangan" in D:\nial_app\register-ibs\rekap.php on line 156
[09-Sep-2022 14:48:10 Asia/Jakarta] PHP Warning:  Undefined array key "pukul" in D:\nial_app\register-ibs\rekap.php on line 139
[09-Sep-2022 14:48:10 Asia/Jakarta] PHP Warning:  Undefined array key "kegiatan" in D:\nial_app\register-ibs\rekap.php on line 144
[09-Sep-2022 14:48:10 Asia/Jakarta] PHP Warning:  Undefined array key "rencana" in D:\nial_app\register-ibs\rekap.php on line 148
[09-Sep-2022 14:48:10 Asia/Jakarta] PHP Warning:  Undefined array key "tindak_lanjut" in D:\nial_app\register-ibs\rekap.php on line 152
[09-Sep-2022 14:48:10 Asia/Jakarta] PHP Warning:  Undefined array key "keterangan" in D:\nial_app\register-ibs\rekap.php on line 156
[09-Sep-2022 14:48:10 Asia/Jakarta] PHP Warning:  Undefined array key "pukul" in D:\nial_app\register-ibs\rekap.php on line 139
[09-Sep-2022 14:48:10 Asia/Jakarta] PHP Warning:  Undefined array key "kegiatan" in D:\nial_app\register-ibs\rekap.php on line 144
[09-Sep-2022 14:48:10 Asia/Jakarta] PHP Warning:  Undefined array key "rencana" in D:\nial_app\register-ibs\rekap.php on line 148
[09-Sep-2022 14:48:10 Asia/Jakarta] PHP Warning:  Undefined array key "tindak_lanjut" in D:\nial_app\register-ibs\rekap.php on line 152
[09-Sep-2022 14:48:10 Asia/Jakarta] PHP Warning:  Undefined array key "keterangan" in D:\nial_app\register-ibs\rekap.php on line 156
[09-Sep-2022 14:48:10 Asia/Jakarta] PHP Warning:  Undefined array key "pukul" in D:\nial_app\register-ibs\rekap.php on line 139
[09-Sep-2022 14:48:10 Asia/Jakarta] PHP Warning:  Undefined array key "kegiatan" in D:\nial_app\register-ibs\rekap.php on line 144
[09-Sep-2022 14:48:10 Asia/Jakarta] PHP Warning:  Undefined array key "rencana" in D:\nial_app\register-ibs\rekap.php on line 148
[09-Sep-2022 14:48:10 Asia/Jakarta] PHP Warning:  Undefined array key "tindak_lanjut" in D:\nial_app\register-ibs\rekap.php on line 152
[09-Sep-2022 14:48:10 Asia/Jakarta] PHP Warning:  Undefined array key "keterangan" in D:\nial_app\register-ibs\rekap.php on line 156
[09-Sep-2022 14:48:10 Asia/Jakarta] PHP Warning:  Undefined array key "pukul" in D:\nial_app\register-ibs\rekap.php on line 139
[09-Sep-2022 14:48:10 Asia/Jakarta] PHP Warning:  Undefined array key "kegiatan" in D:\nial_app\register-ibs\rekap.php on line 144
[09-Sep-2022 14:48:10 Asia/Jakarta] PHP Warning:  Undefined array key "rencana" in D:\nial_app\register-ibs\rekap.php on line 148
[09-Sep-2022 14:48:10 Asia/Jakarta] PHP Warning:  Undefined array key "tindak_lanjut" in D:\nial_app\register-ibs\rekap.php on line 152
[09-Sep-2022 14:48:10 Asia/Jakarta] PHP Warning:  Undefined array key "keterangan" in D:\nial_app\register-ibs\rekap.php on line 156
[09-Sep-2022 14:48:10 Asia/Jakarta] PHP Warning:  Undefined array key "pukul" in D:\nial_app\register-ibs\rekap.php on line 139
[09-Sep-2022 14:48:10 Asia/Jakarta] PHP Warning:  Undefined array key "kegiatan" in D:\nial_app\register-ibs\rekap.php on line 144
[09-Sep-2022 14:48:10 Asia/Jakarta] PHP Warning:  Undefined array key "rencana" in D:\nial_app\register-ibs\rekap.php on line 148
[09-Sep-2022 14:48:10 Asia/Jakarta] PHP Warning:  Undefined array key "tindak_lanjut" in D:\nial_app\register-ibs\rekap.php on line 152
[09-Sep-2022 14:48:10 Asia/Jakarta] PHP Warning:  Undefined array key "keterangan" in D:\nial_app\register-ibs\rekap.php on line 156
[09-Sep-2022 14:48:10 Asia/Jakarta] PHP Warning:  Undefined array key "pukul" in D:\nial_app\register-ibs\rekap.php on line 139
[09-Sep-2022 14:48:10 Asia/Jakarta] PHP Warning:  Undefined array key "kegiatan" in D:\nial_app\register-ibs\rekap.php on line 144
[09-Sep-2022 14:48:10 Asia/Jakarta] PHP Warning:  Undefined array key "rencana" in D:\nial_app\register-ibs\rekap.php on line 148
[09-Sep-2022 14:48:10 Asia/Jakarta] PHP Warning:  Undefined array key "tindak_lanjut" in D:\nial_app\register-ibs\rekap.php on line 152
[09-Sep-2022 14:48:10 Asia/Jakarta] PHP Warning:  Undefined array key "keterangan" in D:\nial_app\register-ibs\rekap.php on line 156
[09-Sep-2022 14:48:10 Asia/Jakarta] PHP Warning:  Undefined array key "pukul" in D:\nial_app\register-ibs\rekap.php on line 139
[09-Sep-2022 14:48:10 Asia/Jakarta] PHP Warning:  Undefined array key "kegiatan" in D:\nial_app\register-ibs\rekap.php on line 144
[09-Sep-2022 14:48:10 Asia/Jakarta] PHP Warning:  Undefined array key "rencana" in D:\nial_app\register-ibs\rekap.php on line 148
[09-Sep-2022 14:48:10 Asia/Jakarta] PHP Warning:  Undefined array key "tindak_lanjut" in D:\nial_app\register-ibs\rekap.php on line 152
[09-Sep-2022 14:48:10 Asia/Jakarta] PHP Warning:  Undefined array key "keterangan" in D:\nial_app\register-ibs\rekap.php on line 156
[09-Sep-2022 14:48:10 Asia/Jakarta] PHP Warning:  Undefined array key "pukul" in D:\nial_app\register-ibs\rekap.php on line 139
[09-Sep-2022 14:48:10 Asia/Jakarta] PHP Warning:  Undefined array key "kegiatan" in D:\nial_app\register-ibs\rekap.php on line 144
[09-Sep-2022 14:48:10 Asia/Jakarta] PHP Warning:  Undefined array key "rencana" in D:\nial_app\register-ibs\rekap.php on line 148
[09-Sep-2022 14:48:10 Asia/Jakarta] PHP Warning:  Undefined array key "tindak_lanjut" in D:\nial_app\register-ibs\rekap.php on line 152
[09-Sep-2022 14:48:10 Asia/Jakarta] PHP Warning:  Undefined array key "keterangan" in D:\nial_app\register-ibs\rekap.php on line 156
[09-Sep-2022 14:48:10 Asia/Jakarta] PHP Warning:  Undefined array key "pukul" in D:\nial_app\register-ibs\rekap.php on line 139
[09-Sep-2022 14:48:10 Asia/Jakarta] PHP Warning:  Undefined array key "kegiatan" in D:\nial_app\register-ibs\rekap.php on line 144
[09-Sep-2022 14:48:10 Asia/Jakarta] PHP Warning:  Undefined array key "rencana" in D:\nial_app\register-ibs\rekap.php on line 148
[09-Sep-2022 14:48:10 Asia/Jakarta] PHP Warning:  Undefined array key "tindak_lanjut" in D:\nial_app\register-ibs\rekap.php on line 152
[09-Sep-2022 14:48:10 Asia/Jakarta] PHP Warning:  Undefined array key "keterangan" in D:\nial_app\register-ibs\rekap.php on line 156
[09-Sep-2022 14:48:10 Asia/Jakarta] PHP Warning:  Undefined array key "pukul" in D:\nial_app\register-ibs\rekap.php on line 139
[09-Sep-2022 14:48:10 Asia/Jakarta] PHP Warning:  Undefined array key "kegiatan" in D:\nial_app\register-ibs\rekap.php on line 144
[09-Sep-2022 14:48:10 Asia/Jakarta] PHP Warning:  Undefined array key "rencana" in D:\nial_app\register-ibs\rekap.php on line 148
[09-Sep-2022 14:48:10 Asia/Jakarta] PHP Warning:  Undefined array key "tindak_lanjut" in D:\nial_app\register-ibs\rekap.php on line 152
[09-Sep-2022 14:48:10 Asia/Jakarta] PHP Warning:  Undefined array key "keterangan" in D:\nial_app\register-ibs\rekap.php on line 156
[09-Sep-2022 14:48:10 Asia/Jakarta] PHP Warning:  Undefined array key "pukul" in D:\nial_app\register-ibs\rekap.php on line 139
[09-Sep-2022 14:48:10 Asia/Jakarta] PHP Warning:  Undefined array key "kegiatan" in D:\nial_app\register-ibs\rekap.php on line 144
[09-Sep-2022 14:48:10 Asia/Jakarta] PHP Warning:  Undefined array key "rencana" in D:\nial_app\register-ibs\rekap.php on line 148
[09-Sep-2022 14:48:10 Asia/Jakarta] PHP Warning:  Undefined array key "tindak_lanjut" in D:\nial_app\register-ibs\rekap.php on line 152
[09-Sep-2022 14:48:10 Asia/Jakarta] PHP Warning:  Undefined array key "keterangan" in D:\nial_app\register-ibs\rekap.php on line 156
[09-Sep-2022 14:48:10 Asia/Jakarta] PHP Warning:  Undefined array key "pukul" in D:\nial_app\register-ibs\rekap.php on line 139
[09-Sep-2022 14:48:10 Asia/Jakarta] PHP Warning:  Undefined array key "kegiatan" in D:\nial_app\register-ibs\rekap.php on line 144
[09-Sep-2022 14:48:10 Asia/Jakarta] PHP Warning:  Undefined array key "rencana" in D:\nial_app\register-ibs\rekap.php on line 148
[09-Sep-2022 14:48:10 Asia/Jakarta] PHP Warning:  Undefined array key "tindak_lanjut" in D:\nial_app\register-ibs\rekap.php on line 152
[09-Sep-2022 14:48:10 Asia/Jakarta] PHP Warning:  Undefined array key "keterangan" in D:\nial_app\register-ibs\rekap.php on line 156
[09-Sep-2022 14:48:10 Asia/Jakarta] PHP Warning:  Undefined array key "pukul" in D:\nial_app\register-ibs\rekap.php on line 139
[09-Sep-2022 14:48:10 Asia/Jakarta] PHP Warning:  Undefined array key "kegiatan" in D:\nial_app\register-ibs\rekap.php on line 144
[09-Sep-2022 14:48:10 Asia/Jakarta] PHP Warning:  Undefined array key "rencana" in D:\nial_app\register-ibs\rekap.php on line 148
[09-Sep-2022 14:48:10 Asia/Jakarta] PHP Warning:  Undefined array key "tindak_lanjut" in D:\nial_app\register-ibs\rekap.php on line 152
[09-Sep-2022 14:48:10 Asia/Jakarta] PHP Warning:  Undefined array key "keterangan" in D:\nial_app\register-ibs\rekap.php on line 156
[09-Sep-2022 14:48:10 Asia/Jakarta] PHP Warning:  Undefined array key "pukul" in D:\nial_app\register-ibs\rekap.php on line 139
[09-Sep-2022 14:48:10 Asia/Jakarta] PHP Warning:  Undefined array key "kegiatan" in D:\nial_app\register-ibs\rekap.php on line 144
[09-Sep-2022 14:48:10 Asia/Jakarta] PHP Warning:  Undefined array key "rencana" in D:\nial_app\register-ibs\rekap.php on line 148
[09-Sep-2022 14:48:10 Asia/Jakarta] PHP Warning:  Undefined array key "tindak_lanjut" in D:\nial_app\register-ibs\rekap.php on line 152
[09-Sep-2022 14:48:10 Asia/Jakarta] PHP Warning:  Undefined array key "keterangan" in D:\nial_app\register-ibs\rekap.php on line 156
[09-Sep-2022 18:18:03 Asia/Jakarta] PHP Warning:  Undefined array key "pukul" in D:\nial_app\register-ibs\rekap.php on line 139
[09-Sep-2022 18:18:03 Asia/Jakarta] PHP Warning:  Undefined array key "kegiatan" in D:\nial_app\register-ibs\rekap.php on line 144
[09-Sep-2022 18:18:03 Asia/Jakarta] PHP Warning:  Undefined array key "rencana" in D:\nial_app\register-ibs\rekap.php on line 148
[09-Sep-2022 18:18:03 Asia/Jakarta] PHP Warning:  Undefined array key "tindak_lanjut" in D:\nial_app\register-ibs\rekap.php on line 152
[09-Sep-2022 18:18:03 Asia/Jakarta] PHP Warning:  Undefined array key "keterangan" in D:\nial_app\register-ibs\rekap.php on line 156
[09-Sep-2022 18:18:03 Asia/Jakarta] PHP Warning:  Undefined array key "pukul" in D:\nial_app\register-ibs\rekap.php on line 139
[09-Sep-2022 18:18:03 Asia/Jakarta] PHP Warning:  Undefined array key "kegiatan" in D:\nial_app\register-ibs\rekap.php on line 144
[09-Sep-2022 18:18:03 Asia/Jakarta] PHP Warning:  Undefined array key "rencana" in D:\nial_app\register-ibs\rekap.php on line 148
[09-Sep-2022 18:18:03 Asia/Jakarta] PHP Warning:  Undefined array key "tindak_lanjut" in D:\nial_app\register-ibs\rekap.php on line 152
[09-Sep-2022 18:18:03 Asia/Jakarta] PHP Warning:  Undefined array key "keterangan" in D:\nial_app\register-ibs\rekap.php on line 156
[09-Sep-2022 18:18:03 Asia/Jakarta] PHP Warning:  Undefined array key "pukul" in D:\nial_app\register-ibs\rekap.php on line 139
[09-Sep-2022 18:18:03 Asia/Jakarta] PHP Warning:  Undefined array key "kegiatan" in D:\nial_app\register-ibs\rekap.php on line 144
[09-Sep-2022 18:18:03 Asia/Jakarta] PHP Warning:  Undefined array key "rencana" in D:\nial_app\register-ibs\rekap.php on line 148
[09-Sep-2022 18:18:03 Asia/Jakarta] PHP Warning:  Undefined array key "tindak_lanjut" in D:\nial_app\register-ibs\rekap.php on line 152
[09-Sep-2022 18:18:03 Asia/Jakarta] PHP Warning:  Undefined array key "keterangan" in D:\nial_app\register-ibs\rekap.php on line 156
[10-Sep-2022 08:37:46 Asia/Jakarta] PHP Warning:  Undefined array key "pukul" in D:\nial_app\register-ibs\rekap.php on line 139
[10-Sep-2022 08:37:46 Asia/Jakarta] PHP Warning:  Undefined array key "kegiatan" in D:\nial_app\register-ibs\rekap.php on line 144
[10-Sep-2022 08:37:46 Asia/Jakarta] PHP Warning:  Undefined array key "rencana" in D:\nial_app\register-ibs\rekap.php on line 148
[10-Sep-2022 08:37:46 Asia/Jakarta] PHP Warning:  Undefined array key "tindak_lanjut" in D:\nial_app\register-ibs\rekap.php on line 152
[10-Sep-2022 08:37:46 Asia/Jakarta] PHP Warning:  Undefined array key "keterangan" in D:\nial_app\register-ibs\rekap.php on line 156
[10-Sep-2022 08:37:46 Asia/Jakarta] PHP Warning:  Undefined array key "pukul" in D:\nial_app\register-ibs\rekap.php on line 139
[10-Sep-2022 08:37:46 Asia/Jakarta] PHP Warning:  Undefined array key "kegiatan" in D:\nial_app\register-ibs\rekap.php on line 144
[10-Sep-2022 08:37:46 Asia/Jakarta] PHP Warning:  Undefined array key "rencana" in D:\nial_app\register-ibs\rekap.php on line 148
[10-Sep-2022 08:37:46 Asia/Jakarta] PHP Warning:  Undefined array key "tindak_lanjut" in D:\nial_app\register-ibs\rekap.php on line 152
[10-Sep-2022 08:37:46 Asia/Jakarta] PHP Warning:  Undefined array key "keterangan" in D:\nial_app\register-ibs\rekap.php on line 156
[10-Sep-2022 08:37:46 Asia/Jakarta] PHP Warning:  Undefined array key "pukul" in D:\nial_app\register-ibs\rekap.php on line 139
[10-Sep-2022 08:37:46 Asia/Jakarta] PHP Warning:  Undefined array key "kegiatan" in D:\nial_app\register-ibs\rekap.php on line 144
[10-Sep-2022 08:37:46 Asia/Jakarta] PHP Warning:  Undefined array key "rencana" in D:\nial_app\register-ibs\rekap.php on line 148
[10-Sep-2022 08:37:46 Asia/Jakarta] PHP Warning:  Undefined array key "tindak_lanjut" in D:\nial_app\register-ibs\rekap.php on line 152
[10-Sep-2022 08:37:46 Asia/Jakarta] PHP Warning:  Undefined array key "keterangan" in D:\nial_app\register-ibs\rekap.php on line 156
[10-Sep-2022 08:37:46 Asia/Jakarta] PHP Warning:  Undefined array key "pukul" in D:\nial_app\register-ibs\rekap.php on line 139
[10-Sep-2022 08:37:46 Asia/Jakarta] PHP Warning:  Undefined array key "kegiatan" in D:\nial_app\register-ibs\rekap.php on line 144
[10-Sep-2022 08:37:46 Asia/Jakarta] PHP Warning:  Undefined array key "rencana" in D:\nial_app\register-ibs\rekap.php on line 148
[10-Sep-2022 08:37:46 Asia/Jakarta] PHP Warning:  Undefined array key "tindak_lanjut" in D:\nial_app\register-ibs\rekap.php on line 152
[10-Sep-2022 08:37:46 Asia/Jakarta] PHP Warning:  Undefined array key "keterangan" in D:\nial_app\register-ibs\rekap.php on line 156
[10-Sep-2022 08:37:46 Asia/Jakarta] PHP Warning:  Undefined array key "pukul" in D:\nial_app\register-ibs\rekap.php on line 139
[10-Sep-2022 08:37:46 Asia/Jakarta] PHP Warning:  Undefined array key "kegiatan" in D:\nial_app\register-ibs\rekap.php on line 144
[10-Sep-2022 08:37:46 Asia/Jakarta] PHP Warning:  Undefined array key "rencana" in D:\nial_app\register-ibs\rekap.php on line 148
[10-Sep-2022 08:37:46 Asia/Jakarta] PHP Warning:  Undefined array key "tindak_lanjut" in D:\nial_app\register-ibs\rekap.php on line 152
[10-Sep-2022 08:37:46 Asia/Jakarta] PHP Warning:  Undefined array key "keterangan" in D:\nial_app\register-ibs\rekap.php on line 156
[10-Sep-2022 08:37:46 Asia/Jakarta] PHP Warning:  Undefined array key "pukul" in D:\nial_app\register-ibs\rekap.php on line 139
[10-Sep-2022 08:37:46 Asia/Jakarta] PHP Warning:  Undefined array key "kegiatan" in D:\nial_app\register-ibs\rekap.php on line 144
[10-Sep-2022 08:37:46 Asia/Jakarta] PHP Warning:  Undefined array key "rencana" in D:\nial_app\register-ibs\rekap.php on line 148
[10-Sep-2022 08:37:46 Asia/Jakarta] PHP Warning:  Undefined array key "tindak_lanjut" in D:\nial_app\register-ibs\rekap.php on line 152
[10-Sep-2022 08:37:46 Asia/Jakarta] PHP Warning:  Undefined array key "keterangan" in D:\nial_app\register-ibs\rekap.php on line 156
[10-Sep-2022 08:37:46 Asia/Jakarta] PHP Warning:  Undefined array key "pukul" in D:\nial_app\register-ibs\rekap.php on line 139
[10-Sep-2022 08:37:46 Asia/Jakarta] PHP Warning:  Undefined array key "kegiatan" in D:\nial_app\register-ibs\rekap.php on line 144
[10-Sep-2022 08:37:46 Asia/Jakarta] PHP Warning:  Undefined array key "rencana" in D:\nial_app\register-ibs\rekap.php on line 148
[10-Sep-2022 08:37:46 Asia/Jakarta] PHP Warning:  Undefined array key "tindak_lanjut" in D:\nial_app\register-ibs\rekap.php on line 152
[10-Sep-2022 08:37:46 Asia/Jakarta] PHP Warning:  Undefined array key "keterangan" in D:\nial_app\register-ibs\rekap.php on line 156
[10-Sep-2022 08:37:46 Asia/Jakarta] PHP Warning:  Undefined array key "pukul" in D:\nial_app\register-ibs\rekap.php on line 139
[10-Sep-2022 08:37:46 Asia/Jakarta] PHP Warning:  Undefined array key "kegiatan" in D:\nial_app\register-ibs\rekap.php on line 144
[10-Sep-2022 08:37:46 Asia/Jakarta] PHP Warning:  Undefined array key "rencana" in D:\nial_app\register-ibs\rekap.php on line 148
[10-Sep-2022 08:37:46 Asia/Jakarta] PHP Warning:  Undefined array key "tindak_lanjut" in D:\nial_app\register-ibs\rekap.php on line 152
[10-Sep-2022 08:37:46 Asia/Jakarta] PHP Warning:  Undefined array key "keterangan" in D:\nial_app\register-ibs\rekap.php on line 156
[10-Sep-2022 08:37:46 Asia/Jakarta] PHP Warning:  Undefined array key "pukul" in D:\nial_app\register-ibs\rekap.php on line 139
[10-Sep-2022 08:37:46 Asia/Jakarta] PHP Warning:  Undefined array key "kegiatan" in D:\nial_app\register-ibs\rekap.php on line 144
[10-Sep-2022 08:37:46 Asia/Jakarta] PHP Warning:  Undefined array key "rencana" in D:\nial_app\register-ibs\rekap.php on line 148
[10-Sep-2022 08:37:46 Asia/Jakarta] PHP Warning:  Undefined array key "tindak_lanjut" in D:\nial_app\register-ibs\rekap.php on line 152
[10-Sep-2022 08:37:46 Asia/Jakarta] PHP Warning:  Undefined array key "keterangan" in D:\nial_app\register-ibs\rekap.php on line 156
[10-Sep-2022 08:37:46 Asia/Jakarta] PHP Warning:  Undefined array key "pukul" in D:\nial_app\register-ibs\rekap.php on line 139
[10-Sep-2022 08:37:46 Asia/Jakarta] PHP Warning:  Undefined array key "kegiatan" in D:\nial_app\register-ibs\rekap.php on line 144
[10-Sep-2022 08:37:46 Asia/Jakarta] PHP Warning:  Undefined array key "rencana" in D:\nial_app\register-ibs\rekap.php on line 148
[10-Sep-2022 08:37:46 Asia/Jakarta] PHP Warning:  Undefined array key "tindak_lanjut" in D:\nial_app\register-ibs\rekap.php on line 152
[10-Sep-2022 08:37:46 Asia/Jakarta] PHP Warning:  Undefined array key "keterangan" in D:\nial_app\register-ibs\rekap.php on line 156
[10-Sep-2022 08:37:46 Asia/Jakarta] PHP Warning:  Undefined array key "pukul" in D:\nial_app\register-ibs\rekap.php on line 139
[10-Sep-2022 08:37:46 Asia/Jakarta] PHP Warning:  Undefined array key "kegiatan" in D:\nial_app\register-ibs\rekap.php on line 144
[10-Sep-2022 08:37:46 Asia/Jakarta] PHP Warning:  Undefined array key "rencana" in D:\nial_app\register-ibs\rekap.php on line 148
[10-Sep-2022 08:37:46 Asia/Jakarta] PHP Warning:  Undefined array key "tindak_lanjut" in D:\nial_app\register-ibs\rekap.php on line 152
[10-Sep-2022 08:37:46 Asia/Jakarta] PHP Warning:  Undefined array key "keterangan" in D:\nial_app\register-ibs\rekap.php on line 156
[10-Sep-2022 08:37:46 Asia/Jakarta] PHP Warning:  Undefined array key "pukul" in D:\nial_app\register-ibs\rekap.php on line 139
[10-Sep-2022 08:37:46 Asia/Jakarta] PHP Warning:  Undefined array key "kegiatan" in D:\nial_app\register-ibs\rekap.php on line 144
[10-Sep-2022 08:37:46 Asia/Jakarta] PHP Warning:  Undefined array key "rencana" in D:\nial_app\register-ibs\rekap.php on line 148
[10-Sep-2022 08:37:46 Asia/Jakarta] PHP Warning:  Undefined array key "tindak_lanjut" in D:\nial_app\register-ibs\rekap.php on line 152
[10-Sep-2022 08:37:46 Asia/Jakarta] PHP Warning:  Undefined array key "keterangan" in D:\nial_app\register-ibs\rekap.php on line 156
[10-Sep-2022 08:37:46 Asia/Jakarta] PHP Warning:  Undefined array key "pukul" in D:\nial_app\register-ibs\rekap.php on line 139
[10-Sep-2022 08:37:46 Asia/Jakarta] PHP Warning:  Undefined array key "kegiatan" in D:\nial_app\register-ibs\rekap.php on line 144
[10-Sep-2022 08:37:46 Asia/Jakarta] PHP Warning:  Undefined array key "rencana" in D:\nial_app\register-ibs\rekap.php on line 148
[10-Sep-2022 08:37:46 Asia/Jakarta] PHP Warning:  Undefined array key "tindak_lanjut" in D:\nial_app\register-ibs\rekap.php on line 152
[10-Sep-2022 08:37:46 Asia/Jakarta] PHP Warning:  Undefined array key "keterangan" in D:\nial_app\register-ibs\rekap.php on line 156
[10-Sep-2022 08:37:46 Asia/Jakarta] PHP Warning:  Undefined array key "pukul" in D:\nial_app\register-ibs\rekap.php on line 139
[10-Sep-2022 08:37:46 Asia/Jakarta] PHP Warning:  Undefined array key "kegiatan" in D:\nial_app\register-ibs\rekap.php on line 144
[10-Sep-2022 08:37:46 Asia/Jakarta] PHP Warning:  Undefined array key "rencana" in D:\nial_app\register-ibs\rekap.php on line 148
[10-Sep-2022 08:37:46 Asia/Jakarta] PHP Warning:  Undefined array key "tindak_lanjut" in D:\nial_app\register-ibs\rekap.php on line 152
[10-Sep-2022 08:37:46 Asia/Jakarta] PHP Warning:  Undefined array key "keterangan" in D:\nial_app\register-ibs\rekap.php on line 156
[10-Sep-2022 08:37:46 Asia/Jakarta] PHP Warning:  Undefined array key "pukul" in D:\nial_app\register-ibs\rekap.php on line 139
[10-Sep-2022 08:37:46 Asia/Jakarta] PHP Warning:  Undefined array key "kegiatan" in D:\nial_app\register-ibs\rekap.php on line 144
[10-Sep-2022 08:37:46 Asia/Jakarta] PHP Warning:  Undefined array key "rencana" in D:\nial_app\register-ibs\rekap.php on line 148
[10-Sep-2022 08:37:46 Asia/Jakarta] PHP Warning:  Undefined array key "tindak_lanjut" in D:\nial_app\register-ibs\rekap.php on line 152
[10-Sep-2022 08:37:46 Asia/Jakarta] PHP Warning:  Undefined array key "keterangan" in D:\nial_app\register-ibs\rekap.php on line 156
[10-Sep-2022 08:37:46 Asia/Jakarta] PHP Warning:  Undefined array key "pukul" in D:\nial_app\register-ibs\rekap.php on line 139
[10-Sep-2022 08:37:46 Asia/Jakarta] PHP Warning:  Undefined array key "kegiatan" in D:\nial_app\register-ibs\rekap.php on line 144
[10-Sep-2022 08:37:46 Asia/Jakarta] PHP Warning:  Undefined array key "rencana" in D:\nial_app\register-ibs\rekap.php on line 148
[10-Sep-2022 08:37:46 Asia/Jakarta] PHP Warning:  Undefined array key "tindak_lanjut" in D:\nial_app\register-ibs\rekap.php on line 152
[10-Sep-2022 08:37:46 Asia/Jakarta] PHP Warning:  Undefined array key "keterangan" in D:\nial_app\register-ibs\rekap.php on line 156
[10-Sep-2022 08:37:46 Asia/Jakarta] PHP Warning:  Undefined array key "pukul" in D:\nial_app\register-ibs\rekap.php on line 139
[10-Sep-2022 08:37:46 Asia/Jakarta] PHP Warning:  Undefined array key "kegiatan" in D:\nial_app\register-ibs\rekap.php on line 144
[10-Sep-2022 08:37:46 Asia/Jakarta] PHP Warning:  Undefined array key "rencana" in D:\nial_app\register-ibs\rekap.php on line 148
[10-Sep-2022 08:37:46 Asia/Jakarta] PHP Warning:  Undefined array key "tindak_lanjut" in D:\nial_app\register-ibs\rekap.php on line 152
[10-Sep-2022 08:37:46 Asia/Jakarta] PHP Warning:  Undefined array key "keterangan" in D:\nial_app\register-ibs\rekap.php on line 156
[10-Sep-2022 08:37:46 Asia/Jakarta] PHP Warning:  Undefined array key "pukul" in D:\nial_app\register-ibs\rekap.php on line 139
[10-Sep-2022 08:37:46 Asia/Jakarta] PHP Warning:  Undefined array key "kegiatan" in D:\nial_app\register-ibs\rekap.php on line 144
[10-Sep-2022 08:37:46 Asia/Jakarta] PHP Warning:  Undefined array key "rencana" in D:\nial_app\register-ibs\rekap.php on line 148
[10-Sep-2022 08:37:46 Asia/Jakarta] PHP Warning:  Undefined array key "tindak_lanjut" in D:\nial_app\register-ibs\rekap.php on line 152
[10-Sep-2022 08:37:46 Asia/Jakarta] PHP Warning:  Undefined array key "keterangan" in D:\nial_app\register-ibs\rekap.php on line 156
[10-Sep-2022 08:37:46 Asia/Jakarta] PHP Warning:  Undefined array key "pukul" in D:\nial_app\register-ibs\rekap.php on line 139
[10-Sep-2022 08:37:46 Asia/Jakarta] PHP Warning:  Undefined array key "kegiatan" in D:\nial_app\register-ibs\rekap.php on line 144
[10-Sep-2022 08:37:46 Asia/Jakarta] PHP Warning:  Undefined array key "rencana" in D:\nial_app\register-ibs\rekap.php on line 148
[10-Sep-2022 08:37:46 Asia/Jakarta] PHP Warning:  Undefined array key "tindak_lanjut" in D:\nial_app\register-ibs\rekap.php on line 152
[10-Sep-2022 08:37:46 Asia/Jakarta] PHP Warning:  Undefined array key "keterangan" in D:\nial_app\register-ibs\rekap.php on line 156
[10-Sep-2022 08:37:46 Asia/Jakarta] PHP Warning:  Undefined array key "pukul" in D:\nial_app\register-ibs\rekap.php on line 139
[10-Sep-2022 08:37:46 Asia/Jakarta] PHP Warning:  Undefined array key "kegiatan" in D:\nial_app\register-ibs\rekap.php on line 144
[10-Sep-2022 08:37:46 Asia/Jakarta] PHP Warning:  Undefined array key "rencana" in D:\nial_app\register-ibs\rekap.php on line 148
[10-Sep-2022 08:37:46 Asia/Jakarta] PHP Warning:  Undefined array key "tindak_lanjut" in D:\nial_app\register-ibs\rekap.php on line 152
[10-Sep-2022 08:37:46 Asia/Jakarta] PHP Warning:  Undefined array key "keterangan" in D:\nial_app\register-ibs\rekap.php on line 156
[10-Sep-2022 08:37:46 Asia/Jakarta] PHP Warning:  Undefined array key "pukul" in D:\nial_app\register-ibs\rekap.php on line 139
[10-Sep-2022 08:37:46 Asia/Jakarta] PHP Warning:  Undefined array key "kegiatan" in D:\nial_app\register-ibs\rekap.php on line 144
[10-Sep-2022 08:37:46 Asia/Jakarta] PHP Warning:  Undefined array key "rencana" in D:\nial_app\register-ibs\rekap.php on line 148
[10-Sep-2022 08:37:46 Asia/Jakarta] PHP Warning:  Undefined array key "tindak_lanjut" in D:\nial_app\register-ibs\rekap.php on line 152
[10-Sep-2022 08:37:46 Asia/Jakarta] PHP Warning:  Undefined array key "keterangan" in D:\nial_app\register-ibs\rekap.php on line 156
[10-Sep-2022 08:37:46 Asia/Jakarta] PHP Warning:  Undefined array key "pukul" in D:\nial_app\register-ibs\rekap.php on line 139
[10-Sep-2022 08:37:46 Asia/Jakarta] PHP Warning:  Undefined array key "kegiatan" in D:\nial_app\register-ibs\rekap.php on line 144
[10-Sep-2022 08:37:46 Asia/Jakarta] PHP Warning:  Undefined array key "rencana" in D:\nial_app\register-ibs\rekap.php on line 148
[10-Sep-2022 08:37:46 Asia/Jakarta] PHP Warning:  Undefined array key "tindak_lanjut" in D:\nial_app\register-ibs\rekap.php on line 152
[10-Sep-2022 08:37:46 Asia/Jakarta] PHP Warning:  Undefined array key "keterangan" in D:\nial_app\register-ibs\rekap.php on line 156
[10-Sep-2022 08:37:46 Asia/Jakarta] PHP Warning:  Undefined array key "pukul" in D:\nial_app\register-ibs\rekap.php on line 139
[10-Sep-2022 08:37:46 Asia/Jakarta] PHP Warning:  Undefined array key "kegiatan" in D:\nial_app\register-ibs\rekap.php on line 144
[10-Sep-2022 08:37:46 Asia/Jakarta] PHP Warning:  Undefined array key "rencana" in D:\nial_app\register-ibs\rekap.php on line 148
[10-Sep-2022 08:37:46 Asia/Jakarta] PHP Warning:  Undefined array key "tindak_lanjut" in D:\nial_app\register-ibs\rekap.php on line 152
[10-Sep-2022 08:37:46 Asia/Jakarta] PHP Warning:  Undefined array key "keterangan" in D:\nial_app\register-ibs\rekap.php on line 156
[10-Sep-2022 08:37:46 Asia/Jakarta] PHP Warning:  Undefined array key "pukul" in D:\nial_app\register-ibs\rekap.php on line 139
[10-Sep-2022 08:37:46 Asia/Jakarta] PHP Warning:  Undefined array key "kegiatan" in D:\nial_app\register-ibs\rekap.php on line 144
[10-Sep-2022 08:37:46 Asia/Jakarta] PHP Warning:  Undefined array key "rencana" in D:\nial_app\register-ibs\rekap.php on line 148
[10-Sep-2022 08:37:46 Asia/Jakarta] PHP Warning:  Undefined array key "tindak_lanjut" in D:\nial_app\register-ibs\rekap.php on line 152
[10-Sep-2022 08:37:46 Asia/Jakarta] PHP Warning:  Undefined array key "keterangan" in D:\nial_app\register-ibs\rekap.php on line 156
[10-Sep-2022 08:37:46 Asia/Jakarta] PHP Warning:  Undefined array key "pukul" in D:\nial_app\register-ibs\rekap.php on line 139
[10-Sep-2022 08:37:46 Asia/Jakarta] PHP Warning:  Undefined array key "kegiatan" in D:\nial_app\register-ibs\rekap.php on line 144
[10-Sep-2022 08:37:46 Asia/Jakarta] PHP Warning:  Undefined array key "rencana" in D:\nial_app\register-ibs\rekap.php on line 148
[10-Sep-2022 08:37:46 Asia/Jakarta] PHP Warning:  Undefined array key "tindak_lanjut" in D:\nial_app\register-ibs\rekap.php on line 152
[10-Sep-2022 08:37:46 Asia/Jakarta] PHP Warning:  Undefined array key "keterangan" in D:\nial_app\register-ibs\rekap.php on line 156
[10-Sep-2022 08:37:46 Asia/Jakarta] PHP Warning:  Undefined array key "pukul" in D:\nial_app\register-ibs\rekap.php on line 139
[10-Sep-2022 08:37:46 Asia/Jakarta] PHP Warning:  Undefined array key "kegiatan" in D:\nial_app\register-ibs\rekap.php on line 144
[10-Sep-2022 08:37:46 Asia/Jakarta] PHP Warning:  Undefined array key "rencana" in D:\nial_app\register-ibs\rekap.php on line 148
[10-Sep-2022 08:37:46 Asia/Jakarta] PHP Warning:  Undefined array key "tindak_lanjut" in D:\nial_app\register-ibs\rekap.php on line 152
[10-Sep-2022 08:37:46 Asia/Jakarta] PHP Warning:  Undefined array key "keterangan" in D:\nial_app\register-ibs\rekap.php on line 156
[10-Sep-2022 08:37:46 Asia/Jakarta] PHP Warning:  Undefined array key "pukul" in D:\nial_app\register-ibs\rekap.php on line 139
[10-Sep-2022 08:37:46 Asia/Jakarta] PHP Warning:  Undefined array key "kegiatan" in D:\nial_app\register-ibs\rekap.php on line 144
[10-Sep-2022 08:37:46 Asia/Jakarta] PHP Warning:  Undefined array key "rencana" in D:\nial_app\register-ibs\rekap.php on line 148
[10-Sep-2022 08:37:46 Asia/Jakarta] PHP Warning:  Undefined array key "tindak_lanjut" in D:\nial_app\register-ibs\rekap.php on line 152
[10-Sep-2022 08:37:46 Asia/Jakarta] PHP Warning:  Undefined array key "keterangan" in D:\nial_app\register-ibs\rekap.php on line 156
[10-Sep-2022 08:37:46 Asia/Jakarta] PHP Warning:  Undefined array key "pukul" in D:\nial_app\register-ibs\rekap.php on line 139
[10-Sep-2022 08:37:46 Asia/Jakarta] PHP Warning:  Undefined array key "kegiatan" in D:\nial_app\register-ibs\rekap.php on line 144
[10-Sep-2022 08:37:46 Asia/Jakarta] PHP Warning:  Undefined array key "rencana" in D:\nial_app\register-ibs\rekap.php on line 148
[10-Sep-2022 08:37:46 Asia/Jakarta] PHP Warning:  Undefined array key "tindak_lanjut" in D:\nial_app\register-ibs\rekap.php on line 152
[10-Sep-2022 08:37:46 Asia/Jakarta] PHP Warning:  Undefined array key "keterangan" in D:\nial_app\register-ibs\rekap.php on line 156
[10-Sep-2022 08:37:46 Asia/Jakarta] PHP Warning:  Undefined array key "pukul" in D:\nial_app\register-ibs\rekap.php on line 139
[10-Sep-2022 08:37:46 Asia/Jakarta] PHP Warning:  Undefined array key "kegiatan" in D:\nial_app\register-ibs\rekap.php on line 144
[10-Sep-2022 08:37:46 Asia/Jakarta] PHP Warning:  Undefined array key "rencana" in D:\nial_app\register-ibs\rekap.php on line 148
[10-Sep-2022 08:37:46 Asia/Jakarta] PHP Warning:  Undefined array key "tindak_lanjut" in D:\nial_app\register-ibs\rekap.php on line 152
[10-Sep-2022 08:37:46 Asia/Jakarta] PHP Warning:  Undefined array key "keterangan" in D:\nial_app\register-ibs\rekap.php on line 156
[10-Sep-2022 08:37:46 Asia/Jakarta] PHP Warning:  Undefined array key "pukul" in D:\nial_app\register-ibs\rekap.php on line 139
[10-Sep-2022 08:37:46 Asia/Jakarta] PHP Warning:  Undefined array key "kegiatan" in D:\nial_app\register-ibs\rekap.php on line 144
[10-Sep-2022 08:37:46 Asia/Jakarta] PHP Warning:  Undefined array key "rencana" in D:\nial_app\register-ibs\rekap.php on line 148
[10-Sep-2022 08:37:46 Asia/Jakarta] PHP Warning:  Undefined array key "tindak_lanjut" in D:\nial_app\register-ibs\rekap.php on line 152
[10-Sep-2022 08:37:46 Asia/Jakarta] PHP Warning:  Undefined array key "keterangan" in D:\nial_app\register-ibs\rekap.php on line 156
[10-Sep-2022 08:37:46 Asia/Jakarta] PHP Warning:  Undefined array key "pukul" in D:\nial_app\register-ibs\rekap.php on line 139
[10-Sep-2022 08:37:46 Asia/Jakarta] PHP Warning:  Undefined array key "kegiatan" in D:\nial_app\register-ibs\rekap.php on line 144
[10-Sep-2022 08:37:46 Asia/Jakarta] PHP Warning:  Undefined array key "rencana" in D:\nial_app\register-ibs\rekap.php on line 148
[10-Sep-2022 08:37:46 Asia/Jakarta] PHP Warning:  Undefined array key "tindak_lanjut" in D:\nial_app\register-ibs\rekap.php on line 152
[10-Sep-2022 08:37:46 Asia/Jakarta] PHP Warning:  Undefined array key "keterangan" in D:\nial_app\register-ibs\rekap.php on line 156
[10-Sep-2022 08:37:46 Asia/Jakarta] PHP Warning:  Undefined array key "pukul" in D:\nial_app\register-ibs\rekap.php on line 139
[10-Sep-2022 08:37:46 Asia/Jakarta] PHP Warning:  Undefined array key "kegiatan" in D:\nial_app\register-ibs\rekap.php on line 144
[10-Sep-2022 08:37:46 Asia/Jakarta] PHP Warning:  Undefined array key "rencana" in D:\nial_app\register-ibs\rekap.php on line 148
[10-Sep-2022 08:37:46 Asia/Jakarta] PHP Warning:  Undefined array key "tindak_lanjut" in D:\nial_app\register-ibs\rekap.php on line 152
[10-Sep-2022 08:37:46 Asia/Jakarta] PHP Warning:  Undefined array key "keterangan" in D:\nial_app\register-ibs\rekap.php on line 156
[10-Sep-2022 08:37:46 Asia/Jakarta] PHP Warning:  Undefined array key "pukul" in D:\nial_app\register-ibs\rekap.php on line 139
[10-Sep-2022 08:37:46 Asia/Jakarta] PHP Warning:  Undefined array key "kegiatan" in D:\nial_app\register-ibs\rekap.php on line 144
[10-Sep-2022 08:37:46 Asia/Jakarta] PHP Warning:  Undefined array key "rencana" in D:\nial_app\register-ibs\rekap.php on line 148
[10-Sep-2022 08:37:46 Asia/Jakarta] PHP Warning:  Undefined array key "tindak_lanjut" in D:\nial_app\register-ibs\rekap.php on line 152
[10-Sep-2022 08:37:46 Asia/Jakarta] PHP Warning:  Undefined array key "keterangan" in D:\nial_app\register-ibs\rekap.php on line 156
[10-Sep-2022 08:37:46 Asia/Jakarta] PHP Warning:  Undefined array key "pukul" in D:\nial_app\register-ibs\rekap.php on line 139
[10-Sep-2022 08:37:46 Asia/Jakarta] PHP Warning:  Undefined array key "kegiatan" in D:\nial_app\register-ibs\rekap.php on line 144
[10-Sep-2022 08:37:46 Asia/Jakarta] PHP Warning:  Undefined array key "rencana" in D:\nial_app\register-ibs\rekap.php on line 148
[10-Sep-2022 08:37:46 Asia/Jakarta] PHP Warning:  Undefined array key "tindak_lanjut" in D:\nial_app\register-ibs\rekap.php on line 152
[10-Sep-2022 08:37:46 Asia/Jakarta] PHP Warning:  Undefined array key "keterangan" in D:\nial_app\register-ibs\rekap.php on line 156
[10-Sep-2022 08:37:46 Asia/Jakarta] PHP Warning:  Undefined array key "pukul" in D:\nial_app\register-ibs\rekap.php on line 139
[10-Sep-2022 08:37:46 Asia/Jakarta] PHP Warning:  Undefined array key "kegiatan" in D:\nial_app\register-ibs\rekap.php on line 144
[10-Sep-2022 08:37:46 Asia/Jakarta] PHP Warning:  Undefined array key "rencana" in D:\nial_app\register-ibs\rekap.php on line 148
[10-Sep-2022 08:37:46 Asia/Jakarta] PHP Warning:  Undefined array key "tindak_lanjut" in D:\nial_app\register-ibs\rekap.php on line 152
[10-Sep-2022 08:37:46 Asia/Jakarta] PHP Warning:  Undefined array key "keterangan" in D:\nial_app\register-ibs\rekap.php on line 156
[10-Sep-2022 08:37:46 Asia/Jakarta] PHP Warning:  Undefined array key "pukul" in D:\nial_app\register-ibs\rekap.php on line 139
[10-Sep-2022 08:37:46 Asia/Jakarta] PHP Warning:  Undefined array key "kegiatan" in D:\nial_app\register-ibs\rekap.php on line 144
[10-Sep-2022 08:37:46 Asia/Jakarta] PHP Warning:  Undefined array key "rencana" in D:\nial_app\register-ibs\rekap.php on line 148
[10-Sep-2022 08:37:46 Asia/Jakarta] PHP Warning:  Undefined array key "tindak_lanjut" in D:\nial_app\register-ibs\rekap.php on line 152
[10-Sep-2022 08:37:46 Asia/Jakarta] PHP Warning:  Undefined array key "keterangan" in D:\nial_app\register-ibs\rekap.php on line 156
[10-Sep-2022 08:37:46 Asia/Jakarta] PHP Warning:  Undefined array key "pukul" in D:\nial_app\register-ibs\rekap.php on line 139
[10-Sep-2022 08:37:46 Asia/Jakarta] PHP Warning:  Undefined array key "kegiatan" in D:\nial_app\register-ibs\rekap.php on line 144
[10-Sep-2022 08:37:46 Asia/Jakarta] PHP Warning:  Undefined array key "rencana" in D:\nial_app\register-ibs\rekap.php on line 148
[10-Sep-2022 08:37:46 Asia/Jakarta] PHP Warning:  Undefined array key "tindak_lanjut" in D:\nial_app\register-ibs\rekap.php on line 152
[10-Sep-2022 08:37:46 Asia/Jakarta] PHP Warning:  Undefined array key "keterangan" in D:\nial_app\register-ibs\rekap.php on line 156
[10-Sep-2022 08:37:46 Asia/Jakarta] PHP Warning:  Undefined array key "pukul" in D:\nial_app\register-ibs\rekap.php on line 139
[10-Sep-2022 08:37:46 Asia/Jakarta] PHP Warning:  Undefined array key "kegiatan" in D:\nial_app\register-ibs\rekap.php on line 144
[10-Sep-2022 08:37:46 Asia/Jakarta] PHP Warning:  Undefined array key "rencana" in D:\nial_app\register-ibs\rekap.php on line 148
[10-Sep-2022 08:37:46 Asia/Jakarta] PHP Warning:  Undefined array key "tindak_lanjut" in D:\nial_app\register-ibs\rekap.php on line 152
[10-Sep-2022 08:37:46 Asia/Jakarta] PHP Warning:  Undefined array key "keterangan" in D:\nial_app\register-ibs\rekap.php on line 156
[10-Sep-2022 08:37:46 Asia/Jakarta] PHP Warning:  Undefined array key "pukul" in D:\nial_app\register-ibs\rekap.php on line 139
[10-Sep-2022 08:37:46 Asia/Jakarta] PHP Warning:  Undefined array key "kegiatan" in D:\nial_app\register-ibs\rekap.php on line 144
[10-Sep-2022 08:37:46 Asia/Jakarta] PHP Warning:  Undefined array key "rencana" in D:\nial_app\register-ibs\rekap.php on line 148
[10-Sep-2022 08:37:46 Asia/Jakarta] PHP Warning:  Undefined array key "tindak_lanjut" in D:\nial_app\register-ibs\rekap.php on line 152
[10-Sep-2022 08:37:46 Asia/Jakarta] PHP Warning:  Undefined array key "keterangan" in D:\nial_app\register-ibs\rekap.php on line 156
[10-Sep-2022 08:37:46 Asia/Jakarta] PHP Warning:  Undefined array key "pukul" in D:\nial_app\register-ibs\rekap.php on line 139
[10-Sep-2022 08:37:46 Asia/Jakarta] PHP Warning:  Undefined array key "kegiatan" in D:\nial_app\register-ibs\rekap.php on line 144
[10-Sep-2022 08:37:46 Asia/Jakarta] PHP Warning:  Undefined array key "rencana" in D:\nial_app\register-ibs\rekap.php on line 148
[10-Sep-2022 08:37:46 Asia/Jakarta] PHP Warning:  Undefined array key "tindak_lanjut" in D:\nial_app\register-ibs\rekap.php on line 152
[10-Sep-2022 08:37:46 Asia/Jakarta] PHP Warning:  Undefined array key "keterangan" in D:\nial_app\register-ibs\rekap.php on line 156
[10-Sep-2022 08:37:46 Asia/Jakarta] PHP Warning:  Undefined array key "pukul" in D:\nial_app\register-ibs\rekap.php on line 139
[10-Sep-2022 08:37:46 Asia/Jakarta] PHP Warning:  Undefined array key "kegiatan" in D:\nial_app\register-ibs\rekap.php on line 144
[10-Sep-2022 08:37:46 Asia/Jakarta] PHP Warning:  Undefined array key "rencana" in D:\nial_app\register-ibs\rekap.php on line 148
[10-Sep-2022 08:37:46 Asia/Jakarta] PHP Warning:  Undefined array key "tindak_lanjut" in D:\nial_app\register-ibs\rekap.php on line 152
[10-Sep-2022 08:37:46 Asia/Jakarta] PHP Warning:  Undefined array key "keterangan" in D:\nial_app\register-ibs\rekap.php on line 156
[10-Sep-2022 08:37:46 Asia/Jakarta] PHP Warning:  Undefined array key "pukul" in D:\nial_app\register-ibs\rekap.php on line 139
[10-Sep-2022 08:37:46 Asia/Jakarta] PHP Warning:  Undefined array key "kegiatan" in D:\nial_app\register-ibs\rekap.php on line 144
[10-Sep-2022 08:37:46 Asia/Jakarta] PHP Warning:  Undefined array key "rencana" in D:\nial_app\register-ibs\rekap.php on line 148
[10-Sep-2022 08:37:46 Asia/Jakarta] PHP Warning:  Undefined array key "tindak_lanjut" in D:\nial_app\register-ibs\rekap.php on line 152
[10-Sep-2022 08:37:46 Asia/Jakarta] PHP Warning:  Undefined array key "keterangan" in D:\nial_app\register-ibs\rekap.php on line 156
[10-Sep-2022 08:37:46 Asia/Jakarta] PHP Warning:  Undefined array key "pukul" in D:\nial_app\register-ibs\rekap.php on line 139
[10-Sep-2022 08:37:46 Asia/Jakarta] PHP Warning:  Undefined array key "kegiatan" in D:\nial_app\register-ibs\rekap.php on line 144
[10-Sep-2022 08:37:46 Asia/Jakarta] PHP Warning:  Undefined array key "rencana" in D:\nial_app\register-ibs\rekap.php on line 148
[10-Sep-2022 08:37:46 Asia/Jakarta] PHP Warning:  Undefined array key "tindak_lanjut" in D:\nial_app\register-ibs\rekap.php on line 152
[10-Sep-2022 08:37:46 Asia/Jakarta] PHP Warning:  Undefined array key "keterangan" in D:\nial_app\register-ibs\rekap.php on line 156
[10-Sep-2022 08:37:46 Asia/Jakarta] PHP Warning:  Undefined array key "pukul" in D:\nial_app\register-ibs\rekap.php on line 139
[10-Sep-2022 08:37:46 Asia/Jakarta] PHP Warning:  Undefined array key "kegiatan" in D:\nial_app\register-ibs\rekap.php on line 144
[10-Sep-2022 08:37:46 Asia/Jakarta] PHP Warning:  Undefined array key "rencana" in D:\nial_app\register-ibs\rekap.php on line 148
[10-Sep-2022 08:37:46 Asia/Jakarta] PHP Warning:  Undefined array key "tindak_lanjut" in D:\nial_app\register-ibs\rekap.php on line 152
[10-Sep-2022 08:37:46 Asia/Jakarta] PHP Warning:  Undefined array key "keterangan" in D:\nial_app\register-ibs\rekap.php on line 156
[10-Sep-2022 08:37:46 Asia/Jakarta] PHP Warning:  Undefined array key "pukul" in D:\nial_app\register-ibs\rekap.php on line 139
[10-Sep-2022 08:37:46 Asia/Jakarta] PHP Warning:  Undefined array key "kegiatan" in D:\nial_app\register-ibs\rekap.php on line 144
[10-Sep-2022 08:37:46 Asia/Jakarta] PHP Warning:  Undefined array key "rencana" in D:\nial_app\register-ibs\rekap.php on line 148
[10-Sep-2022 08:37:46 Asia/Jakarta] PHP Warning:  Undefined array key "tindak_lanjut" in D:\nial_app\register-ibs\rekap.php on line 152
[10-Sep-2022 08:37:46 Asia/Jakarta] PHP Warning:  Undefined array key "keterangan" in D:\nial_app\register-ibs\rekap.php on line 156
[10-Sep-2022 08:37:46 Asia/Jakarta] PHP Warning:  Undefined array key "pukul" in D:\nial_app\register-ibs\rekap.php on line 139
[10-Sep-2022 08:37:46 Asia/Jakarta] PHP Warning:  Undefined array key "kegiatan" in D:\nial_app\register-ibs\rekap.php on line 144
[10-Sep-2022 08:37:46 Asia/Jakarta] PHP Warning:  Undefined array key "rencana" in D:\nial_app\register-ibs\rekap.php on line 148
[10-Sep-2022 08:37:46 Asia/Jakarta] PHP Warning:  Undefined array key "tindak_lanjut" in D:\nial_app\register-ibs\rekap.php on line 152
[10-Sep-2022 08:37:46 Asia/Jakarta] PHP Warning:  Undefined array key "keterangan" in D:\nial_app\register-ibs\rekap.php on line 156
[10-Sep-2022 08:37:46 Asia/Jakarta] PHP Warning:  Undefined array key "pukul" in D:\nial_app\register-ibs\rekap.php on line 139
[10-Sep-2022 08:37:46 Asia/Jakarta] PHP Warning:  Undefined array key "kegiatan" in D:\nial_app\register-ibs\rekap.php on line 144
[10-Sep-2022 08:37:46 Asia/Jakarta] PHP Warning:  Undefined array key "rencana" in D:\nial_app\register-ibs\rekap.php on line 148
[10-Sep-2022 08:37:46 Asia/Jakarta] PHP Warning:  Undefined array key "tindak_lanjut" in D:\nial_app\register-ibs\rekap.php on line 152
[10-Sep-2022 08:37:46 Asia/Jakarta] PHP Warning:  Undefined array key "keterangan" in D:\nial_app\register-ibs\rekap.php on line 156
[10-Sep-2022 08:37:46 Asia/Jakarta] PHP Warning:  Undefined array key "pukul" in D:\nial_app\register-ibs\rekap.php on line 139
[10-Sep-2022 08:37:46 Asia/Jakarta] PHP Warning:  Undefined array key "kegiatan" in D:\nial_app\register-ibs\rekap.php on line 144
[10-Sep-2022 08:37:46 Asia/Jakarta] PHP Warning:  Undefined array key "rencana" in D:\nial_app\register-ibs\rekap.php on line 148
[10-Sep-2022 08:37:46 Asia/Jakarta] PHP Warning:  Undefined array key "tindak_lanjut" in D:\nial_app\register-ibs\rekap.php on line 152
[10-Sep-2022 08:37:46 Asia/Jakarta] PHP Warning:  Undefined array key "keterangan" in D:\nial_app\register-ibs\rekap.php on line 156
[10-Sep-2022 08:37:46 Asia/Jakarta] PHP Warning:  Undefined array key "pukul" in D:\nial_app\register-ibs\rekap.php on line 139
[10-Sep-2022 08:37:46 Asia/Jakarta] PHP Warning:  Undefined array key "kegiatan" in D:\nial_app\register-ibs\rekap.php on line 144
[10-Sep-2022 08:37:46 Asia/Jakarta] PHP Warning:  Undefined array key "rencana" in D:\nial_app\register-ibs\rekap.php on line 148
[10-Sep-2022 08:37:46 Asia/Jakarta] PHP Warning:  Undefined array key "tindak_lanjut" in D:\nial_app\register-ibs\rekap.php on line 152
[10-Sep-2022 08:37:46 Asia/Jakarta] PHP Warning:  Undefined array key "keterangan" in D:\nial_app\register-ibs\rekap.php on line 156
[10-Sep-2022 08:37:46 Asia/Jakarta] PHP Warning:  Undefined array key "pukul" in D:\nial_app\register-ibs\rekap.php on line 139
[10-Sep-2022 08:37:46 Asia/Jakarta] PHP Warning:  Undefined array key "kegiatan" in D:\nial_app\register-ibs\rekap.php on line 144
[10-Sep-2022 08:37:46 Asia/Jakarta] PHP Warning:  Undefined array key "rencana" in D:\nial_app\register-ibs\rekap.php on line 148
[10-Sep-2022 08:37:46 Asia/Jakarta] PHP Warning:  Undefined array key "tindak_lanjut" in D:\nial_app\register-ibs\rekap.php on line 152
[10-Sep-2022 08:37:46 Asia/Jakarta] PHP Warning:  Undefined array key "keterangan" in D:\nial_app\register-ibs\rekap.php on line 156
[10-Sep-2022 08:37:46 Asia/Jakarta] PHP Warning:  Undefined array key "pukul" in D:\nial_app\register-ibs\rekap.php on line 139
[10-Sep-2022 08:37:46 Asia/Jakarta] PHP Warning:  Undefined array key "kegiatan" in D:\nial_app\register-ibs\rekap.php on line 144
[10-Sep-2022 08:37:46 Asia/Jakarta] PHP Warning:  Undefined array key "rencana" in D:\nial_app\register-ibs\rekap.php on line 148
[10-Sep-2022 08:37:46 Asia/Jakarta] PHP Warning:  Undefined array key "tindak_lanjut" in D:\nial_app\register-ibs\rekap.php on line 152
[10-Sep-2022 08:37:46 Asia/Jakarta] PHP Warning:  Undefined array key "keterangan" in D:\nial_app\register-ibs\rekap.php on line 156
[10-Sep-2022 08:37:46 Asia/Jakarta] PHP Warning:  Undefined array key "pukul" in D:\nial_app\register-ibs\rekap.php on line 139
[10-Sep-2022 08:37:46 Asia/Jakarta] PHP Warning:  Undefined array key "kegiatan" in D:\nial_app\register-ibs\rekap.php on line 144
[10-Sep-2022 08:37:46 Asia/Jakarta] PHP Warning:  Undefined array key "rencana" in D:\nial_app\register-ibs\rekap.php on line 148
[10-Sep-2022 08:37:46 Asia/Jakarta] PHP Warning:  Undefined array key "tindak_lanjut" in D:\nial_app\register-ibs\rekap.php on line 152
[10-Sep-2022 08:37:46 Asia/Jakarta] PHP Warning:  Undefined array key "keterangan" in D:\nial_app\register-ibs\rekap.php on line 156
[10-Sep-2022 08:37:46 Asia/Jakarta] PHP Warning:  Undefined array key "pukul" in D:\nial_app\register-ibs\rekap.php on line 139
[10-Sep-2022 08:37:46 Asia/Jakarta] PHP Warning:  Undefined array key "kegiatan" in D:\nial_app\register-ibs\rekap.php on line 144
[10-Sep-2022 08:37:46 Asia/Jakarta] PHP Warning:  Undefined array key "rencana" in D:\nial_app\register-ibs\rekap.php on line 148
[10-Sep-2022 08:37:46 Asia/Jakarta] PHP Warning:  Undefined array key "tindak_lanjut" in D:\nial_app\register-ibs\rekap.php on line 152
[10-Sep-2022 08:37:46 Asia/Jakarta] PHP Warning:  Undefined array key "keterangan" in D:\nial_app\register-ibs\rekap.php on line 156
[10-Sep-2022 08:37:46 Asia/Jakarta] PHP Warning:  Undefined array key "pukul" in D:\nial_app\register-ibs\rekap.php on line 139
[10-Sep-2022 08:37:46 Asia/Jakarta] PHP Warning:  Undefined array key "kegiatan" in D:\nial_app\register-ibs\rekap.php on line 144
[10-Sep-2022 08:37:46 Asia/Jakarta] PHP Warning:  Undefined array key "rencana" in D:\nial_app\register-ibs\rekap.php on line 148
[10-Sep-2022 08:37:46 Asia/Jakarta] PHP Warning:  Undefined array key "tindak_lanjut" in D:\nial_app\register-ibs\rekap.php on line 152
[10-Sep-2022 08:37:46 Asia/Jakarta] PHP Warning:  Undefined array key "keterangan" in D:\nial_app\register-ibs\rekap.php on line 156
[10-Sep-2022 08:37:46 Asia/Jakarta] PHP Warning:  Undefined array key "pukul" in D:\nial_app\register-ibs\rekap.php on line 139
[10-Sep-2022 08:37:46 Asia/Jakarta] PHP Warning:  Undefined array key "kegiatan" in D:\nial_app\register-ibs\rekap.php on line 144
[10-Sep-2022 08:37:46 Asia/Jakarta] PHP Warning:  Undefined array key "rencana" in D:\nial_app\register-ibs\rekap.php on line 148
[10-Sep-2022 08:37:46 Asia/Jakarta] PHP Warning:  Undefined array key "tindak_lanjut" in D:\nial_app\register-ibs\rekap.php on line 152
[10-Sep-2022 08:37:46 Asia/Jakarta] PHP Warning:  Undefined array key "keterangan" in D:\nial_app\register-ibs\rekap.php on line 156
[10-Sep-2022 08:37:46 Asia/Jakarta] PHP Warning:  Undefined array key "pukul" in D:\nial_app\register-ibs\rekap.php on line 139
[10-Sep-2022 08:37:46 Asia/Jakarta] PHP Warning:  Undefined array key "kegiatan" in D:\nial_app\register-ibs\rekap.php on line 144
[10-Sep-2022 08:37:46 Asia/Jakarta] PHP Warning:  Undefined array key "rencana" in D:\nial_app\register-ibs\rekap.php on line 148
[10-Sep-2022 08:37:46 Asia/Jakarta] PHP Warning:  Undefined array key "tindak_lanjut" in D:\nial_app\register-ibs\rekap.php on line 152
[10-Sep-2022 08:37:46 Asia/Jakarta] PHP Warning:  Undefined array key "keterangan" in D:\nial_app\register-ibs\rekap.php on line 156
[10-Sep-2022 08:37:46 Asia/Jakarta] PHP Warning:  Undefined array key "pukul" in D:\nial_app\register-ibs\rekap.php on line 139
[10-Sep-2022 08:37:46 Asia/Jakarta] PHP Warning:  Undefined array key "kegiatan" in D:\nial_app\register-ibs\rekap.php on line 144
[10-Sep-2022 08:37:46 Asia/Jakarta] PHP Warning:  Undefined array key "rencana" in D:\nial_app\register-ibs\rekap.php on line 148
[10-Sep-2022 08:37:46 Asia/Jakarta] PHP Warning:  Undefined array key "tindak_lanjut" in D:\nial_app\register-ibs\rekap.php on line 152
[10-Sep-2022 08:37:46 Asia/Jakarta] PHP Warning:  Undefined array key "keterangan" in D:\nial_app\register-ibs\rekap.php on line 156
[10-Sep-2022 08:37:46 Asia/Jakarta] PHP Warning:  Undefined array key "pukul" in D:\nial_app\register-ibs\rekap.php on line 139
[10-Sep-2022 08:37:46 Asia/Jakarta] PHP Warning:  Undefined array key "kegiatan" in D:\nial_app\register-ibs\rekap.php on line 144
[10-Sep-2022 08:37:46 Asia/Jakarta] PHP Warning:  Undefined array key "rencana" in D:\nial_app\register-ibs\rekap.php on line 148
[10-Sep-2022 08:37:46 Asia/Jakarta] PHP Warning:  Undefined array key "tindak_lanjut" in D:\nial_app\register-ibs\rekap.php on line 152
[10-Sep-2022 08:37:46 Asia/Jakarta] PHP Warning:  Undefined array key "keterangan" in D:\nial_app\register-ibs\rekap.php on line 156
[10-Sep-2022 08:37:46 Asia/Jakarta] PHP Warning:  Undefined array key "pukul" in D:\nial_app\register-ibs\rekap.php on line 139
[10-Sep-2022 08:37:46 Asia/Jakarta] PHP Warning:  Undefined array key "kegiatan" in D:\nial_app\register-ibs\rekap.php on line 144
[10-Sep-2022 08:37:46 Asia/Jakarta] PHP Warning:  Undefined array key "rencana" in D:\nial_app\register-ibs\rekap.php on line 148
[10-Sep-2022 08:37:46 Asia/Jakarta] PHP Warning:  Undefined array key "tindak_lanjut" in D:\nial_app\register-ibs\rekap.php on line 152
[10-Sep-2022 08:37:46 Asia/Jakarta] PHP Warning:  Undefined array key "keterangan" in D:\nial_app\register-ibs\rekap.php on line 156
[10-Sep-2022 08:37:46 Asia/Jakarta] PHP Warning:  Undefined array key "pukul" in D:\nial_app\register-ibs\rekap.php on line 139
[10-Sep-2022 08:37:46 Asia/Jakarta] PHP Warning:  Undefined array key "kegiatan" in D:\nial_app\register-ibs\rekap.php on line 144
[10-Sep-2022 08:37:46 Asia/Jakarta] PHP Warning:  Undefined array key "rencana" in D:\nial_app\register-ibs\rekap.php on line 148
[10-Sep-2022 08:37:46 Asia/Jakarta] PHP Warning:  Undefined array key "tindak_lanjut" in D:\nial_app\register-ibs\rekap.php on line 152
[10-Sep-2022 08:37:46 Asia/Jakarta] PHP Warning:  Undefined array key "keterangan" in D:\nial_app\register-ibs\rekap.php on line 156
[10-Sep-2022 08:37:46 Asia/Jakarta] PHP Warning:  Undefined array key "pukul" in D:\nial_app\register-ibs\rekap.php on line 139
[10-Sep-2022 08:37:46 Asia/Jakarta] PHP Warning:  Undefined array key "kegiatan" in D:\nial_app\register-ibs\rekap.php on line 144
[10-Sep-2022 08:37:46 Asia/Jakarta] PHP Warning:  Undefined array key "rencana" in D:\nial_app\register-ibs\rekap.php on line 148
[10-Sep-2022 08:37:46 Asia/Jakarta] PHP Warning:  Undefined array key "tindak_lanjut" in D:\nial_app\register-ibs\rekap.php on line 152
[10-Sep-2022 08:37:46 Asia/Jakarta] PHP Warning:  Undefined array key "keterangan" in D:\nial_app\register-ibs\rekap.php on line 156
[10-Sep-2022 08:37:46 Asia/Jakarta] PHP Warning:  Undefined array key "pukul" in D:\nial_app\register-ibs\rekap.php on line 139
[10-Sep-2022 08:37:46 Asia/Jakarta] PHP Warning:  Undefined array key "kegiatan" in D:\nial_app\register-ibs\rekap.php on line 144
[10-Sep-2022 08:37:46 Asia/Jakarta] PHP Warning:  Undefined array key "rencana" in D:\nial_app\register-ibs\rekap.php on line 148
[10-Sep-2022 08:37:46 Asia/Jakarta] PHP Warning:  Undefined array key "tindak_lanjut" in D:\nial_app\register-ibs\rekap.php on line 152
[10-Sep-2022 08:37:46 Asia/Jakarta] PHP Warning:  Undefined array key "keterangan" in D:\nial_app\register-ibs\rekap.php on line 156
[10-Sep-2022 08:37:46 Asia/Jakarta] PHP Warning:  Undefined array key "pukul" in D:\nial_app\register-ibs\rekap.php on line 139
[10-Sep-2022 08:37:46 Asia/Jakarta] PHP Warning:  Undefined array key "kegiatan" in D:\nial_app\register-ibs\rekap.php on line 144
[10-Sep-2022 08:37:46 Asia/Jakarta] PHP Warning:  Undefined array key "rencana" in D:\nial_app\register-ibs\rekap.php on line 148
[10-Sep-2022 08:37:46 Asia/Jakarta] PHP Warning:  Undefined array key "tindak_lanjut" in D:\nial_app\register-ibs\rekap.php on line 152
[10-Sep-2022 08:37:46 Asia/Jakarta] PHP Warning:  Undefined array key "keterangan" in D:\nial_app\register-ibs\rekap.php on line 156
[10-Sep-2022 08:37:46 Asia/Jakarta] PHP Warning:  Undefined array key "pukul" in D:\nial_app\register-ibs\rekap.php on line 139
[10-Sep-2022 08:37:46 Asia/Jakarta] PHP Warning:  Undefined array key "kegiatan" in D:\nial_app\register-ibs\rekap.php on line 144
[10-Sep-2022 08:37:46 Asia/Jakarta] PHP Warning:  Undefined array key "rencana" in D:\nial_app\register-ibs\rekap.php on line 148
[10-Sep-2022 08:37:46 Asia/Jakarta] PHP Warning:  Undefined array key "tindak_lanjut" in D:\nial_app\register-ibs\rekap.php on line 152
[10-Sep-2022 08:37:46 Asia/Jakarta] PHP Warning:  Undefined array key "keterangan" in D:\nial_app\register-ibs\rekap.php on line 156
[10-Sep-2022 08:37:46 Asia/Jakarta] PHP Warning:  Undefined array key "pukul" in D:\nial_app\register-ibs\rekap.php on line 139
[10-Sep-2022 08:37:46 Asia/Jakarta] PHP Warning:  Undefined array key "kegiatan" in D:\nial_app\register-ibs\rekap.php on line 144
[10-Sep-2022 08:37:46 Asia/Jakarta] PHP Warning:  Undefined array key "rencana" in D:\nial_app\register-ibs\rekap.php on line 148
[10-Sep-2022 08:37:46 Asia/Jakarta] PHP Warning:  Undefined array key "tindak_lanjut" in D:\nial_app\register-ibs\rekap.php on line 152
[10-Sep-2022 08:37:46 Asia/Jakarta] PHP Warning:  Undefined array key "keterangan" in D:\nial_app\register-ibs\rekap.php on line 156
[10-Sep-2022 08:37:46 Asia/Jakarta] PHP Warning:  Undefined array key "pukul" in D:\nial_app\register-ibs\rekap.php on line 139
[10-Sep-2022 08:37:46 Asia/Jakarta] PHP Warning:  Undefined array key "kegiatan" in D:\nial_app\register-ibs\rekap.php on line 144
[10-Sep-2022 08:37:46 Asia/Jakarta] PHP Warning:  Undefined array key "rencana" in D:\nial_app\register-ibs\rekap.php on line 148
[10-Sep-2022 08:37:46 Asia/Jakarta] PHP Warning:  Undefined array key "tindak_lanjut" in D:\nial_app\register-ibs\rekap.php on line 152
[10-Sep-2022 08:37:46 Asia/Jakarta] PHP Warning:  Undefined array key "keterangan" in D:\nial_app\register-ibs\rekap.php on line 156
[10-Sep-2022 08:37:46 Asia/Jakarta] PHP Warning:  Undefined array key "pukul" in D:\nial_app\register-ibs\rekap.php on line 139
[10-Sep-2022 08:37:46 Asia/Jakarta] PHP Warning:  Undefined array key "kegiatan" in D:\nial_app\register-ibs\rekap.php on line 144
[10-Sep-2022 08:37:46 Asia/Jakarta] PHP Warning:  Undefined array key "rencana" in D:\nial_app\register-ibs\rekap.php on line 148
[10-Sep-2022 08:37:46 Asia/Jakarta] PHP Warning:  Undefined array key "tindak_lanjut" in D:\nial_app\register-ibs\rekap.php on line 152
[10-Sep-2022 08:37:46 Asia/Jakarta] PHP Warning:  Undefined array key "keterangan" in D:\nial_app\register-ibs\rekap.php on line 156
[10-Sep-2022 08:37:46 Asia/Jakarta] PHP Warning:  Undefined array key "pukul" in D:\nial_app\register-ibs\rekap.php on line 139
[10-Sep-2022 08:37:46 Asia/Jakarta] PHP Warning:  Undefined array key "kegiatan" in D:\nial_app\register-ibs\rekap.php on line 144
[10-Sep-2022 08:37:46 Asia/Jakarta] PHP Warning:  Undefined array key "rencana" in D:\nial_app\register-ibs\rekap.php on line 148
[10-Sep-2022 08:37:46 Asia/Jakarta] PHP Warning:  Undefined array key "tindak_lanjut" in D:\nial_app\register-ibs\rekap.php on line 152
[10-Sep-2022 08:37:46 Asia/Jakarta] PHP Warning:  Undefined array key "keterangan" in D:\nial_app\register-ibs\rekap.php on line 156
[10-Sep-2022 08:37:46 Asia/Jakarta] PHP Warning:  Undefined array key "pukul" in D:\nial_app\register-ibs\rekap.php on line 139
[10-Sep-2022 08:37:46 Asia/Jakarta] PHP Warning:  Undefined array key "kegiatan" in D:\nial_app\register-ibs\rekap.php on line 144
[10-Sep-2022 08:37:46 Asia/Jakarta] PHP Warning:  Undefined array key "rencana" in D:\nial_app\register-ibs\rekap.php on line 148
[10-Sep-2022 08:37:46 Asia/Jakarta] PHP Warning:  Undefined array key "tindak_lanjut" in D:\nial_app\register-ibs\rekap.php on line 152
[10-Sep-2022 08:37:46 Asia/Jakarta] PHP Warning:  Undefined array key "keterangan" in D:\nial_app\register-ibs\rekap.php on line 156
[10-Sep-2022 08:37:46 Asia/Jakarta] PHP Warning:  Undefined array key "pukul" in D:\nial_app\register-ibs\rekap.php on line 139
[10-Sep-2022 08:37:46 Asia/Jakarta] PHP Warning:  Undefined array key "kegiatan" in D:\nial_app\register-ibs\rekap.php on line 144
[10-Sep-2022 08:37:46 Asia/Jakarta] PHP Warning:  Undefined array key "rencana" in D:\nial_app\register-ibs\rekap.php on line 148
[10-Sep-2022 08:37:46 Asia/Jakarta] PHP Warning:  Undefined array key "tindak_lanjut" in D:\nial_app\register-ibs\rekap.php on line 152
[10-Sep-2022 08:37:46 Asia/Jakarta] PHP Warning:  Undefined array key "keterangan" in D:\nial_app\register-ibs\rekap.php on line 156
[10-Sep-2022 08:37:46 Asia/Jakarta] PHP Warning:  Undefined array key "pukul" in D:\nial_app\register-ibs\rekap.php on line 139
[10-Sep-2022 08:37:46 Asia/Jakarta] PHP Warning:  Undefined array key "kegiatan" in D:\nial_app\register-ibs\rekap.php on line 144
[10-Sep-2022 08:37:46 Asia/Jakarta] PHP Warning:  Undefined array key "rencana" in D:\nial_app\register-ibs\rekap.php on line 148
[10-Sep-2022 08:37:46 Asia/Jakarta] PHP Warning:  Undefined array key "tindak_lanjut" in D:\nial_app\register-ibs\rekap.php on line 152
[10-Sep-2022 08:37:46 Asia/Jakarta] PHP Warning:  Undefined array key "keterangan" in D:\nial_app\register-ibs\rekap.php on line 156
[10-Sep-2022 08:37:46 Asia/Jakarta] PHP Warning:  Undefined array key "pukul" in D:\nial_app\register-ibs\rekap.php on line 139
[10-Sep-2022 08:37:46 Asia/Jakarta] PHP Warning:  Undefined array key "kegiatan" in D:\nial_app\register-ibs\rekap.php on line 144
[10-Sep-2022 08:37:46 Asia/Jakarta] PHP Warning:  Undefined array key "rencana" in D:\nial_app\register-ibs\rekap.php on line 148
[10-Sep-2022 08:37:46 Asia/Jakarta] PHP Warning:  Undefined array key "tindak_lanjut" in D:\nial_app\register-ibs\rekap.php on line 152
[10-Sep-2022 08:37:46 Asia/Jakarta] PHP Warning:  Undefined array key "keterangan" in D:\nial_app\register-ibs\rekap.php on line 156
[10-Sep-2022 08:37:46 Asia/Jakarta] PHP Warning:  Undefined array key "pukul" in D:\nial_app\register-ibs\rekap.php on line 139
[10-Sep-2022 08:37:46 Asia/Jakarta] PHP Warning:  Undefined array key "kegiatan" in D:\nial_app\register-ibs\rekap.php on line 144
[10-Sep-2022 08:37:46 Asia/Jakarta] PHP Warning:  Undefined array key "rencana" in D:\nial_app\register-ibs\rekap.php on line 148
[10-Sep-2022 08:37:46 Asia/Jakarta] PHP Warning:  Undefined array key "tindak_lanjut" in D:\nial_app\register-ibs\rekap.php on line 152
[10-Sep-2022 08:37:46 Asia/Jakarta] PHP Warning:  Undefined array key "keterangan" in D:\nial_app\register-ibs\rekap.php on line 156
[10-Sep-2022 08:37:46 Asia/Jakarta] PHP Warning:  Undefined array key "pukul" in D:\nial_app\register-ibs\rekap.php on line 139
[10-Sep-2022 08:37:46 Asia/Jakarta] PHP Warning:  Undefined array key "kegiatan" in D:\nial_app\register-ibs\rekap.php on line 144
[10-Sep-2022 08:37:46 Asia/Jakarta] PHP Warning:  Undefined array key "rencana" in D:\nial_app\register-ibs\rekap.php on line 148
[10-Sep-2022 08:37:46 Asia/Jakarta] PHP Warning:  Undefined array key "tindak_lanjut" in D:\nial_app\register-ibs\rekap.php on line 152
[10-Sep-2022 08:37:46 Asia/Jakarta] PHP Warning:  Undefined array key "keterangan" in D:\nial_app\register-ibs\rekap.php on line 156
[10-Sep-2022 08:37:46 Asia/Jakarta] PHP Warning:  Undefined array key "pukul" in D:\nial_app\register-ibs\rekap.php on line 139
[10-Sep-2022 08:37:46 Asia/Jakarta] PHP Warning:  Undefined array key "kegiatan" in D:\nial_app\register-ibs\rekap.php on line 144
[10-Sep-2022 08:37:46 Asia/Jakarta] PHP Warning:  Undefined array key "rencana" in D:\nial_app\register-ibs\rekap.php on line 148
[10-Sep-2022 08:37:46 Asia/Jakarta] PHP Warning:  Undefined array key "tindak_lanjut" in D:\nial_app\register-ibs\rekap.php on line 152
[10-Sep-2022 08:37:46 Asia/Jakarta] PHP Warning:  Undefined array key "keterangan" in D:\nial_app\register-ibs\rekap.php on line 156
[10-Sep-2022 08:37:46 Asia/Jakarta] PHP Warning:  Undefined array key "pukul" in D:\nial_app\register-ibs\rekap.php on line 139
[10-Sep-2022 08:37:46 Asia/Jakarta] PHP Warning:  Undefined array key "kegiatan" in D:\nial_app\register-ibs\rekap.php on line 144
[10-Sep-2022 08:37:46 Asia/Jakarta] PHP Warning:  Undefined array key "rencana" in D:\nial_app\register-ibs\rekap.php on line 148
[10-Sep-2022 08:37:46 Asia/Jakarta] PHP Warning:  Undefined array key "tindak_lanjut" in D:\nial_app\register-ibs\rekap.php on line 152
[10-Sep-2022 08:37:46 Asia/Jakarta] PHP Warning:  Undefined array key "keterangan" in D:\nial_app\register-ibs\rekap.php on line 156
[10-Sep-2022 08:37:46 Asia/Jakarta] PHP Warning:  Undefined array key "pukul" in D:\nial_app\register-ibs\rekap.php on line 139
[10-Sep-2022 08:37:46 Asia/Jakarta] PHP Warning:  Undefined array key "kegiatan" in D:\nial_app\register-ibs\rekap.php on line 144
[10-Sep-2022 08:37:46 Asia/Jakarta] PHP Warning:  Undefined array key "rencana" in D:\nial_app\register-ibs\rekap.php on line 148
[10-Sep-2022 08:37:46 Asia/Jakarta] PHP Warning:  Undefined array key "tindak_lanjut" in D:\nial_app\register-ibs\rekap.php on line 152
[10-Sep-2022 08:37:46 Asia/Jakarta] PHP Warning:  Undefined array key "keterangan" in D:\nial_app\register-ibs\rekap.php on line 156
[10-Sep-2022 08:37:46 Asia/Jakarta] PHP Warning:  Undefined array key "pukul" in D:\nial_app\register-ibs\rekap.php on line 139
[10-Sep-2022 08:37:46 Asia/Jakarta] PHP Warning:  Undefined array key "kegiatan" in D:\nial_app\register-ibs\rekap.php on line 144
[10-Sep-2022 08:37:46 Asia/Jakarta] PHP Warning:  Undefined array key "rencana" in D:\nial_app\register-ibs\rekap.php on line 148
[10-Sep-2022 08:37:46 Asia/Jakarta] PHP Warning:  Undefined array key "tindak_lanjut" in D:\nial_app\register-ibs\rekap.php on line 152
[10-Sep-2022 08:37:46 Asia/Jakarta] PHP Warning:  Undefined array key "keterangan" in D:\nial_app\register-ibs\rekap.php on line 156
[10-Sep-2022 08:37:46 Asia/Jakarta] PHP Warning:  Undefined array key "pukul" in D:\nial_app\register-ibs\rekap.php on line 139
[10-Sep-2022 08:37:46 Asia/Jakarta] PHP Warning:  Undefined array key "kegiatan" in D:\nial_app\register-ibs\rekap.php on line 144
[10-Sep-2022 08:37:46 Asia/Jakarta] PHP Warning:  Undefined array key "rencana" in D:\nial_app\register-ibs\rekap.php on line 148
[10-Sep-2022 08:37:46 Asia/Jakarta] PHP Warning:  Undefined array key "tindak_lanjut" in D:\nial_app\register-ibs\rekap.php on line 152
[10-Sep-2022 08:37:46 Asia/Jakarta] PHP Warning:  Undefined array key "keterangan" in D:\nial_app\register-ibs\rekap.php on line 156
[10-Sep-2022 10:55:30 Asia/Jakarta] PHP Warning:  Undefined array key "pukul" in D:\nial_app\register-ibs\rekap.php on line 139
[10-Sep-2022 10:55:30 Asia/Jakarta] PHP Warning:  Undefined array key "kegiatan" in D:\nial_app\register-ibs\rekap.php on line 144
[10-Sep-2022 10:55:30 Asia/Jakarta] PHP Warning:  Undefined array key "rencana" in D:\nial_app\register-ibs\rekap.php on line 148
[10-Sep-2022 10:55:30 Asia/Jakarta] PHP Warning:  Undefined array key "tindak_lanjut" in D:\nial_app\register-ibs\rekap.php on line 152
[10-Sep-2022 10:55:30 Asia/Jakarta] PHP Warning:  Undefined array key "keterangan" in D:\nial_app\register-ibs\rekap.php on line 156
[10-Sep-2022 10:55:30 Asia/Jakarta] PHP Warning:  Undefined array key "pukul" in D:\nial_app\register-ibs\rekap.php on line 139
[10-Sep-2022 10:55:30 Asia/Jakarta] PHP Warning:  Undefined array key "kegiatan" in D:\nial_app\register-ibs\rekap.php on line 144
[10-Sep-2022 10:55:30 Asia/Jakarta] PHP Warning:  Undefined array key "rencana" in D:\nial_app\register-ibs\rekap.php on line 148
[10-Sep-2022 10:55:30 Asia/Jakarta] PHP Warning:  Undefined array key "tindak_lanjut" in D:\nial_app\register-ibs\rekap.php on line 152
[10-Sep-2022 10:55:30 Asia/Jakarta] PHP Warning:  Undefined array key "keterangan" in D:\nial_app\register-ibs\rekap.php on line 156
[10-Sep-2022 10:55:30 Asia/Jakarta] PHP Warning:  Undefined array key "pukul" in D:\nial_app\register-ibs\rekap.php on line 139
[10-Sep-2022 10:55:30 Asia/Jakarta] PHP Warning:  Undefined array key "kegiatan" in D:\nial_app\register-ibs\rekap.php on line 144
[10-Sep-2022 10:55:30 Asia/Jakarta] PHP Warning:  Undefined array key "rencana" in D:\nial_app\register-ibs\rekap.php on line 148
[10-Sep-2022 10:55:30 Asia/Jakarta] PHP Warning:  Undefined array key "tindak_lanjut" in D:\nial_app\register-ibs\rekap.php on line 152
[10-Sep-2022 10:55:30 Asia/Jakarta] PHP Warning:  Undefined array key "keterangan" in D:\nial_app\register-ibs\rekap.php on line 156
[10-Sep-2022 10:55:30 Asia/Jakarta] PHP Warning:  Undefined array key "pukul" in D:\nial_app\register-ibs\rekap.php on line 139
[10-Sep-2022 10:55:30 Asia/Jakarta] PHP Warning:  Undefined array key "kegiatan" in D:\nial_app\register-ibs\rekap.php on line 144
[10-Sep-2022 10:55:30 Asia/Jakarta] PHP Warning:  Undefined array key "rencana" in D:\nial_app\register-ibs\rekap.php on line 148
[10-Sep-2022 10:55:30 Asia/Jakarta] PHP Warning:  Undefined array key "tindak_lanjut" in D:\nial_app\register-ibs\rekap.php on line 152
[10-Sep-2022 10:55:30 Asia/Jakarta] PHP Warning:  Undefined array key "keterangan" in D:\nial_app\register-ibs\rekap.php on line 156
[10-Sep-2022 10:56:26 Asia/Jakarta] PHP Warning:  Undefined array key "pukul" in D:\nial_app\register-ibs\rekap.php on line 139
[10-Sep-2022 10:56:26 Asia/Jakarta] PHP Warning:  Undefined array key "kegiatan" in D:\nial_app\register-ibs\rekap.php on line 144
[10-Sep-2022 10:56:26 Asia/Jakarta] PHP Warning:  Undefined array key "rencana" in D:\nial_app\register-ibs\rekap.php on line 148
[10-Sep-2022 10:56:26 Asia/Jakarta] PHP Warning:  Undefined array key "tindak_lanjut" in D:\nial_app\register-ibs\rekap.php on line 152
[10-Sep-2022 10:56:26 Asia/Jakarta] PHP Warning:  Undefined array key "keterangan" in D:\nial_app\register-ibs\rekap.php on line 156
[10-Sep-2022 10:56:26 Asia/Jakarta] PHP Warning:  Undefined array key "pukul" in D:\nial_app\register-ibs\rekap.php on line 139
[10-Sep-2022 10:56:26 Asia/Jakarta] PHP Warning:  Undefined array key "kegiatan" in D:\nial_app\register-ibs\rekap.php on line 144
[10-Sep-2022 10:56:26 Asia/Jakarta] PHP Warning:  Undefined array key "rencana" in D:\nial_app\register-ibs\rekap.php on line 148
[10-Sep-2022 10:56:26 Asia/Jakarta] PHP Warning:  Undefined array key "tindak_lanjut" in D:\nial_app\register-ibs\rekap.php on line 152
[10-Sep-2022 10:56:26 Asia/Jakarta] PHP Warning:  Undefined array key "keterangan" in D:\nial_app\register-ibs\rekap.php on line 156
[10-Sep-2022 10:56:26 Asia/Jakarta] PHP Warning:  Undefined array key "pukul" in D:\nial_app\register-ibs\rekap.php on line 139
[10-Sep-2022 10:56:26 Asia/Jakarta] PHP Warning:  Undefined array key "kegiatan" in D:\nial_app\register-ibs\rekap.php on line 144
[10-Sep-2022 10:56:26 Asia/Jakarta] PHP Warning:  Undefined array key "rencana" in D:\nial_app\register-ibs\rekap.php on line 148
[10-Sep-2022 10:56:26 Asia/Jakarta] PHP Warning:  Undefined array key "tindak_lanjut" in D:\nial_app\register-ibs\rekap.php on line 152
[10-Sep-2022 10:56:26 Asia/Jakarta] PHP Warning:  Undefined array key "keterangan" in D:\nial_app\register-ibs\rekap.php on line 156
[10-Sep-2022 10:56:26 Asia/Jakarta] PHP Warning:  Undefined array key "pukul" in D:\nial_app\register-ibs\rekap.php on line 139
[10-Sep-2022 10:56:26 Asia/Jakarta] PHP Warning:  Undefined array key "kegiatan" in D:\nial_app\register-ibs\rekap.php on line 144
[10-Sep-2022 10:56:26 Asia/Jakarta] PHP Warning:  Undefined array key "rencana" in D:\nial_app\register-ibs\rekap.php on line 148
[10-Sep-2022 10:56:26 Asia/Jakarta] PHP Warning:  Undefined array key "tindak_lanjut" in D:\nial_app\register-ibs\rekap.php on line 152
[10-Sep-2022 10:56:26 Asia/Jakarta] PHP Warning:  Undefined array key "keterangan" in D:\nial_app\register-ibs\rekap.php on line 156
[10-Sep-2022 10:59:04 Asia/Jakarta] PHP Warning:  Undefined array key "pukul" in D:\nial_app\register-ibs\rekap.php on line 139
[10-Sep-2022 10:59:04 Asia/Jakarta] PHP Warning:  Undefined array key "kegiatan" in D:\nial_app\register-ibs\rekap.php on line 144
[10-Sep-2022 10:59:04 Asia/Jakarta] PHP Warning:  Undefined array key "rencana" in D:\nial_app\register-ibs\rekap.php on line 148
[10-Sep-2022 10:59:04 Asia/Jakarta] PHP Warning:  Undefined array key "tindak_lanjut" in D:\nial_app\register-ibs\rekap.php on line 152
[10-Sep-2022 10:59:04 Asia/Jakarta] PHP Warning:  Undefined array key "keterangan" in D:\nial_app\register-ibs\rekap.php on line 156
[10-Sep-2022 10:59:04 Asia/Jakarta] PHP Warning:  Undefined array key "pukul" in D:\nial_app\register-ibs\rekap.php on line 139
[10-Sep-2022 10:59:04 Asia/Jakarta] PHP Warning:  Undefined array key "kegiatan" in D:\nial_app\register-ibs\rekap.php on line 144
[10-Sep-2022 10:59:04 Asia/Jakarta] PHP Warning:  Undefined array key "rencana" in D:\nial_app\register-ibs\rekap.php on line 148
[10-Sep-2022 10:59:04 Asia/Jakarta] PHP Warning:  Undefined array key "tindak_lanjut" in D:\nial_app\register-ibs\rekap.php on line 152
[10-Sep-2022 10:59:04 Asia/Jakarta] PHP Warning:  Undefined array key "keterangan" in D:\nial_app\register-ibs\rekap.php on line 156
[10-Sep-2022 10:59:04 Asia/Jakarta] PHP Warning:  Undefined array key "pukul" in D:\nial_app\register-ibs\rekap.php on line 139
[10-Sep-2022 10:59:04 Asia/Jakarta] PHP Warning:  Undefined array key "kegiatan" in D:\nial_app\register-ibs\rekap.php on line 144
[10-Sep-2022 10:59:04 Asia/Jakarta] PHP Warning:  Undefined array key "rencana" in D:\nial_app\register-ibs\rekap.php on line 148
[10-Sep-2022 10:59:04 Asia/Jakarta] PHP Warning:  Undefined array key "tindak_lanjut" in D:\nial_app\register-ibs\rekap.php on line 152
[10-Sep-2022 10:59:04 Asia/Jakarta] PHP Warning:  Undefined array key "keterangan" in D:\nial_app\register-ibs\rekap.php on line 156
[10-Sep-2022 10:59:04 Asia/Jakarta] PHP Warning:  Undefined array key "pukul" in D:\nial_app\register-ibs\rekap.php on line 139
[10-Sep-2022 10:59:04 Asia/Jakarta] PHP Warning:  Undefined array key "kegiatan" in D:\nial_app\register-ibs\rekap.php on line 144
[10-Sep-2022 10:59:04 Asia/Jakarta] PHP Warning:  Undefined array key "rencana" in D:\nial_app\register-ibs\rekap.php on line 148
[10-Sep-2022 10:59:04 Asia/Jakarta] PHP Warning:  Undefined array key "tindak_lanjut" in D:\nial_app\register-ibs\rekap.php on line 152
[10-Sep-2022 10:59:04 Asia/Jakarta] PHP Warning:  Undefined array key "keterangan" in D:\nial_app\register-ibs\rekap.php on line 156
[10-Sep-2022 10:59:04 Asia/Jakarta] PHP Warning:  Undefined array key "pukul" in D:\nial_app\register-ibs\rekap.php on line 139
[10-Sep-2022 10:59:04 Asia/Jakarta] PHP Warning:  Undefined array key "kegiatan" in D:\nial_app\register-ibs\rekap.php on line 144
[10-Sep-2022 10:59:04 Asia/Jakarta] PHP Warning:  Undefined array key "rencana" in D:\nial_app\register-ibs\rekap.php on line 148
[10-Sep-2022 10:59:04 Asia/Jakarta] PHP Warning:  Undefined array key "tindak_lanjut" in D:\nial_app\register-ibs\rekap.php on line 152
[10-Sep-2022 10:59:04 Asia/Jakarta] PHP Warning:  Undefined array key "keterangan" in D:\nial_app\register-ibs\rekap.php on line 156
[10-Sep-2022 10:59:04 Asia/Jakarta] PHP Warning:  Undefined array key "pukul" in D:\nial_app\register-ibs\rekap.php on line 139
[10-Sep-2022 10:59:04 Asia/Jakarta] PHP Warning:  Undefined array key "kegiatan" in D:\nial_app\register-ibs\rekap.php on line 144
[10-Sep-2022 10:59:04 Asia/Jakarta] PHP Warning:  Undefined array key "rencana" in D:\nial_app\register-ibs\rekap.php on line 148
[10-Sep-2022 10:59:04 Asia/Jakarta] PHP Warning:  Undefined array key "tindak_lanjut" in D:\nial_app\register-ibs\rekap.php on line 152
[10-Sep-2022 10:59:04 Asia/Jakarta] PHP Warning:  Undefined array key "keterangan" in D:\nial_app\register-ibs\rekap.php on line 156
[10-Sep-2022 10:59:04 Asia/Jakarta] PHP Warning:  Undefined array key "pukul" in D:\nial_app\register-ibs\rekap.php on line 139
[10-Sep-2022 10:59:04 Asia/Jakarta] PHP Warning:  Undefined array key "kegiatan" in D:\nial_app\register-ibs\rekap.php on line 144
[10-Sep-2022 10:59:04 Asia/Jakarta] PHP Warning:  Undefined array key "rencana" in D:\nial_app\register-ibs\rekap.php on line 148
[10-Sep-2022 10:59:04 Asia/Jakarta] PHP Warning:  Undefined array key "tindak_lanjut" in D:\nial_app\register-ibs\rekap.php on line 152
[10-Sep-2022 10:59:04 Asia/Jakarta] PHP Warning:  Undefined array key "keterangan" in D:\nial_app\register-ibs\rekap.php on line 156
[10-Sep-2022 10:59:04 Asia/Jakarta] PHP Warning:  Undefined array key "pukul" in D:\nial_app\register-ibs\rekap.php on line 139
[10-Sep-2022 10:59:04 Asia/Jakarta] PHP Warning:  Undefined array key "kegiatan" in D:\nial_app\register-ibs\rekap.php on line 144
[10-Sep-2022 10:59:04 Asia/Jakarta] PHP Warning:  Undefined array key "rencana" in D:\nial_app\register-ibs\rekap.php on line 148
[10-Sep-2022 10:59:04 Asia/Jakarta] PHP Warning:  Undefined array key "tindak_lanjut" in D:\nial_app\register-ibs\rekap.php on line 152
[10-Sep-2022 10:59:04 Asia/Jakarta] PHP Warning:  Undefined array key "keterangan" in D:\nial_app\register-ibs\rekap.php on line 156
[10-Sep-2022 10:59:04 Asia/Jakarta] PHP Warning:  Undefined array key "pukul" in D:\nial_app\register-ibs\rekap.php on line 139
[10-Sep-2022 10:59:04 Asia/Jakarta] PHP Warning:  Undefined array key "kegiatan" in D:\nial_app\register-ibs\rekap.php on line 144
[10-Sep-2022 10:59:04 Asia/Jakarta] PHP Warning:  Undefined array key "rencana" in D:\nial_app\register-ibs\rekap.php on line 148
[10-Sep-2022 10:59:04 Asia/Jakarta] PHP Warning:  Undefined array key "tindak_lanjut" in D:\nial_app\register-ibs\rekap.php on line 152
[10-Sep-2022 10:59:04 Asia/Jakarta] PHP Warning:  Undefined array key "keterangan" in D:\nial_app\register-ibs\rekap.php on line 156
[10-Sep-2022 10:59:04 Asia/Jakarta] PHP Warning:  Undefined array key "pukul" in D:\nial_app\register-ibs\rekap.php on line 139
[10-Sep-2022 10:59:04 Asia/Jakarta] PHP Warning:  Undefined array key "kegiatan" in D:\nial_app\register-ibs\rekap.php on line 144
[10-Sep-2022 10:59:04 Asia/Jakarta] PHP Warning:  Undefined array key "rencana" in D:\nial_app\register-ibs\rekap.php on line 148
[10-Sep-2022 10:59:04 Asia/Jakarta] PHP Warning:  Undefined array key "tindak_lanjut" in D:\nial_app\register-ibs\rekap.php on line 152
[10-Sep-2022 10:59:04 Asia/Jakarta] PHP Warning:  Undefined array key "keterangan" in D:\nial_app\register-ibs\rekap.php on line 156
[10-Sep-2022 10:59:04 Asia/Jakarta] PHP Warning:  Undefined array key "pukul" in D:\nial_app\register-ibs\rekap.php on line 139
[10-Sep-2022 10:59:04 Asia/Jakarta] PHP Warning:  Undefined array key "kegiatan" in D:\nial_app\register-ibs\rekap.php on line 144
[10-Sep-2022 10:59:04 Asia/Jakarta] PHP Warning:  Undefined array key "rencana" in D:\nial_app\register-ibs\rekap.php on line 148
[10-Sep-2022 10:59:04 Asia/Jakarta] PHP Warning:  Undefined array key "tindak_lanjut" in D:\nial_app\register-ibs\rekap.php on line 152
[10-Sep-2022 10:59:04 Asia/Jakarta] PHP Warning:  Undefined array key "keterangan" in D:\nial_app\register-ibs\rekap.php on line 156
[10-Sep-2022 10:59:04 Asia/Jakarta] PHP Warning:  Undefined array key "pukul" in D:\nial_app\register-ibs\rekap.php on line 139
[10-Sep-2022 10:59:04 Asia/Jakarta] PHP Warning:  Undefined array key "kegiatan" in D:\nial_app\register-ibs\rekap.php on line 144
[10-Sep-2022 10:59:04 Asia/Jakarta] PHP Warning:  Undefined array key "rencana" in D:\nial_app\register-ibs\rekap.php on line 148
[10-Sep-2022 10:59:04 Asia/Jakarta] PHP Warning:  Undefined array key "tindak_lanjut" in D:\nial_app\register-ibs\rekap.php on line 152
[10-Sep-2022 10:59:04 Asia/Jakarta] PHP Warning:  Undefined array key "keterangan" in D:\nial_app\register-ibs\rekap.php on line 156
[10-Sep-2022 10:59:04 Asia/Jakarta] PHP Warning:  Undefined array key "pukul" in D:\nial_app\register-ibs\rekap.php on line 139
[10-Sep-2022 10:59:04 Asia/Jakarta] PHP Warning:  Undefined array key "kegiatan" in D:\nial_app\register-ibs\rekap.php on line 144
[10-Sep-2022 10:59:04 Asia/Jakarta] PHP Warning:  Undefined array key "rencana" in D:\nial_app\register-ibs\rekap.php on line 148
[10-Sep-2022 10:59:04 Asia/Jakarta] PHP Warning:  Undefined array key "tindak_lanjut" in D:\nial_app\register-ibs\rekap.php on line 152
[10-Sep-2022 10:59:04 Asia/Jakarta] PHP Warning:  Undefined array key "keterangan" in D:\nial_app\register-ibs\rekap.php on line 156
[10-Sep-2022 10:59:04 Asia/Jakarta] PHP Warning:  Undefined array key "pukul" in D:\nial_app\register-ibs\rekap.php on line 139
[10-Sep-2022 10:59:04 Asia/Jakarta] PHP Warning:  Undefined array key "kegiatan" in D:\nial_app\register-ibs\rekap.php on line 144
[10-Sep-2022 10:59:04 Asia/Jakarta] PHP Warning:  Undefined array key "rencana" in D:\nial_app\register-ibs\rekap.php on line 148
[10-Sep-2022 10:59:04 Asia/Jakarta] PHP Warning:  Undefined array key "tindak_lanjut" in D:\nial_app\register-ibs\rekap.php on line 152
[10-Sep-2022 10:59:04 Asia/Jakarta] PHP Warning:  Undefined array key "keterangan" in D:\nial_app\register-ibs\rekap.php on line 156
[10-Sep-2022 10:59:04 Asia/Jakarta] PHP Warning:  Undefined array key "pukul" in D:\nial_app\register-ibs\rekap.php on line 139
[10-Sep-2022 10:59:04 Asia/Jakarta] PHP Warning:  Undefined array key "kegiatan" in D:\nial_app\register-ibs\rekap.php on line 144
[10-Sep-2022 10:59:04 Asia/Jakarta] PHP Warning:  Undefined array key "rencana" in D:\nial_app\register-ibs\rekap.php on line 148
[10-Sep-2022 10:59:04 Asia/Jakarta] PHP Warning:  Undefined array key "tindak_lanjut" in D:\nial_app\register-ibs\rekap.php on line 152
[10-Sep-2022 10:59:04 Asia/Jakarta] PHP Warning:  Undefined array key "keterangan" in D:\nial_app\register-ibs\rekap.php on line 156
[10-Sep-2022 10:59:04 Asia/Jakarta] PHP Warning:  Undefined array key "pukul" in D:\nial_app\register-ibs\rekap.php on line 139
[10-Sep-2022 10:59:04 Asia/Jakarta] PHP Warning:  Undefined array key "kegiatan" in D:\nial_app\register-ibs\rekap.php on line 144
[10-Sep-2022 10:59:04 Asia/Jakarta] PHP Warning:  Undefined array key "rencana" in D:\nial_app\register-ibs\rekap.php on line 148
[10-Sep-2022 10:59:04 Asia/Jakarta] PHP Warning:  Undefined array key "tindak_lanjut" in D:\nial_app\register-ibs\rekap.php on line 152
[10-Sep-2022 10:59:04 Asia/Jakarta] PHP Warning:  Undefined array key "keterangan" in D:\nial_app\register-ibs\rekap.php on line 156
[10-Sep-2022 10:59:04 Asia/Jakarta] PHP Warning:  Undefined array key "pukul" in D:\nial_app\register-ibs\rekap.php on line 139
[10-Sep-2022 10:59:04 Asia/Jakarta] PHP Warning:  Undefined array key "kegiatan" in D:\nial_app\register-ibs\rekap.php on line 144
[10-Sep-2022 10:59:04 Asia/Jakarta] PHP Warning:  Undefined array key "rencana" in D:\nial_app\register-ibs\rekap.php on line 148
[10-Sep-2022 10:59:04 Asia/Jakarta] PHP Warning:  Undefined array key "tindak_lanjut" in D:\nial_app\register-ibs\rekap.php on line 152
[10-Sep-2022 10:59:04 Asia/Jakarta] PHP Warning:  Undefined array key "keterangan" in D:\nial_app\register-ibs\rekap.php on line 156
[10-Sep-2022 10:59:04 Asia/Jakarta] PHP Warning:  Undefined array key "pukul" in D:\nial_app\register-ibs\rekap.php on line 139
[10-Sep-2022 10:59:04 Asia/Jakarta] PHP Warning:  Undefined array key "kegiatan" in D:\nial_app\register-ibs\rekap.php on line 144
[10-Sep-2022 10:59:04 Asia/Jakarta] PHP Warning:  Undefined array key "rencana" in D:\nial_app\register-ibs\rekap.php on line 148
[10-Sep-2022 10:59:04 Asia/Jakarta] PHP Warning:  Undefined array key "tindak_lanjut" in D:\nial_app\register-ibs\rekap.php on line 152
[10-Sep-2022 10:59:04 Asia/Jakarta] PHP Warning:  Undefined array key "keterangan" in D:\nial_app\register-ibs\rekap.php on line 156
[10-Sep-2022 10:59:04 Asia/Jakarta] PHP Warning:  Undefined array key "pukul" in D:\nial_app\register-ibs\rekap.php on line 139
[10-Sep-2022 10:59:04 Asia/Jakarta] PHP Warning:  Undefined array key "kegiatan" in D:\nial_app\register-ibs\rekap.php on line 144
[10-Sep-2022 10:59:04 Asia/Jakarta] PHP Warning:  Undefined array key "rencana" in D:\nial_app\register-ibs\rekap.php on line 148
[10-Sep-2022 10:59:04 Asia/Jakarta] PHP Warning:  Undefined array key "tindak_lanjut" in D:\nial_app\register-ibs\rekap.php on line 152
[10-Sep-2022 10:59:04 Asia/Jakarta] PHP Warning:  Undefined array key "keterangan" in D:\nial_app\register-ibs\rekap.php on line 156
[10-Sep-2022 10:59:04 Asia/Jakarta] PHP Warning:  Undefined array key "pukul" in D:\nial_app\register-ibs\rekap.php on line 139
[10-Sep-2022 10:59:04 Asia/Jakarta] PHP Warning:  Undefined array key "kegiatan" in D:\nial_app\register-ibs\rekap.php on line 144
[10-Sep-2022 10:59:04 Asia/Jakarta] PHP Warning:  Undefined array key "rencana" in D:\nial_app\register-ibs\rekap.php on line 148
[10-Sep-2022 10:59:04 Asia/Jakarta] PHP Warning:  Undefined array key "tindak_lanjut" in D:\nial_app\register-ibs\rekap.php on line 152
[10-Sep-2022 10:59:04 Asia/Jakarta] PHP Warning:  Undefined array key "keterangan" in D:\nial_app\register-ibs\rekap.php on line 156
[10-Sep-2022 10:59:22 Asia/Jakarta] PHP Warning:  Undefined array key "pukul" in D:\nial_app\register-ibs\rekap.php on line 139
[10-Sep-2022 10:59:22 Asia/Jakarta] PHP Warning:  Undefined array key "kegiatan" in D:\nial_app\register-ibs\rekap.php on line 144
[10-Sep-2022 10:59:22 Asia/Jakarta] PHP Warning:  Undefined array key "rencana" in D:\nial_app\register-ibs\rekap.php on line 148
[10-Sep-2022 10:59:22 Asia/Jakarta] PHP Warning:  Undefined array key "tindak_lanjut" in D:\nial_app\register-ibs\rekap.php on line 152
[10-Sep-2022 10:59:22 Asia/Jakarta] PHP Warning:  Undefined array key "keterangan" in D:\nial_app\register-ibs\rekap.php on line 156
[10-Sep-2022 10:59:22 Asia/Jakarta] PHP Warning:  Undefined array key "pukul" in D:\nial_app\register-ibs\rekap.php on line 139
[10-Sep-2022 10:59:22 Asia/Jakarta] PHP Warning:  Undefined array key "kegiatan" in D:\nial_app\register-ibs\rekap.php on line 144
[10-Sep-2022 10:59:22 Asia/Jakarta] PHP Warning:  Undefined array key "rencana" in D:\nial_app\register-ibs\rekap.php on line 148
[10-Sep-2022 10:59:22 Asia/Jakarta] PHP Warning:  Undefined array key "tindak_lanjut" in D:\nial_app\register-ibs\rekap.php on line 152
[10-Sep-2022 10:59:22 Asia/Jakarta] PHP Warning:  Undefined array key "keterangan" in D:\nial_app\register-ibs\rekap.php on line 156
[10-Sep-2022 10:59:22 Asia/Jakarta] PHP Warning:  Undefined array key "pukul" in D:\nial_app\register-ibs\rekap.php on line 139
[10-Sep-2022 10:59:22 Asia/Jakarta] PHP Warning:  Undefined array key "kegiatan" in D:\nial_app\register-ibs\rekap.php on line 144
[10-Sep-2022 10:59:22 Asia/Jakarta] PHP Warning:  Undefined array key "rencana" in D:\nial_app\register-ibs\rekap.php on line 148
[10-Sep-2022 10:59:22 Asia/Jakarta] PHP Warning:  Undefined array key "tindak_lanjut" in D:\nial_app\register-ibs\rekap.php on line 152
[10-Sep-2022 10:59:22 Asia/Jakarta] PHP Warning:  Undefined array key "keterangan" in D:\nial_app\register-ibs\rekap.php on line 156
[10-Sep-2022 10:59:22 Asia/Jakarta] PHP Warning:  Undefined array key "pukul" in D:\nial_app\register-ibs\rekap.php on line 139
[10-Sep-2022 10:59:22 Asia/Jakarta] PHP Warning:  Undefined array key "kegiatan" in D:\nial_app\register-ibs\rekap.php on line 144
[10-Sep-2022 10:59:22 Asia/Jakarta] PHP Warning:  Undefined array key "rencana" in D:\nial_app\register-ibs\rekap.php on line 148
[10-Sep-2022 10:59:22 Asia/Jakarta] PHP Warning:  Undefined array key "tindak_lanjut" in D:\nial_app\register-ibs\rekap.php on line 152
[10-Sep-2022 10:59:22 Asia/Jakarta] PHP Warning:  Undefined array key "keterangan" in D:\nial_app\register-ibs\rekap.php on line 156
[10-Sep-2022 10:59:22 Asia/Jakarta] PHP Warning:  Undefined array key "pukul" in D:\nial_app\register-ibs\rekap.php on line 139
[10-Sep-2022 10:59:22 Asia/Jakarta] PHP Warning:  Undefined array key "kegiatan" in D:\nial_app\register-ibs\rekap.php on line 144
[10-Sep-2022 10:59:22 Asia/Jakarta] PHP Warning:  Undefined array key "rencana" in D:\nial_app\register-ibs\rekap.php on line 148
[10-Sep-2022 10:59:22 Asia/Jakarta] PHP Warning:  Undefined array key "tindak_lanjut" in D:\nial_app\register-ibs\rekap.php on line 152
[10-Sep-2022 10:59:22 Asia/Jakarta] PHP Warning:  Undefined array key "keterangan" in D:\nial_app\register-ibs\rekap.php on line 156
[10-Sep-2022 10:59:22 Asia/Jakarta] PHP Warning:  Undefined array key "pukul" in D:\nial_app\register-ibs\rekap.php on line 139
[10-Sep-2022 10:59:22 Asia/Jakarta] PHP Warning:  Undefined array key "kegiatan" in D:\nial_app\register-ibs\rekap.php on line 144
[10-Sep-2022 10:59:22 Asia/Jakarta] PHP Warning:  Undefined array key "rencana" in D:\nial_app\register-ibs\rekap.php on line 148
[10-Sep-2022 10:59:22 Asia/Jakarta] PHP Warning:  Undefined array key "tindak_lanjut" in D:\nial_app\register-ibs\rekap.php on line 152
[10-Sep-2022 10:59:22 Asia/Jakarta] PHP Warning:  Undefined array key "keterangan" in D:\nial_app\register-ibs\rekap.php on line 156
[10-Sep-2022 10:59:22 Asia/Jakarta] PHP Warning:  Undefined array key "pukul" in D:\nial_app\register-ibs\rekap.php on line 139
[10-Sep-2022 10:59:22 Asia/Jakarta] PHP Warning:  Undefined array key "kegiatan" in D:\nial_app\register-ibs\rekap.php on line 144
[10-Sep-2022 10:59:22 Asia/Jakarta] PHP Warning:  Undefined array key "rencana" in D:\nial_app\register-ibs\rekap.php on line 148
[10-Sep-2022 10:59:22 Asia/Jakarta] PHP Warning:  Undefined array key "tindak_lanjut" in D:\nial_app\register-ibs\rekap.php on line 152
[10-Sep-2022 10:59:22 Asia/Jakarta] PHP Warning:  Undefined array key "keterangan" in D:\nial_app\register-ibs\rekap.php on line 156
[10-Sep-2022 10:59:22 Asia/Jakarta] PHP Warning:  Undefined array key "pukul" in D:\nial_app\register-ibs\rekap.php on line 139
[10-Sep-2022 10:59:22 Asia/Jakarta] PHP Warning:  Undefined array key "kegiatan" in D:\nial_app\register-ibs\rekap.php on line 144
[10-Sep-2022 10:59:22 Asia/Jakarta] PHP Warning:  Undefined array key "rencana" in D:\nial_app\register-ibs\rekap.php on line 148
[10-Sep-2022 10:59:22 Asia/Jakarta] PHP Warning:  Undefined array key "tindak_lanjut" in D:\nial_app\register-ibs\rekap.php on line 152
[10-Sep-2022 10:59:22 Asia/Jakarta] PHP Warning:  Undefined array key "keterangan" in D:\nial_app\register-ibs\rekap.php on line 156
[10-Sep-2022 10:59:22 Asia/Jakarta] PHP Warning:  Undefined array key "pukul" in D:\nial_app\register-ibs\rekap.php on line 139
[10-Sep-2022 10:59:22 Asia/Jakarta] PHP Warning:  Undefined array key "kegiatan" in D:\nial_app\register-ibs\rekap.php on line 144
[10-Sep-2022 10:59:22 Asia/Jakarta] PHP Warning:  Undefined array key "rencana" in D:\nial_app\register-ibs\rekap.php on line 148
[10-Sep-2022 10:59:22 Asia/Jakarta] PHP Warning:  Undefined array key "tindak_lanjut" in D:\nial_app\register-ibs\rekap.php on line 152
[10-Sep-2022 10:59:22 Asia/Jakarta] PHP Warning:  Undefined array key "keterangan" in D:\nial_app\register-ibs\rekap.php on line 156
[10-Sep-2022 10:59:22 Asia/Jakarta] PHP Warning:  Undefined array key "pukul" in D:\nial_app\register-ibs\rekap.php on line 139
[10-Sep-2022 10:59:22 Asia/Jakarta] PHP Warning:  Undefined array key "kegiatan" in D:\nial_app\register-ibs\rekap.php on line 144
[10-Sep-2022 10:59:22 Asia/Jakarta] PHP Warning:  Undefined array key "rencana" in D:\nial_app\register-ibs\rekap.php on line 148
[10-Sep-2022 10:59:22 Asia/Jakarta] PHP Warning:  Undefined array key "tindak_lanjut" in D:\nial_app\register-ibs\rekap.php on line 152
[10-Sep-2022 10:59:22 Asia/Jakarta] PHP Warning:  Undefined array key "keterangan" in D:\nial_app\register-ibs\rekap.php on line 156
[10-Sep-2022 10:59:22 Asia/Jakarta] PHP Warning:  Undefined array key "pukul" in D:\nial_app\register-ibs\rekap.php on line 139
[10-Sep-2022 10:59:22 Asia/Jakarta] PHP Warning:  Undefined array key "kegiatan" in D:\nial_app\register-ibs\rekap.php on line 144
[10-Sep-2022 10:59:22 Asia/Jakarta] PHP Warning:  Undefined array key "rencana" in D:\nial_app\register-ibs\rekap.php on line 148
[10-Sep-2022 10:59:22 Asia/Jakarta] PHP Warning:  Undefined array key "tindak_lanjut" in D:\nial_app\register-ibs\rekap.php on line 152
[10-Sep-2022 10:59:22 Asia/Jakarta] PHP Warning:  Undefined array key "keterangan" in D:\nial_app\register-ibs\rekap.php on line 156
[10-Sep-2022 10:59:22 Asia/Jakarta] PHP Warning:  Undefined array key "pukul" in D:\nial_app\register-ibs\rekap.php on line 139
[10-Sep-2022 10:59:22 Asia/Jakarta] PHP Warning:  Undefined array key "kegiatan" in D:\nial_app\register-ibs\rekap.php on line 144
[10-Sep-2022 10:59:22 Asia/Jakarta] PHP Warning:  Undefined array key "rencana" in D:\nial_app\register-ibs\rekap.php on line 148
[10-Sep-2022 10:59:22 Asia/Jakarta] PHP Warning:  Undefined array key "tindak_lanjut" in D:\nial_app\register-ibs\rekap.php on line 152
[10-Sep-2022 10:59:22 Asia/Jakarta] PHP Warning:  Undefined array key "keterangan" in D:\nial_app\register-ibs\rekap.php on line 156
[10-Sep-2022 10:59:22 Asia/Jakarta] PHP Warning:  Undefined array key "pukul" in D:\nial_app\register-ibs\rekap.php on line 139
[10-Sep-2022 10:59:22 Asia/Jakarta] PHP Warning:  Undefined array key "kegiatan" in D:\nial_app\register-ibs\rekap.php on line 144
[10-Sep-2022 10:59:22 Asia/Jakarta] PHP Warning:  Undefined array key "rencana" in D:\nial_app\register-ibs\rekap.php on line 148
[10-Sep-2022 10:59:22 Asia/Jakarta] PHP Warning:  Undefined array key "tindak_lanjut" in D:\nial_app\register-ibs\rekap.php on line 152
[10-Sep-2022 10:59:22 Asia/Jakarta] PHP Warning:  Undefined array key "keterangan" in D:\nial_app\register-ibs\rekap.php on line 156
[10-Sep-2022 10:59:22 Asia/Jakarta] PHP Warning:  Undefined array key "pukul" in D:\nial_app\register-ibs\rekap.php on line 139
[10-Sep-2022 10:59:22 Asia/Jakarta] PHP Warning:  Undefined array key "kegiatan" in D:\nial_app\register-ibs\rekap.php on line 144
[10-Sep-2022 10:59:22 Asia/Jakarta] PHP Warning:  Undefined array key "rencana" in D:\nial_app\register-ibs\rekap.php on line 148
[10-Sep-2022 10:59:22 Asia/Jakarta] PHP Warning:  Undefined array key "tindak_lanjut" in D:\nial_app\register-ibs\rekap.php on line 152
[10-Sep-2022 10:59:22 Asia/Jakarta] PHP Warning:  Undefined array key "keterangan" in D:\nial_app\register-ibs\rekap.php on line 156
[10-Sep-2022 10:59:22 Asia/Jakarta] PHP Warning:  Undefined array key "pukul" in D:\nial_app\register-ibs\rekap.php on line 139
[10-Sep-2022 10:59:22 Asia/Jakarta] PHP Warning:  Undefined array key "kegiatan" in D:\nial_app\register-ibs\rekap.php on line 144
[10-Sep-2022 10:59:22 Asia/Jakarta] PHP Warning:  Undefined array key "rencana" in D:\nial_app\register-ibs\rekap.php on line 148
[10-Sep-2022 10:59:22 Asia/Jakarta] PHP Warning:  Undefined array key "tindak_lanjut" in D:\nial_app\register-ibs\rekap.php on line 152
[10-Sep-2022 10:59:22 Asia/Jakarta] PHP Warning:  Undefined array key "keterangan" in D:\nial_app\register-ibs\rekap.php on line 156
[10-Sep-2022 10:59:22 Asia/Jakarta] PHP Warning:  Undefined array key "pukul" in D:\nial_app\register-ibs\rekap.php on line 139
[10-Sep-2022 10:59:22 Asia/Jakarta] PHP Warning:  Undefined array key "kegiatan" in D:\nial_app\register-ibs\rekap.php on line 144
[10-Sep-2022 10:59:22 Asia/Jakarta] PHP Warning:  Undefined array key "rencana" in D:\nial_app\register-ibs\rekap.php on line 148
[10-Sep-2022 10:59:22 Asia/Jakarta] PHP Warning:  Undefined array key "tindak_lanjut" in D:\nial_app\register-ibs\rekap.php on line 152
[10-Sep-2022 10:59:22 Asia/Jakarta] PHP Warning:  Undefined array key "keterangan" in D:\nial_app\register-ibs\rekap.php on line 156
[10-Sep-2022 10:59:22 Asia/Jakarta] PHP Warning:  Undefined array key "pukul" in D:\nial_app\register-ibs\rekap.php on line 139
[10-Sep-2022 10:59:22 Asia/Jakarta] PHP Warning:  Undefined array key "kegiatan" in D:\nial_app\register-ibs\rekap.php on line 144
[10-Sep-2022 10:59:22 Asia/Jakarta] PHP Warning:  Undefined array key "rencana" in D:\nial_app\register-ibs\rekap.php on line 148
[10-Sep-2022 10:59:22 Asia/Jakarta] PHP Warning:  Undefined array key "tindak_lanjut" in D:\nial_app\register-ibs\rekap.php on line 152
[10-Sep-2022 10:59:22 Asia/Jakarta] PHP Warning:  Undefined array key "keterangan" in D:\nial_app\register-ibs\rekap.php on line 156
[10-Sep-2022 10:59:22 Asia/Jakarta] PHP Warning:  Undefined array key "pukul" in D:\nial_app\register-ibs\rekap.php on line 139
[10-Sep-2022 10:59:22 Asia/Jakarta] PHP Warning:  Undefined array key "kegiatan" in D:\nial_app\register-ibs\rekap.php on line 144
[10-Sep-2022 10:59:22 Asia/Jakarta] PHP Warning:  Undefined array key "rencana" in D:\nial_app\register-ibs\rekap.php on line 148
[10-Sep-2022 10:59:22 Asia/Jakarta] PHP Warning:  Undefined array key "tindak_lanjut" in D:\nial_app\register-ibs\rekap.php on line 152
[10-Sep-2022 10:59:22 Asia/Jakarta] PHP Warning:  Undefined array key "keterangan" in D:\nial_app\register-ibs\rekap.php on line 156
[10-Sep-2022 10:59:22 Asia/Jakarta] PHP Warning:  Undefined array key "pukul" in D:\nial_app\register-ibs\rekap.php on line 139
[10-Sep-2022 10:59:22 Asia/Jakarta] PHP Warning:  Undefined array key "kegiatan" in D:\nial_app\register-ibs\rekap.php on line 144
[10-Sep-2022 10:59:22 Asia/Jakarta] PHP Warning:  Undefined array key "rencana" in D:\nial_app\register-ibs\rekap.php on line 148
[10-Sep-2022 10:59:22 Asia/Jakarta] PHP Warning:  Undefined array key "tindak_lanjut" in D:\nial_app\register-ibs\rekap.php on line 152
[10-Sep-2022 10:59:22 Asia/Jakarta] PHP Warning:  Undefined array key "keterangan" in D:\nial_app\register-ibs\rekap.php on line 156
[10-Sep-2022 10:59:22 Asia/Jakarta] PHP Warning:  Undefined array key "pukul" in D:\nial_app\register-ibs\rekap.php on line 139
[10-Sep-2022 10:59:22 Asia/Jakarta] PHP Warning:  Undefined array key "kegiatan" in D:\nial_app\register-ibs\rekap.php on line 144
[10-Sep-2022 10:59:22 Asia/Jakarta] PHP Warning:  Undefined array key "rencana" in D:\nial_app\register-ibs\rekap.php on line 148
[10-Sep-2022 10:59:22 Asia/Jakarta] PHP Warning:  Undefined array key "tindak_lanjut" in D:\nial_app\register-ibs\rekap.php on line 152
[10-Sep-2022 10:59:22 Asia/Jakarta] PHP Warning:  Undefined array key "keterangan" in D:\nial_app\register-ibs\rekap.php on line 156
[25-Oct-2022 08:28:52 Asia/Jakarta] PHP Warning:  include(conn.php): Failed to open stream: No such file or directory in D:\nial_app\register-ibs\proses.php on line 2
[25-Oct-2022 08:28:52 Asia/Jakarta] PHP Warning:  include(): Failed opening 'conn.php' for inclusion (include_path='.;C:\php\pear') in D:\nial_app\register-ibs\proses.php on line 2
[25-Oct-2022 08:30:22 Asia/Jakarta] PHP Warning:  Undefined array key "komplikasi" in D:\nial_app\register-ibs\rekap.php on line 124
[25-Oct-2022 08:30:22 Asia/Jakarta] PHP Warning:  Undefined array key "komplikasi" in D:\nial_app\register-ibs\rekap.php on line 124
[25-Oct-2022 08:30:22 Asia/Jakarta] PHP Warning:  Undefined array key "komplikasi" in D:\nial_app\register-ibs\rekap.php on line 124
[25-Oct-2022 08:30:22 Asia/Jakarta] PHP Warning:  Undefined array key "komplikasi" in D:\nial_app\register-ibs\rekap.php on line 124
[25-Oct-2022 08:30:22 Asia/Jakarta] PHP Warning:  Undefined array key "komplikasi" in D:\nial_app\register-ibs\rekap.php on line 124
[25-Oct-2022 08:30:22 Asia/Jakarta] PHP Warning:  Undefined array key "komplikasi" in D:\nial_app\register-ibs\rekap.php on line 124
[25-Oct-2022 08:30:22 Asia/Jakarta] PHP Warning:  Undefined array key "komplikasi" in D:\nial_app\register-ibs\rekap.php on line 124
[25-Oct-2022 08:30:22 Asia/Jakarta] PHP Warning:  Undefined array key "komplikasi" in D:\nial_app\register-ibs\rekap.php on line 124
[25-Oct-2022 08:30:22 Asia/Jakarta] PHP Warning:  Undefined array key "komplikasi" in D:\nial_app\register-ibs\rekap.php on line 124
[25-Oct-2022 08:30:22 Asia/Jakarta] PHP Warning:  Undefined array key "komplikasi" in D:\nial_app\register-ibs\rekap.php on line 124
[25-Oct-2022 08:30:22 Asia/Jakarta] PHP Warning:  Undefined array key "komplikasi" in D:\nial_app\register-ibs\rekap.php on line 124
[25-Oct-2022 08:30:22 Asia/Jakarta] PHP Warning:  Undefined array key "komplikasi" in D:\nial_app\register-ibs\rekap.php on line 124
[25-Oct-2022 08:30:22 Asia/Jakarta] PHP Warning:  Undefined array key "komplikasi" in D:\nial_app\register-ibs\rekap.php on line 124
[25-Oct-2022 08:30:22 Asia/Jakarta] PHP Warning:  Undefined array key "komplikasi" in D:\nial_app\register-ibs\rekap.php on line 124
[25-Oct-2022 08:30:22 Asia/Jakarta] PHP Warning:  Undefined array key "komplikasi" in D:\nial_app\register-ibs\rekap.php on line 124
[25-Oct-2022 08:30:22 Asia/Jakarta] PHP Warning:  Undefined array key "komplikasi" in D:\nial_app\register-ibs\rekap.php on line 124
[25-Oct-2022 08:30:22 Asia/Jakarta] PHP Warning:  Undefined array key "komplikasi" in D:\nial_app\register-ibs\rekap.php on line 124
[24-Nov-2022 10:01:07 Asia/Jakarta] PHP Warning:  include(conn.php): Failed to open stream: No such file or directory in D:\nial_app\register-ibs\proses.php on line 2
[24-Nov-2022 10:01:07 Asia/Jakarta] PHP Warning:  include(): Failed opening 'conn.php' for inclusion (include_path='.;C:\php\pear') in D:\nial_app\register-ibs\proses.php on line 2
[24-Nov-2022 10:03:10 Asia/Jakarta] PHP Warning:  include(conn.php): Failed to open stream: No such file or directory in D:\nial_app\register-ibs\proses.php on line 2
[24-Nov-2022 10:03:10 Asia/Jakarta] PHP Warning:  include(): Failed opening 'conn.php' for inclusion (include_path='.;C:\php\pear') in D:\nial_app\register-ibs\proses.php on line 2
[12-Jul-2023 11:21:12 Asia/Jakarta] PHP Warning:  include(conn.php): Failed to open stream: No such file or directory in D:\nial_app\register-ibs\rekap.php on line 100
[12-Jul-2023 11:21:12 Asia/Jakarta] PHP Warning:  include(): Failed opening 'conn.php' for inclusion (include_path='.;C:\php\pear') in D:\nial_app\register-ibs\rekap.php on line 100
[12-Jul-2023 11:21:12 Asia/Jakarta] PHP Warning:  include(conn.php): Failed to open stream: No such file or directory in D:\nial_app\register-ibs\delete.php on line 2
[12-Jul-2023 11:21:12 Asia/Jakarta] PHP Warning:  include(): Failed opening 'conn.php' for inclusion (include_path='.;C:\php\pear') in D:\nial_app\register-ibs\delete.php on line 2
[12-Jul-2023 11:21:12 Asia/Jakarta] PHP Warning:  include(conn.php): Failed to open stream: No such file or directory in D:\nial_app\register-ibs\edit.php on line 3
[12-Jul-2023 11:21:12 Asia/Jakarta] PHP Warning:  include(): Failed opening 'conn.php' for inclusion (include_path='.;C:\php\pear') in D:\nial_app\register-ibs\edit.php on line 3
[12-Jul-2023 11:21:20 Asia/Jakarta] PHP Warning:  include(conn.php): Failed to open stream: No such file or directory in D:\nial_app\register-ibs\proses.php on line 2
[12-Jul-2023 11:21:20 Asia/Jakarta] PHP Warning:  include(): Failed opening 'conn.php' for inclusion (include_path='.;C:\php\pear') in D:\nial_app\register-ibs\proses.php on line 2
[12-Jul-2023 21:55:47 Asia/Jakarta] PHP Warning:  Undefined array key "konversi_t_a" in D:\nial_app\register-ibs\edit.php on line 16
[12-Jul-2023 21:56:38 Asia/Jakarta] PHP Warning:  Undefined array key "konversi_t_a" in D:\nial_app\register-ibs\edit.php on line 16
[12-Jul-2023 21:57:11 Asia/Jakarta] PHP Warning:  Undefined array key "konversi_t_a" in D:\nial_app\register-ibs\edit.php on line 16
[12-Jul-2023 21:57:54 Asia/Jakarta] PHP Warning:  Undefined array key "konversi_t_a" in D:\nial_app\register-ibs\edit.php on line 16
[12-Jul-2023 22:07:42 Asia/Jakarta] PHP Warning:  Undefined array key "konversi_t_a" in D:\nial_app\register-ibs\edit.php on line 16
[12-Jul-2023 22:08:53 Asia/Jakarta] PHP Warning:  Undefined array key "konversi_t_a" in D:\nial_app\register-ibs\edit.php on line 16
[12-Jul-2023 22:11:54 Asia/Jakarta] PHP Warning:  Undefined array key "konversi_t_a" in D:\nial_app\register-ibs\edit.php on line 16
[12-Jul-2023 22:13:22 Asia/Jakarta] PHP Warning:  Undefined array key "konversi_t_a" in D:\nial_app\register-ibs\edit.php on line 16
[12-Jul-2023 22:14:30 Asia/Jakarta] PHP Warning:  Undefined array key "konversi_t_a" in D:\nial_app\register-ibs\edit.php on line 16
[12-Jul-2023 22:15:21 Asia/Jakarta] PHP Warning:  Undefined array key "konversi_t_a" in D:\nial_app\register-ibs\edit.php on line 16
[13-Jul-2023 19:47:44 Asia/Jakarta] PHP Warning:  Undefined array key "konversi_t_a" in D:\nial_app\register-ibs\edit.php on line 16
[24-Jul-2023 20:27:44 Asia/Jakarta] PHP Warning:  Undefined array key "konversi_t_a" in D:\nial_app\register-ibs\edit.php on line 16
[24-Jul-2023 20:28:26 Asia/Jakarta] PHP Warning:  Undefined array key "konversi_t_a" in D:\nial_app\register-ibs\edit.php on line 16
[26-Jul-2023 11:55:49 Asia/Jakarta] PHP Warning:  Undefined array key "konversi_t_a" in D:\nial_app\register-ibs\edit.php on line 16
[26-Jul-2023 11:56:28 Asia/Jakarta] PHP Warning:  Undefined array key "konversi_t_a" in D:\nial_app\register-ibs\edit.php on line 16
[26-Jul-2023 11:57:04 Asia/Jakarta] PHP Warning:  Undefined array key "konversi_t_a" in D:\nial_app\register-ibs\edit.php on line 16
[27-Jul-2023 19:19:37 Asia/Jakarta] PHP Warning:  Undefined array key "konversi_t_a" in D:\nial_app\register-ibs\edit.php on line 16
[27-Jul-2023 21:43:27 Asia/Jakarta] PHP Warning:  Undefined array key "konversi_t_a" in D:\nial_app\register-ibs\edit.php on line 16
[28-Jul-2023 16:03:45 Asia/Jakarta] PHP Warning:  Undefined array key "konversi_t_a" in D:\nial_app\register-ibs\edit.php on line 16
[28-Jul-2023 16:04:30 Asia/Jakarta] PHP Warning:  Undefined array key "konversi_t_a" in D:\nial_app\register-ibs\edit.php on line 16
[30-Jul-2023 11:11:00 Asia/Jakarta] PHP Warning:  Undefined array key "konversi_t_a" in D:\nial_app\register-ibs\edit.php on line 16
[03-Aug-2023 09:32:44 Asia/Jakarta] PHP Warning:  Undefined array key "konversi_t_a" in D:\nial_app\register-ibs\edit.php on line 16
[04-Aug-2023 13:08:30 Asia/Jakarta] PHP Warning:  Undefined array key "konversi_t_a" in D:\nial_app\register-ibs\edit.php on line 16
[04-Aug-2023 13:23:34 Asia/Jakarta] PHP Warning:  Undefined array key "konversi_t_a" in D:\nial_app\register-ibs\edit.php on line 16
[08-Aug-2023 20:22:31 Asia/Jakarta] PHP Warning:  Undefined array key "konversi_t_a" in D:\nial_app\register-ibs\edit.php on line 16
[08-Aug-2023 20:23:42 Asia/Jakarta] PHP Warning:  Undefined array key "konversi_t_a" in D:\nial_app\register-ibs\edit.php on line 16
[21-Aug-2023 14:06:00 Asia/Jakarta] PHP Warning:  Undefined array key "konversi_t_a" in D:\nial_app\register-ibs\edit.php on line 16
[25-Aug-2023 14:27:39 Asia/Jakarta] PHP Warning:  Undefined array key "konversi_t_a" in D:\nial_app\register-ibs\edit.php on line 16
[26-Aug-2023 16:40:25 Asia/Jakarta] PHP Warning:  Undefined array key "konversi_t_a" in D:\nial_app\register-ibs\edit.php on line 16
[30-Aug-2023 20:42:32 Asia/Jakarta] PHP Warning:  Undefined array key "konversi_t_a" in D:\nial_app\register-ibs\edit.php on line 16
[01-Sep-2023 18:54:15 Asia/Jakarta] PHP Warning:  Undefined array key "konversi_t_a" in D:\nial_app\register-ibs\edit.php on line 16
[01-Sep-2023 18:55:03 Asia/Jakarta] PHP Warning:  Undefined array key "konversi_t_a" in D:\nial_app\register-ibs\edit.php on line 16
[08-Sep-2023 21:58:07 Asia/Jakarta] PHP Warning:  Undefined array key "konversi_t_a" in D:\nial_app\register-ibs\edit.php on line 16
[08-Sep-2023 21:59:09 Asia/Jakarta] PHP Warning:  Undefined array key "konversi_t_a" in D:\nial_app\register-ibs\edit.php on line 16
[17-Sep-2023 21:14:25 Asia/Jakarta] PHP Warning:  Undefined array key "konversi_t_a" in D:\nial_app\register-ibs\edit.php on line 16
[17-Sep-2023 22:21:43 Asia/Jakarta] PHP Warning:  Undefined array key "konversi_t_a" in D:\nial_app\register-ibs\edit.php on line 16
[20-Sep-2023 19:37:08 Asia/Jakarta] PHP Warning:  Undefined array key "konversi_t_a" in D:\nial_app\register-ibs\edit.php on line 16
[20-Sep-2023 19:37:55 Asia/Jakarta] PHP Warning:  Undefined array key "konversi_t_a" in D:\nial_app\register-ibs\edit.php on line 16
[20-Sep-2023 19:38:39 Asia/Jakarta] PHP Warning:  Undefined array key "konversi_t_a" in D:\nial_app\register-ibs\edit.php on line 16
[20-Sep-2023 19:39:26 Asia/Jakarta] PHP Warning:  Undefined array key "konversi_t_a" in D:\nial_app\register-ibs\edit.php on line 16
[20-Sep-2023 19:40:36 Asia/Jakarta] PHP Warning:  Undefined array key "konversi_t_a" in D:\nial_app\register-ibs\edit.php on line 16
[24-Sep-2023 21:06:29 Asia/Jakarta] PHP Warning:  Undefined array key "konversi_t_a" in D:\nial_app\register-ibs\edit.php on line 16
[24-Sep-2023 22:29:39 Asia/Jakarta] PHP Warning:  Undefined array key "konversi_t_a" in D:\nial_app\register-ibs\edit.php on line 16
[24-Sep-2023 23:48:33 Asia/Jakarta] PHP Warning:  Undefined array key "konversi_t_a" in D:\nial_app\register-ibs\edit.php on line 16
[28-Sep-2023 21:47:31 Asia/Jakarta] PHP Warning:  Undefined array key "konversi_t_a" in D:\nial_app\register-ibs\edit.php on line 16
[03-Oct-2023 20:31:11 Asia/Jakarta] PHP Warning:  Undefined array key "konversi_t_a" in D:\nial_app\register-ibs\edit.php on line 16
[03-Oct-2023 20:32:48 Asia/Jakarta] PHP Warning:  Undefined array key "konversi_t_a" in D:\nial_app\register-ibs\edit.php on line 16
[06-Oct-2023 21:21:33 Asia/Jakarta] PHP Warning:  Undefined array key "konversi_t_a" in D:\nial_app\register-ibs\edit.php on line 16
[06-Oct-2023 21:22:09 Asia/Jakarta] PHP Warning:  Undefined array key "konversi_t_a" in D:\nial_app\register-ibs\edit.php on line 16
[08-Oct-2023 22:14:43 Asia/Jakarta] PHP Warning:  Undefined array key "konversi_t_a" in D:\nial_app\register-ibs\edit.php on line 16
[09-Oct-2023 21:15:58 Asia/Jakarta] PHP Warning:  Undefined array key "konversi_t_a" in D:\nial_app\register-ibs\edit.php on line 16
[11-Oct-2023 23:22:00 Asia/Jakarta] PHP Warning:  Undefined array key "konversi_t_a" in D:\nial_app\register-ibs\edit.php on line 16
[18-Oct-2023 13:29:41 Asia/Jakarta] PHP Warning:  Undefined array key "konversi_t_a" in D:\nial_app\register-ibs\edit.php on line 16
[19-Oct-2023 22:33:47 Asia/Jakarta] PHP Warning:  Undefined array key "konversi_t_a" in D:\nial_app\register-ibs\edit.php on line 16
[24-Oct-2023 14:35:53 Asia/Jakarta] PHP Warning:  Undefined array key "konversi_t_a" in D:\nial_app\register-ibs\edit.php on line 16
[26-Oct-2023 20:55:03 Asia/Jakarta] PHP Warning:  Undefined array key "konversi_t_a" in D:\nial_app\register-ibs\edit.php on line 16
[06-Nov-2023 17:34:53 Asia/Jakarta] PHP Warning:  Undefined array key "konversi_t_a" in D:\nial_app\register-ibs\edit.php on line 16
[06-Nov-2023 17:35:32 Asia/Jakarta] PHP Warning:  Undefined array key "konversi_t_a" in D:\nial_app\register-ibs\edit.php on line 16
[06-Nov-2023 17:36:47 Asia/Jakarta] PHP Warning:  Undefined array key "konversi_t_a" in D:\nial_app\register-ibs\edit.php on line 16
[10-Nov-2023 23:12:10 Asia/Jakarta] PHP Warning:  Undefined array key "konversi_t_a" in D:\nial_app\register-ibs\edit.php on line 16
[12-Nov-2023 22:09:43 Asia/Jakarta] PHP Warning:  Undefined array key "konversi_t_a" in D:\nial_app\register-ibs\edit.php on line 16
[12-Nov-2023 22:10:20 Asia/Jakarta] PHP Warning:  Undefined array key "konversi_t_a" in D:\nial_app\register-ibs\edit.php on line 16
[12-Nov-2023 22:11:07 Asia/Jakarta] PHP Warning:  Undefined array key "konversi_t_a" in D:\nial_app\register-ibs\edit.php on line 16
[12-Nov-2023 22:11:47 Asia/Jakarta] PHP Warning:  Undefined array key "konversi_t_a" in D:\nial_app\register-ibs\edit.php on line 16
[21-Nov-2023 12:42:36 Asia/Jakarta] PHP Warning:  Undefined array key "konversi_t_a" in D:\nial_app\register-ibs\edit.php on line 16
[22-Nov-2023 22:28:36 Asia/Jakarta] PHP Warning:  Undefined array key "konversi_t_a" in D:\nial_app\register-ibs\edit.php on line 16
[23-Nov-2023 23:03:00 Asia/Jakarta] PHP Warning:  Undefined array key "konversi_t_a" in D:\nial_app\register-ibs\edit.php on line 16
[25-Nov-2023 21:10:33 Asia/Jakarta] PHP Warning:  Undefined array key "konversi_t_a" in D:\nial_app\register-ibs\edit.php on line 16
[25-Nov-2023 21:23:40 Asia/Jakarta] PHP Warning:  Undefined array key "konversi_t_a" in D:\nial_app\register-ibs\edit.php on line 16
[28-Nov-2023 14:11:11 Asia/Jakarta] PHP Warning:  Undefined array key "konversi_t_a" in D:\nial_app\register-ibs\edit.php on line 16
[01-Dec-2023 09:28:45 Asia/Jakarta] PHP Warning:  Undefined array key "konversi_t_a" in D:\nial_app\register-ibs\edit.php on line 16
[01-Dec-2023 15:50:24 Asia/Jakarta] PHP Warning:  Undefined array key "konversi_t_a" in D:\nial_app\register-ibs\edit.php on line 16
[02-Dec-2023 18:45:54 Asia/Jakarta] PHP Warning:  Undefined array key "konversi_t_a" in D:\nial_app\register-ibs\edit.php on line 16
[02-Dec-2023 18:46:26 Asia/Jakarta] PHP Warning:  Undefined array key "konversi_t_a" in D:\nial_app\register-ibs\edit.php on line 16
[02-Dec-2023 21:19:28 Asia/Jakarta] PHP Warning:  Undefined array key "konversi_t_a" in D:\nial_app\register-ibs\edit.php on line 16
[02-Dec-2023 21:20:31 Asia/Jakarta] PHP Warning:  Undefined array key "konversi_t_a" in D:\nial_app\register-ibs\edit.php on line 16
[06-Dec-2023 21:19:48 Asia/Jakarta] PHP Warning:  Undefined array key "konversi_t_a" in D:\nial_app\register-ibs\edit.php on line 16
[09-Dec-2023 08:59:09 Asia/Jakarta] PHP Warning:  Undefined array key "konversi_t_a" in D:\nial_app\register-ibs\edit.php on line 16
[09-Dec-2023 22:45:20 Asia/Jakarta] PHP Warning:  Undefined array key "konversi_t_a" in D:\nial_app\register-ibs\edit.php on line 16
[09-Dec-2023 22:46:18 Asia/Jakarta] PHP Warning:  Undefined array key "konversi_t_a" in D:\nial_app\register-ibs\edit.php on line 16
[13-Dec-2023 15:06:25 Asia/Jakarta] PHP Warning:  Undefined array key "konversi_t_a" in D:\nial_app\register-ibs\edit.php on line 16
[19-Dec-2023 20:37:41 Asia/Jakarta] PHP Warning:  Undefined array key "konversi_t_a" in D:\nial_app\register-ibs\edit.php on line 16
[19-Dec-2023 23:33:30 Asia/Jakarta] PHP Warning:  Undefined array key "konversi_t_a" in D:\nial_app\register-ibs\edit.php on line 16
[23-Dec-2023 18:53:02 Asia/Jakarta] PHP Warning:  Undefined array key "konversi_t_a" in D:\nial_app\register-ibs\edit.php on line 16
[25-Dec-2023 09:09:33 Asia/Jakarta] PHP Warning:  Undefined array key "konversi_t_a" in D:\nial_app\register-ibs\edit.php on line 16
[27-Dec-2023 15:48:08 Asia/Jakarta] PHP Warning:  Undefined array key "konversi_t_a" in D:\nial_app\register-ibs\edit.php on line 16
[28-Dec-2023 19:17:57 Asia/Jakarta] PHP Warning:  Undefined array key "konversi_t_a" in D:\nial_app\register-ibs\edit.php on line 16
[10-Jan-2024 07:42:20 Asia/Jakarta] PHP Warning:  Undefined array key "konversi_t_a" in D:\nial_app\register-ibs\edit.php on line 16
[10-Jan-2024 07:43:27 Asia/Jakarta] PHP Warning:  Undefined array key "konversi_t_a" in D:\nial_app\register-ibs\edit.php on line 16
[18-Jan-2024 19:41:49 Asia/Jakarta] PHP Warning:  Undefined array key "konversi_t_a" in D:\nial_app\register-ibs\edit.php on line 16
[19-Jan-2024 17:26:02 Asia/Jakarta] PHP Warning:  Undefined array key "konversi_t_a" in D:\nial_app\register-ibs\edit.php on line 16
[24-Jan-2024 15:55:39 Asia/Jakarta] PHP Warning:  Undefined array key "konversi_t_a" in D:\nial_app\register-ibs\edit.php on line 16
[24-Jan-2024 16:16:02 Asia/Jakarta] PHP Warning:  Undefined array key "konversi_t_a" in D:\nial_app\register-ibs\edit.php on line 16
[24-Jan-2024 19:42:13 Asia/Jakarta] PHP Warning:  Undefined array key "konversi_t_a" in D:\nial_app\register-ibs\edit.php on line 16
[25-Jan-2024 19:24:49 Asia/Jakarta] PHP Warning:  Undefined array key "konversi_t_a" in D:\nial_app\register-ibs\edit.php on line 16
[07-Feb-2024 19:29:41 Asia/Jakarta] PHP Warning:  Undefined array key "konversi_t_a" in D:\nial_app\register-ibs\edit.php on line 16
[07-Feb-2024 20:07:35 Asia/Jakarta] PHP Warning:  Undefined array key "konversi_t_a" in D:\nial_app\register-ibs\edit.php on line 16
[08-Feb-2024 20:53:22 Asia/Jakarta] PHP Warning:  Undefined array key "konversi_t_a" in D:\nial_app\register-ibs\edit.php on line 16
[12-Feb-2024 19:19:39 Asia/Jakarta] PHP Warning:  Undefined array key "konversi_t_a" in D:\nial_app\register-ibs\edit.php on line 16
[13-Feb-2024 10:13:50 Asia/Jakarta] PHP Warning:  Undefined array key "konversi_t_a" in D:\nial_app\register-ibs\edit.php on line 16
[13-Feb-2024 13:45:47 Asia/Jakarta] PHP Warning:  Undefined array key "konversi_t_a" in D:\nial_app\register-ibs\edit.php on line 16
[13-Feb-2024 15:28:43 Asia/Jakarta] PHP Warning:  Undefined array key "konversi_t_a" in D:\nial_app\register-ibs\edit.php on line 16
[15-Feb-2024 13:46:22 Asia/Jakarta] PHP Warning:  Undefined array key "konversi_t_a" in D:\nial_app\register-ibs\edit.php on line 16
[16-Feb-2024 15:54:20 Asia/Jakarta] PHP Warning:  Undefined array key "konversi_t_a" in D:\nial_app\register-ibs\edit.php on line 16
[17-Feb-2024 21:15:00 Asia/Jakarta] PHP Warning:  Undefined array key "konversi_t_a" in D:\nial_app\register-ibs\edit.php on line 16
[28-Feb-2024 15:38:00 Asia/Jakarta] PHP Warning:  Undefined array key "konversi_t_a" in D:\nial_app\register-ibs\edit.php on line 16
[05-Mar-2024 14:30:47 Asia/Jakarta] PHP Warning:  Undefined array key "konversi_t_a" in D:\nial_app\register-ibs\edit.php on line 16
[05-Mar-2024 21:36:18 Asia/Jakarta] PHP Warning:  Undefined array key "konversi_t_a" in D:\nial_app\register-ibs\edit.php on line 16
[09-Mar-2024 20:30:54 Asia/Jakarta] PHP Warning:  Undefined array key "konversi_t_a" in D:\nial_app\register-ibs\edit.php on line 16
[10-Mar-2024 22:33:12 Asia/Jakarta] PHP Warning:  Undefined array key "konversi_t_a" in D:\nial_app\register-ibs\edit.php on line 16
[14-Mar-2024 19:17:07 Asia/Jakarta] PHP Warning:  Undefined array key "konversi_t_a" in D:\nial_app\register-ibs\edit.php on line 16
[20-Mar-2024 10:10:08 Asia/Jakarta] PHP Warning:  Undefined array key "konversi_t_a" in D:\nial_app\register-ibs\edit.php on line 16
[20-Mar-2024 10:10:45 Asia/Jakarta] PHP Warning:  Undefined array key "konversi_t_a" in D:\nial_app\register-ibs\edit.php on line 16
[20-Mar-2024 16:16:19 Asia/Jakarta] PHP Warning:  Undefined array key "konversi_t_a" in D:\nial_app\register-ibs\edit.php on line 16
[20-Mar-2024 16:27:04 Asia/Jakarta] PHP Warning:  Undefined array key "konversi_t_a" in D:\nial_app\register-ibs\edit.php on line 16
[23-Mar-2024 21:52:34 Asia/Jakarta] PHP Warning:  Undefined array key "konversi_t_a" in D:\nial_app\register-ibs\edit.php on line 16
[26-Mar-2024 19:59:03 Asia/Jakarta] PHP Warning:  Undefined array key "konversi_t_a" in D:\nial_app\register-ibs\edit.php on line 16
[28-Mar-2024 20:27:43 Asia/Jakarta] PHP Warning:  Undefined array key "konversi_t_a" in D:\nial_app\register-ibs\edit.php on line 16
[28-Mar-2024 20:28:12 Asia/Jakarta] PHP Warning:  Undefined array key "konversi_t_a" in D:\nial_app\register-ibs\edit.php on line 16
[03-Apr-2024 21:25:53 Asia/Jakarta] PHP Warning:  Undefined array key "konversi_t_a" in D:\nial_app\register-ibs\edit.php on line 16
[12-Apr-2024 17:03:22 Asia/Jakarta] PHP Warning:  Undefined array key "konversi_t_a" in D:\nial_app\register-ibs\edit.php on line 16
[18-Apr-2024 16:39:38 Asia/Jakarta] PHP Warning:  Undefined array key "konversi_t_a" in D:\nial_app\register-ibs\edit.php on line 16
[18-Apr-2024 19:15:05 Asia/Jakarta] PHP Warning:  Undefined array key "konversi_t_a" in D:\nial_app\register-ibs\edit.php on line 16
[18-Apr-2024 19:16:02 Asia/Jakarta] PHP Warning:  Undefined array key "konversi_t_a" in D:\nial_app\register-ibs\edit.php on line 16
[19-Apr-2024 15:06:27 Asia/Jakarta] PHP Warning:  Undefined array key "konversi_t_a" in D:\nial_app\register-ibs\edit.php on line 16
[19-Apr-2024 15:07:46 Asia/Jakarta] PHP Warning:  Undefined array key "konversi_t_a" in D:\nial_app\register-ibs\edit.php on line 16
[19-Apr-2024 16:11:36 Asia/Jakarta] PHP Warning:  Undefined array key "konversi_t_a" in D:\nial_app\register-ibs\edit.php on line 16
[25-Apr-2024 18:27:42 Asia/Jakarta] PHP Warning:  Undefined array key "konversi_t_a" in D:\nial_app\register-ibs\edit.php on line 16
[26-Apr-2024 23:14:59 Asia/Jakarta] PHP Warning:  Undefined array key "konversi_t_a" in D:\nial_app\register-ibs\edit.php on line 16
[29-Apr-2024 08:24:27 Asia/Jakarta] PHP Warning:  Undefined array key "konversi_t_a" in D:\nial_app\register-ibs\edit.php on line 16
[29-Apr-2024 13:02:59 Asia/Jakarta] PHP Warning:  Undefined array key "konversi_t_a" in D:\nial_app\register-ibs\edit.php on line 16
[30-Apr-2024 16:55:15 Asia/Jakarta] PHP Warning:  Undefined array key "konversi_t_a" in D:\nial_app\register-ibs\edit.php on line 16
[02-May-2024 18:00:21 Asia/Jakarta] PHP Warning:  Undefined array key "konversi_t_a" in D:\nial_app\register-ibs\edit.php on line 16
[02-May-2024 19:22:36 Asia/Jakarta] PHP Warning:  Undefined array key "konversi_t_a" in D:\nial_app\register-ibs\edit.php on line 16
[02-May-2024 19:35:13 Asia/Jakarta] PHP Warning:  Undefined array key "konversi_t_a" in D:\nial_app\register-ibs\edit.php on line 16
[02-May-2024 21:05:28 Asia/Jakarta] PHP Warning:  Undefined array key "konversi_t_a" in D:\nial_app\register-ibs\edit.php on line 16
[07-May-2024 21:18:49 Asia/Jakarta] PHP Warning:  Undefined array key "konversi_t_a" in D:\nial_app\register-ibs\edit.php on line 16
[07-May-2024 21:32:05 Asia/Jakarta] PHP Warning:  Undefined array key "konversi_t_a" in D:\nial_app\register-ibs\edit.php on line 16
[14-May-2024 19:42:22 Asia/Jakarta] PHP Warning:  Undefined array key "konversi_t_a" in D:\nial_app\register-ibs\edit.php on line 16
[21-May-2024 19:45:35 Asia/Jakarta] PHP Warning:  Undefined array key "konversi_t_a" in D:\nial_app\register-ibs\edit.php on line 16
[25-May-2024 07:09:29 Asia/Jakarta] PHP Warning:  Undefined array key "konversi_t_a" in D:\nial_app\register-ibs\edit.php on line 16
[26-May-2024 09:33:51 Asia/Jakarta] PHP Warning:  Undefined array key "konversi_t_a" in D:\nial_app\register-ibs\edit.php on line 16
[10-Jun-2024 16:18:37 Asia/Jakarta] PHP Warning:  Undefined array key "konversi_t_a" in D:\nial_app\register-ibs\edit.php on line 16
[13-Jun-2024 19:25:00 Asia/Jakarta] PHP Warning:  Undefined array key "konversi_t_a" in D:\nial_app\register-ibs\edit.php on line 16
[15-Jun-2024 21:42:26 Asia/Jakarta] PHP Warning:  Undefined array key "konversi_t_a" in D:\nial_app\register-ibs\edit.php on line 16
[26-Jun-2024 08:53:21 Asia/Jakarta] PHP Warning:  Undefined array key "konversi_t_a" in D:\nial_app\register-ibs\edit.php on line 16
[02-Jul-2024 15:36:27 Asia/Jakarta] PHP Warning:  Undefined array key "konversi_t_a" in D:\nial_app\register-ibs\edit.php on line 16
[02-Jul-2024 15:37:40 Asia/Jakarta] PHP Warning:  Undefined array key "konversi_t_a" in D:\nial_app\register-ibs\edit.php on line 16
[12-Jul-2024 18:37:20 Asia/Jakarta] PHP Warning:  Undefined array key "konversi_t_a" in D:\nial_app\register-ibs\edit.php on line 16
[19-Jul-2024 11:12:49 Asia/Jakarta] PHP Warning:  Undefined array key "konversi_t_a" in D:\nial_app\register-ibs\edit.php on line 16
[22-Jul-2024 09:36:23 Asia/Jakarta] PHP Warning:  Undefined array key "konversi_t_a" in D:\nial_app\register-ibs\edit.php on line 16
[22-Jul-2024 09:37:40 Asia/Jakarta] PHP Warning:  Undefined array key "konversi_t_a" in D:\nial_app\register-ibs\edit.php on line 16
[22-Jul-2024 09:38:31 Asia/Jakarta] PHP Warning:  Undefined array key "konversi_t_a" in D:\nial_app\register-ibs\edit.php on line 16
[28-Jul-2024 21:09:30 Asia/Jakarta] PHP Warning:  Undefined array key "konversi_t_a" in D:\nial_app\register-ibs\edit.php on line 16
[28-Jul-2024 22:30:29 Asia/Jakarta] PHP Warning:  Undefined array key "konversi_t_a" in D:\nial_app\register-ibs\edit.php on line 16
[29-Jul-2024 20:52:34 Asia/Jakarta] PHP Warning:  Undefined array key "konversi_t_a" in D:\nial_app\register-ibs\edit.php on line 16
[06-Aug-2024 19:32:23 Asia/Jakarta] PHP Warning:  Undefined array key "konversi_t_a" in D:\nial_app\register-ibs\edit.php on line 16
[07-Aug-2024 21:16:20 Asia/Jakarta] PHP Warning:  Undefined array key "konversi_t_a" in D:\nial_app\register-ibs\edit.php on line 16
[12-Aug-2024 19:43:49 Asia/Jakarta] PHP Warning:  Undefined array key "konversi_t_a" in D:\nial_app\register-ibs\edit.php on line 16
[12-Aug-2024 19:44:13 Asia/Jakarta] PHP Warning:  Undefined array key "konversi_t_a" in D:\nial_app\register-ibs\edit.php on line 16
[15-Aug-2024 14:50:19 Asia/Jakarta] PHP Warning:  Undefined array key "konversi_t_a" in D:\nial_app\register-ibs\edit.php on line 16
[15-Aug-2024 14:51:11 Asia/Jakarta] PHP Warning:  Undefined array key "konversi_t_a" in D:\nial_app\register-ibs\edit.php on line 16
[15-Aug-2024 14:52:31 Asia/Jakarta] PHP Warning:  Undefined array key "konversi_t_a" in D:\nial_app\register-ibs\edit.php on line 16
[21-Aug-2024 21:11:12 Asia/Jakarta] PHP Warning:  Undefined array key "konversi_t_a" in D:\nial_app\register-ibs\edit.php on line 16
[27-Aug-2024 21:07:20 Asia/Jakarta] PHP Warning:  Undefined array key "konversi_t_a" in D:\nial_app\register-ibs\edit.php on line 16
[29-Aug-2024 18:19:19 Asia/Jakarta] PHP Warning:  Undefined array key "konversi_t_a" in D:\nial_app\register-ibs\edit.php on line 16
[31-Aug-2024 13:48:57 Asia/Jakarta] PHP Warning:  Undefined array key "konversi_t_a" in D:\nial_app\register-ibs\edit.php on line 16
[31-Aug-2024 13:49:37 Asia/Jakarta] PHP Warning:  Undefined array key "konversi_t_a" in D:\nial_app\register-ibs\edit.php on line 16
[03-Sep-2024 18:35:17 Asia/Jakarta] PHP Warning:  Undefined array key "konversi_t_a" in D:\nial_app\register-ibs\edit.php on line 16
[04-Sep-2024 15:36:56 Asia/Jakarta] PHP Warning:  Undefined array key "konversi_t_a" in D:\nial_app\register-ibs\edit.php on line 16
[05-Sep-2024 17:10:24 Asia/Jakarta] PHP Warning:  Undefined array key "konversi_t_a" in D:\nial_app\register-ibs\edit.php on line 16
[09-Sep-2024 09:48:32 Asia/Jakarta] PHP Warning:  Undefined array key "konversi_t_a" in D:\nial_app\register-ibs\edit.php on line 16
[10-Sep-2024 21:28:38 Asia/Jakarta] PHP Warning:  Undefined array key "konversi_t_a" in D:\nial_app\register-ibs\edit.php on line 16
[13-Sep-2024 17:18:16 Asia/Jakarta] PHP Warning:  Undefined array key "konversi_t_a" in D:\nial_app\register-ibs\edit.php on line 16
[13-Sep-2024 17:19:03 Asia/Jakarta] PHP Warning:  Undefined array key "konversi_t_a" in D:\nial_app\register-ibs\edit.php on line 16
[18-Sep-2024 07:43:04 Asia/Jakarta] PHP Warning:  Undefined array key "konversi_t_a" in D:\nial_app\register-ibs\edit.php on line 16
[25-Sep-2024 15:20:24 Asia/Jakarta] PHP Warning:  Undefined array key "konversi_t_a" in D:\nial_app\register-ibs\edit.php on line 16
[25-Sep-2024 16:00:47 Asia/Jakarta] PHP Warning:  Undefined array key "konversi_t_a" in D:\nial_app\register-ibs\edit.php on line 16
[26-Sep-2024 00:38:32 Asia/Jakarta] PHP Warning:  Undefined array key "konversi_t_a" in D:\nial_app\register-ibs\edit.php on line 16
[06-Oct-2024 01:02:39 Asia/Jakarta] PHP Warning:  Undefined array key "konversi_t_a" in D:\nial_app\register-ibs\edit.php on line 16
[07-Oct-2024 14:19:12 Asia/Jakarta] PHP Warning:  Undefined array key "konversi_t_a" in D:\nial_app\register-ibs\edit.php on line 16
[20-Oct-2024 11:41:38 Asia/Jakarta] PHP Warning:  Undefined array key "konversi_t_a" in D:\nial_app\register-ibs\edit.php on line 16
[25-Oct-2024 07:36:31 Asia/Jakarta] PHP Warning:  Undefined array key "konversi_t_a" in D:\nial_app\register-ibs\edit.php on line 16
[25-Oct-2024 07:37:20 Asia/Jakarta] PHP Warning:  Undefined array key "konversi_t_a" in D:\nial_app\register-ibs\edit.php on line 16
[26-Oct-2024 21:11:06 Asia/Jakarta] PHP Warning:  Undefined array key "konversi_t_a" in D:\nial_app\register-ibs\edit.php on line 16
[30-Oct-2024 07:48:47 Asia/Jakarta] PHP Warning:  Undefined array key "konversi_t_a" in D:\nial_app\register-ibs\edit.php on line 16
[30-Oct-2024 07:49:14 Asia/Jakarta] PHP Warning:  Undefined array key "konversi_t_a" in D:\nial_app\register-ibs\edit.php on line 16
[30-Oct-2024 07:49:42 Asia/Jakarta] PHP Warning:  Undefined array key "konversi_t_a" in D:\nial_app\register-ibs\edit.php on line 16
[30-Oct-2024 07:50:38 Asia/Jakarta] PHP Warning:  Undefined array key "konversi_t_a" in D:\nial_app\register-ibs\edit.php on line 16
[30-Oct-2024 07:51:13 Asia/Jakarta] PHP Warning:  Undefined array key "konversi_t_a" in D:\nial_app\register-ibs\edit.php on line 16
[01-Nov-2024 20:30:59 Asia/Jakarta] PHP Warning:  Undefined array key "konversi_t_a" in D:\nial_app\register-ibs\edit.php on line 16
[06-Nov-2024 17:06:00 Asia/Jakarta] PHP Warning:  Undefined array key "konversi_t_a" in D:\nial_app\register-ibs\edit.php on line 16
[07-Nov-2024 20:42:14 Asia/Jakarta] PHP Warning:  Undefined array key "konversi_t_a" in D:\nial_app\register-ibs\edit.php on line 16
[11-Nov-2024 15:24:34 Asia/Jakarta] PHP Warning:  Undefined array key "konversi_t_a" in D:\nial_app\register-ibs\edit.php on line 16
[14-Nov-2024 07:40:52 Asia/Jakarta] PHP Warning:  Undefined array key "konversi_t_a" in D:\nial_app\register-ibs\edit.php on line 16
[15-Nov-2024 23:09:53 Asia/Jakarta] PHP Warning:  Undefined array key "konversi_t_a" in D:\nial_app\register-ibs\edit.php on line 16
[19-Nov-2024 22:47:44 Asia/Jakarta] PHP Warning:  Undefined array key "konversi_t_a" in D:\nial_app\register-ibs\edit.php on line 16
[19-Nov-2024 22:58:55 Asia/Jakarta] PHP Warning:  Undefined array key "konversi_t_a" in D:\nial_app\register-ibs\edit.php on line 16
[21-Nov-2024 21:26:56 Asia/Jakarta] PHP Warning:  Undefined array key "konversi_t_a" in D:\nial_app\register-ibs\edit.php on line 16
[28-Nov-2024 15:44:16 Asia/Jakarta] PHP Warning:  Undefined array key "konversi_t_a" in D:\nial_app\register-ibs\edit.php on line 16
[01-Dec-2024 11:41:22 Asia/Jakarta] PHP Warning:  Undefined array key "konversi_t_a" in D:\nial_app\register-ibs\edit.php on line 16
[01-Dec-2024 11:42:21 Asia/Jakarta] PHP Warning:  Undefined array key "konversi_t_a" in D:\nial_app\register-ibs\edit.php on line 16
[02-Dec-2024 18:28:05 Asia/Jakarta] PHP Warning:  Undefined array key "konversi_t_a" in D:\nial_app\register-ibs\edit.php on line 16
[04-Dec-2024 16:22:14 Asia/Jakarta] PHP Warning:  Undefined array key "konversi_t_a" in D:\nial_app\register-ibs\edit.php on line 16
[04-Dec-2024 21:41:03 Asia/Jakarta] PHP Warning:  Undefined array key "konversi_t_a" in D:\nial_app\register-ibs\edit.php on line 16
[06-Dec-2024 08:05:30 Asia/Jakarta] PHP Warning:  Undefined array key "konversi_t_a" in D:\nial_app\register-ibs\edit.php on line 16
[06-Dec-2024 08:09:08 Asia/Jakarta] PHP Warning:  Undefined array key "konversi_t_a" in D:\nial_app\register-ibs\edit.php on line 16
[06-Dec-2024 15:48:46 Asia/Jakarta] PHP Warning:  Undefined array key "konversi_t_a" in D:\nial_app\register-ibs\edit.php on line 16
[06-Dec-2024 15:51:49 Asia/Jakarta] PHP Warning:  Undefined array key "konversi_t_a" in D:\nial_app\register-ibs\edit.php on line 16
[06-Dec-2024 15:54:50 Asia/Jakarta] PHP Warning:  Undefined array key "konversi_t_a" in D:\nial_app\register-ibs\edit.php on line 16
[06-Dec-2024 15:57:00 Asia/Jakarta] PHP Warning:  Undefined array key "konversi_t_a" in D:\nial_app\register-ibs\edit.php on line 16
[06-Dec-2024 15:59:54 Asia/Jakarta] PHP Warning:  Undefined array key "konversi_t_a" in D:\nial_app\register-ibs\edit.php on line 16
[06-Dec-2024 16:01:36 Asia/Jakarta] PHP Warning:  Undefined array key "konversi_t_a" in D:\nial_app\register-ibs\edit.php on line 16
[06-Dec-2024 16:02:57 Asia/Jakarta] PHP Warning:  Undefined array key "konversi_t_a" in D:\nial_app\register-ibs\edit.php on line 16
[06-Dec-2024 16:06:38 Asia/Jakarta] PHP Warning:  Undefined array key "konversi_t_a" in D:\nial_app\register-ibs\edit.php on line 16
[06-Dec-2024 16:08:44 Asia/Jakarta] PHP Warning:  Undefined array key "konversi_t_a" in D:\nial_app\register-ibs\edit.php on line 16
[06-Dec-2024 16:10:09 Asia/Jakarta] PHP Warning:  Undefined array key "konversi_t_a" in D:\nial_app\register-ibs\edit.php on line 16
[06-Dec-2024 16:14:08 Asia/Jakarta] PHP Warning:  Undefined array key "konversi_t_a" in D:\nial_app\register-ibs\edit.php on line 16
[09-Dec-2024 21:05:15 Asia/Jakarta] PHP Warning:  Undefined array key "konversi_t_a" in D:\nial_app\register-ibs\edit.php on line 16
[10-Dec-2024 10:23:34 Asia/Jakarta] PHP Warning:  Undefined array key "konversi_t_a" in D:\nial_app\register-ibs\edit.php on line 16
[10-Dec-2024 10:28:02 Asia/Jakarta] PHP Warning:  Undefined array key "konversi_t_a" in D:\nial_app\register-ibs\edit.php on line 16
[10-Dec-2024 13:32:35 Asia/Jakarta] PHP Warning:  Undefined array key "konversi_t_a" in D:\nial_app\register-ibs\edit.php on line 16
[13-Dec-2024 10:57:14 Asia/Jakarta] PHP Warning:  Undefined array key "konversi_t_a" in D:\nial_app\register-ibs\edit.php on line 16
[18-Dec-2024 07:38:07 Asia/Jakarta] PHP Warning:  Undefined array key "konversi_t_a" in D:\nial_app\register-ibs\edit.php on line 16
[19-Dec-2024 16:30:27 Asia/Jakarta] PHP Warning:  Undefined array key "konversi_t_a" in D:\nial_app\register-ibs\edit.php on line 16
[19-Dec-2024 18:02:08 Asia/Jakarta] PHP Warning:  Undefined array key "konversi_t_a" in D:\nial_app\register-ibs\edit.php on line 16
[19-Dec-2024 18:06:39 Asia/Jakarta] PHP Warning:  Undefined array key "konversi_t_a" in D:\nial_app\register-ibs\edit.php on line 16
[20-Dec-2024 10:33:05 Asia/Jakarta] PHP Warning:  Undefined array key "konversi_t_a" in D:\nial_app\register-ibs\edit.php on line 16
[20-Dec-2024 10:33:43 Asia/Jakarta] PHP Warning:  Undefined array key "konversi_t_a" in D:\nial_app\register-ibs\edit.php on line 16
[20-Dec-2024 10:36:21 Asia/Jakarta] PHP Warning:  Undefined array key "konversi_t_a" in D:\nial_app\register-ibs\edit.php on line 16
[20-Dec-2024 10:36:59 Asia/Jakarta] PHP Warning:  Undefined array key "konversi_t_a" in D:\nial_app\register-ibs\edit.php on line 16
[24-Dec-2024 13:16:16 Asia/Jakarta] PHP Warning:  Undefined array key "konversi_t_a" in D:\nial_app\register-ibs\edit.php on line 16
[29-Dec-2024 12:11:15 Asia/Jakarta] PHP Warning:  Undefined array key "konversi_t_a" in D:\nial_app\register-ibs\edit.php on line 16
[30-Dec-2024 15:26:19 Asia/Jakarta] PHP Warning:  Undefined array key "konversi_t_a" in D:\nial_app\register-ibs\edit.php on line 16
[30-Dec-2024 15:27:24 Asia/Jakarta] PHP Warning:  Undefined array key "konversi_t_a" in D:\nial_app\register-ibs\edit.php on line 16
[30-Dec-2024 15:27:59 Asia/Jakarta] PHP Warning:  Undefined array key "konversi_t_a" in D:\nial_app\register-ibs\edit.php on line 16
[30-Dec-2024 15:29:30 Asia/Jakarta] PHP Warning:  Undefined array key "konversi_t_a" in D:\nial_app\register-ibs\edit.php on line 16
[30-Dec-2024 15:35:27 Asia/Jakarta] PHP Warning:  Undefined array key "konversi_t_a" in D:\nial_app\register-ibs\edit.php on line 16
[30-Dec-2024 15:56:42 Asia/Jakarta] PHP Warning:  Undefined array key "konversi_t_a" in D:\nial_app\register-ibs\edit.php on line 16
[30-Dec-2024 16:11:40 Asia/Jakarta] PHP Warning:  Undefined array key "konversi_t_a" in D:\nial_app\register-ibs\edit.php on line 16
[30-Dec-2024 16:26:01 Asia/Jakarta] PHP Warning:  Undefined array key "konversi_t_a" in D:\nial_app\register-ibs\edit.php on line 16
[30-Dec-2024 18:03:29 Asia/Jakarta] PHP Warning:  Undefined array key "konversi_t_a" in D:\nial_app\register-ibs\edit.php on line 16
[30-Dec-2024 18:23:29 Asia/Jakarta] PHP Warning:  Undefined array key "konversi_t_a" in D:\nial_app\register-ibs\edit.php on line 16
[30-Dec-2024 18:44:25 Asia/Jakarta] PHP Warning:  Undefined array key "konversi_t_a" in D:\nial_app\register-ibs\edit.php on line 16
[31-Dec-2024 17:44:08 Asia/Jakarta] PHP Warning:  Undefined array key "konversi_t_a" in D:\nial_app\register-ibs\edit.php on line 16
[01-Jan-2025 15:27:38 Asia/Jakarta] PHP Warning:  Undefined array key "konversi_t_a" in D:\nial_app\register-ibs\edit.php on line 16
[02-Jan-2025 13:52:10 Asia/Jakarta] PHP Warning:  Undefined array key "konversi_t_a" in D:\nial_app\register-ibs\edit.php on line 16
[02-Jan-2025 13:53:06 Asia/Jakarta] PHP Warning:  Undefined array key "konversi_t_a" in D:\nial_app\register-ibs\edit.php on line 16
[02-Jan-2025 13:53:54 Asia/Jakarta] PHP Warning:  Undefined array key "konversi_t_a" in D:\nial_app\register-ibs\edit.php on line 16
[02-Jan-2025 21:55:26 Asia/Jakarta] PHP Warning:  Undefined array key "konversi_t_a" in D:\nial_app\register-ibs\edit.php on line 16
